name,tax_id,irs_name,street_address,city,state,zip,affiliation,website,advertises_apr,facebook,twitter,youtube,instagram,tiktok,donor_website,other_names
REAL LIFE PREGNANCY CENTER - ALBERTVILLE,63-1024595,Real Life Ministries,"104 West Alabama Ave, Suite F",Albertville,AL,35950,Care Net,http://www.reallifecpc.org/ No,,https://www.facebook.com/RealLifeCrisisPregnancyCenter/,,,,,,
SAV-A-LIFE OF TALLAPOOSA COUNTY,58-1942114,Ramah Ministries Inc,5 Lee St,Alexander City,AL,35010,Care Net,https://savalifealexcity.com/ No,,https://www.facebook.com/savalifeoftallapoosacounty/,,https://www.instagram.com/savalifeofac/,,,,
FAMILY HOPE CENTER,63-1067569,Sav A Life Of Covington County Inc,116 Crescent St,Andalusia,AL,36420,Care Net,https://www.pregnancyctr.com/ No,,https://www.facebook.com/savalifefhc/,,,,,,Family Hope Center
HOPE FAMILY SERVICES - ANNISTON,63-0857147,Sav A Life Inc,1412 Leighton Ave,Anniston,AL,36207,Heartbeat International,https://hopefamilyservices.com/ Yes,,https://www.facebook.com/hopefamilyservicescalhouncounty/,,https://www.instagram.com/hope_famhilyttspesr:v//iscuepsp/orthopefamilyservices.com/Sav-A-Life,,,,Calhoun County
WOMEN'S RESOURCE CENTER,58-2198150,Sav A Life Of Limestone County Inc,727 West Market St,Athens,AL,35612,Care Net,https://wrcathens.org/ No,,https://www.facebook.com/hattthpesn:/s/tAwLitcteern.cteorm//athensalcenter,,https://www.instagram.com/athenswrc/?hl=en,,,,
WOMEN'S RESOURCE CENTER OF ESCAMBIA,63-0950926,Sav A Life Escambia County Inc,204 South Pensacola Ave,Atmore,AL,36502,Care Net,http://www.wrcescambia.com/ Yes,,https://www.facebook.com/p/Sav-A-Life-Escambia-County-Alabama-100063589719662/,,,,,,
WOMEN'S HOPE MEDICAL CLINIC,63-0842475,Womens Hope Medical Clinic Inc,832 Stage Rd,Auburn,AL,36830,"Care Net, Heartbeat International",http://womenshope.org/ No,,https://www.facebook.com/WomensHopeMedicalClinic/,,https://www.instagram.com/whauburn/,,,,
WOMEN'S CARE MEDICAL CENTER - BAY MINETTE,58-1905858,Womens Care Medical Center Inc,1800 Hand Ave,Bay Minette,AL,36507,"Care Net, Heartbeat International",http://www.womenscaremedicalcenter.org/ Yes,,https://www.facebook.com/WomensCareMedicalCenter,,https://www.instagram.com/womenscaremedicalcenter/,,,,
ALABAMA PREGNANCY & FAMILY CENTER - CRESTWOOD,87-2563991,Alabama Pregnancy Test Center,"1449 Medical Park South, Suite 300",Birmingham,AL,35213,"Care Net, Heartbeat International",https://alabamapregnancyfamilycenter.com/ Yes,,https://www.facebook.com/AlabamaPregnancyTestCenter,,https://www.instagram.com/ptc_birmingham/,,,,
ALABAMA PREGNANCY & FAMILY CENTER - VESTAVIA,63-0963150,Sav A Life Inc,1480 McGuire Rd,Birmingham,AL,35216,"Care Net, Heartbeat International",https://alabamapregnancyfamilycenter.com/ Yes,,https://www.facebook.com/AlabamaPregnancyTestCenter,,https://www.instagram.com/ptc_birmingham/,,,,
HER CHOICE BIRMINGHAM WOMEN'S CENTER,63-1278420,Her Choice Birmingham Inc,2120 7th Ave South,Birmingham,AL,35233,Heartbeat International,http://herchoicebirmingham.org/ Yes,,https://www.facebook.com/herchoicebhm,,,,,,
POSITIVE CHOICES PREGNANCY CENTER,63-1030129,Positive Choices,"700 Huffman Rd, Suite 310 A",Birmingham,AL,35235,Heartbeat International,https://pregnancybirmingham.com/ Yes,,https://www.facebook.com/people/Positive-Choices/100064773064180/,,,,,,
SAV-A-LIFE WOMEN'S LIFE CENTER - BRUNDIDGE,63-0926089,Save-A-Life Troy,104 Gilmore Rd,Brundidge,AL,36010,,,,,,,,,,
CARE NET CHILTON,72-1598399,Care Net Pregnancy Resource Center Of Chilton County,5 Village Square,Clanton,AL,35045,"Care Net, Heartbeat International, NIFLA",https://carenetchilton.org/ Yes,,https://www.facebook.com/carenetchiltoncounty,,,,,https://friendsofcarenetchilton.org/,
ANN'S NEW LIFE CENTER - CROPWELL,26-0897066,Anns New Life Center for Women,"3440 Martin St South, Suite 1",Cropwell,AL,35054,,https://annsnewlifecenter.com/ Yes,,https://www.facebook.com/AnnsNewLifeCenter/,,,,,,
SAV-A-LIFE PREGNANCY RESOURCE CENTER,63-0992822,Sav-A-Life Tennessee Valley,801 Bradley St SW,Decatur,AL,35601,Care Net,https://www.decaturpregnancy.com/ No,,https://www.facebook.com/SavALifePregnancyCenter.DecaturAL/?,,,,,,
THE LIGHTHOUSE WOMEN'S CENTER,63-1022007,The Lighthouse Women's Center Inc.,"549 U.S. HWY 80 West, Suite 2",Demopolis,AL,36732,Care Net,https://lighthousewomenscenter.com/ No,,https://www.facebook.com/westalsavalife,,https://www.instagram.com/lighthouse.womens.center,,,,
WIREGRASS HOPE GROUP,63-0858322,Wiregrass Hope Group Inc,171 Westgate Pkwy,Dothan,AL,36303,Care Net,http://wiregrasshope.com/ Yes,,https://www.facebook.com/WiregrassHopePregnancyCenter,,https://www.instagram.com/wiregrasshopepregnancycenter/,,,,
WIREGRASS EMERGENCY PREGNANCY SERVICE,23-7433834,Wiregrass Emergency Pregnancy Service,442 Glover Ave,Enterprise,AL,36330,Heartbeat International,https://wepsenterprise.com/ Yes,,https://www.facebook.com/WEPS4LIFE,,,,,https://friends.wepsenterprise.com/,
THE PREGNANCY RESOURCE CENTER,631287026,Crisis Pregnancy Resource Center Inc.,604 South Eufaula Ave,Eufaula,AL,36027,Care Net,https://prceufaula.com Yes,,https://www.facebook.com/PRCEufaula/,,,,,,CRISIS PREGNANCY CENTER OF BARBOUR COUNTY
WOMEN'S CARE MEDICAL CENTER - FAIRHOPE,58-1905858,Womens Care Medical Center Inc,8720 Fairhope Ave,Fairhope,AL,36532,"Care Net, Heartbeat International",http://www.womenscaremedicalcenter.org/ Yes,,https://www.facebook.com/WomensCareMedicalCenter,,https://www.instagram.com/womenscaremedicalcenter/,,,,
HOPE'S CHOICE OF ALABAMA,45-3706396,Hopes Choice,1031 Temple Ave North,Fayette,AL,35555,Care Net,http://hopeschoiceofalabama.com/ No,,https://www.facebook.com/Hopes-Choice-158213150955321/,,,,,,
SHOALS WOMEN'S CLINIC,63-1132468,Shoals Sav A Life Inc,2201 Cloyd Blvd,Florence,AL,35630,Care Net,https://shoalswomensclinic.com/ Yes,,https://www.facebook.com/hsthtposa:l/s/tswaivttaelrif.ec/om/SavhAttLpisfe:/7/w4w00w6.4yo0utube.comht/tupsse:/r//wSwhowa.ilnsSstaavgAraLmife.com/shoalssavhatltifpes/://www.ssal.life/,,,,,,
WOMEN'S CARE CENTER,58-2034681,Womens Care Center,107 4th St SW,Fort Payne,AL,35967,Care Net,https://caredekalb.org/ No,,https://www.facebook.com/Womens-Care-CenterSav-A-Life-of-DeKalb-Co-Inc-104316526963/,,,,,,
ALABAMA PREGNANCY & FAMILY CENTER - FULTONDALE,87-2563991,Alabama Pregnancy Test Center,1209 Decatur Hwy,Fultondale,AL,35068,"Care Net, Heartbeat International",https://alabamapregnancytestcenter.com/ Yes,,https://www.facebook.com/AlabamaPregnancyTestCenter,,https://www.instagram.com/alabamapfc/,,,,North Jefferson Women's Center
WOMEN'S CARE MEDICAL CENTER - GULF SHORES,58-1905858,Womens Care Medical Center Inc,3757 Gulf Shores Pkwy,Gulf Shores,AL,36542,"Care Net, Heartbeat International",http://www.womenscaremedicalcenter.org/ Yes,,https://www.facebook.com/WomensCareMedicalCenter,,https://www.instagram.com/womenscaremedicalcenter/,,,,
REAL LIFE PREGNANCY CENTER - GUNTERSVILLE,63-1024595,Real Life Ministries,"1939 Patterson St, Suite 101",Guntersville,AL,35976,Care Net,http://www.reallifecpc.org/ No,,https://www.facebook.com/RealLifeCrisisPregnancyCenter/,,,,,,
FIRST SOURCE FOR WOMEN,20-5659416,The First Source For Women Inc,203 Commercial St NE,Hanceville,AL,35077,Heartbeat International,https://firstsourceforwomen.org/ No,,https://www.facebook.com/firstsourcecullman,,https://www.instagram.com/firstsourcecullman/,,,,
PREGNANCY RESOURCE CENTER HUEYTOWN,63-0895952,Sav A Life Bessemer Alabama Inc,2719 19th St North,Hueytown,AL,35023,Care Net,https://www.prchueytown.com/ Yes,,https://www.facebook.com/p/Pregnancy-Resource-Center-HueytownBessemer-100091943660767/,,,,,http://www.savalifebessemer.org/,
HUNTSVILLE PREGNANCY RESOURCE CENTER,63-0825378,Choose Life Of North Alabama Inc,220 Rands Ave SE,Huntsville,AL,35801,"Care Net, Heartbeat International",https://huntsvilleprc.org/ Yes,,https://www.facebook.com/hHttupnst:s//vtiwlleitptetcr./com/huntsvilleprc,,https://www.instagram.com/huntsvilleprc,,,,
ALPHA HEALTH NETWORK - JACKSON,63-1072822,Alpha Womens Resource Center Inc,6479 Hwy 43 North,Jackson,AL,36545,"Care Net, Heartbeat International",https://alphahealthnetwork.com/ Yes,,https://www.facebook.com/people/Alpha-Womens-Resource-Page/1000h8t2tp9s2:5//3w9w6w54.i5n/stagram.com/alphawrcjahcttkpsso:/n/a/lpha-wrc.com/,,,,,,
HOPE FAMILY SERVICES - JACKSONVILLE,63-0857147,Sav A Life Inc,721 Mountain St NW,Jacksonville,AL,36265,Heartbeat International,https://hopefamilyservices.com/ Yes,,https://www.facebook.com/hopefamilyservicescalhouncounty/,,https://www.instagram.com/hope_famhilyttspesr:v//iscuepsp/orthopefamilyservices.com/,,,,
PREGNANCY TEST AND RESOURCE CENTER,63-1045733,Masters Plan Ministries Inc,600 20th Ave East,Jasper,AL,35501,"Care Net, Heartbeat International",https://ptrcjasperal.org/ No,,https://www.facebook.com/ptrcjasperal,,https://www.instagram.com/ptrcjasperal/,,,,
"SAV-A-LIFE OF LANETT VALLEY, INC.",63-0937959,Sav A Life Lanett Valley Inc,711 North 4th Ave,Lanett,AL,36863,"Care Net, Heartbeat International",http://lanettpregnancy.org/ Yes,,https://www.facebook.com/Savalifelanett,,https://www.instagram.com/savalifeal/,,,,
ANN'S NEW LIFE CENTER - LEEDS,26-0897066,Anns New Life Center for Women,1312 7th St NE,Leeds,AL,35094,,https://annsnewlifecenter.com/ Yes,,https://www.facebook.com/AnnsNewLifeCenter/,,,,,,
2B CHOICES FOR WOMEN,63-0627699,Catholic Social Services,188 South Florida St,Mobile,AL,36606,Archdiocese of Mobile,https://catholicsocialservices.org/2b-choices-for-women No,,https://www.facebook.com/2BChoices,,,,,,
WOMEN'S RESOURCE CENTER - MOBILE,63-0892496,Womens Resource Center,718 Downtowner Loop West,Mobile,AL,36609,"Care Net, Heartbeat International",http://www.wrcmobile.org/ Yes,,https://www.facebook.com/WRCMobile,,https://www.instagram.com/wrc_mobile/,,,,
ALPHA HEALTH NETWORK - MONROEVILLE,63-1072822,Alpha Womens Resource Center Inc,"1530 South Alabama Ave, Suite 4",Monroeville,AL,36460,"Care Net, Heartbeat International",https://alphahealthnetwork.com/ Yes,,https://www.facebook.com/people/Alpha-Womens-Resource-Page/1000h8t2tp9s2:5//3w9w6w54.i5n/stagram.com/alphawrcjahcttkpsso:/n/a/lpha-wrc.com/,,,,,,
COPE PREGNANCY CENTER,63-0828551,Counseling Outreach Pregnancy Emergency Inc Term,2158 Madison Ave,Montgomery,AL,36107,Heartbeat International,https://www.pregnancymontgomery.org/ Yes,,https://www.facebook.com/pregnancymontgomery,,,,,,
FIRST CHOICE WOMEN'S MEDICAL CENTER - EAST,63-0830699,First Choice Womens Medical Center Inc,380 Mendel Pkwy East,Montgomery,AL,36107,"Care Net, Heartbeat International",https://firstchoicemontgomery.com/ No,,https://www.facebook.com/FirstChoiceWMC/,,https://www.instagram.com/firstchoice_mgm/,,,,
FIRST CHOICE WOMEN'S MEDICAL CENTER - SOUTH,63-0830699,First Choice Womens Medical Center Inc,2019 Normandie Dr,Montgomery,AL,36111,"Care Net, Heartbeat International",https://firstchoicemontgomery.com/ No,,https://www.facebook.com/FirstChoiceWMC/,,https://www.instagram.com/firstchoice_mgm/,,,,
NEW DAY WOMEN'S CENTER,63-0922831,Sav A Life Of Tuscaloosa Inc,4300 Hwy 69 North,Northport,AL,35473,,https://newdaywomens.org/ No,,https://www.facebook.com/ChoicesPregnancyTuscaloosa/,,,,,,
BLOUNT COUNTY SAV-A-LIFE,63-1162905,Blount County Save A Life Inc,311 1st Ave East,Oneonta,AL,35121,Care Net,http://www.bcsavalife.com/ No,,https://www.facebook.com/Blount-County-Sav-A-Life-102494459804263/,,,,,,
DALE COUNTY PREGNANCY CENTER,63-1242508,Sav A Life Of Dale County Inc,1892 Andrews Ave,Ozark,AL,36361,Care Net,https://www.dalecountypregnancycenter.com No,,https://www.facebook.com/SaveaLifeOzark,,,,,,
SAV-A-LIFE SHELBY,63-1249465,Sav A Life Shelby Inc,3156 Pelham Pkwy,Pelham,AL,35124,"Care Net, Heartbeat International",https://savalifeshelby.org/ No,,https://www.facebook.com/savalifeshelby,,,,,,Women First Pregnancy Center
RIVER REGION PREGNANCY CENTER,63-1044523,River Region Pregnancy Center,150 1st St,Prattville,AL,36067,"Care Net, Heartbeat International",https://rrpregnancycenter.org/ Yes,,https://www.facebook.com/AmIPregnantRRPC/,,,,,,
MARY'S HAVEN PREGNANCY & FAMILY RESOURCE CENTER,83-3618830,St Joseph Parish Prattville,511 North Memorial Dr,Prattville,AL,36067,St. Joseph Church,https://www.stjosephprattville.org/mary-s-haven No,,https://www.facebook.com/MarysHaven,,,,,,
ETOWAH PREGNANCY TESTING CENTER,63-0865809,Etowah Pregnancy Testing Center Inc,119 Church St,Rainbow City,AL,35906,"Care Net, Heartbeat International",http://www.lovethemboth.org/ No,,https://www.facebook.com/etowahptc/,,,,,,
WOMEN'S CARE MEDICAL CENTER - ROBERTSDALE,58-1905858,Womens Care Medical Center Inc,18555 Carolina St,Robertsdale,AL,36567,"Care Net, Heartbeat International",http://www.womenscaremedicalcenter.org/ Yes,,https://www.facebook.com/WomensCareMedicalCenter,,https://www.instagram.com/womenscaremedicalcenter/,,,,
WOMEN'S RESOURCE CENTER - SARALAND,63-0892496,Womens Resource Center,611 Norton Ave,Saraland,AL,36571,"Care Net, Heartbeat International",http://wrcmobile.org/ Yes,,https://www.facebook.com/WRCMobile,,https://www.instagram.com/wrc_mobile/,,,,
TURNING POINT PREGNANCY CENTER,20-8779909,Turning Point Pregnancy Center Inc,510 Harley St,Scottsboro,AL,35768,"Care Net, Heartbeat International",https://www.turningpointpregnancycenter.com/ Yes,,https://www.facebook.com/TurningPointPC/,,,,,,
SAFE HARBOR WOMEN'S MEDICAL CLINIC,91-2020280,Selma Dallas County Sav A Life Inc An Alabama Non Profit Corporation,408 Dallas Ave,Selma,AL,36701,,http://safeharborwmc.org/ No,,,,,,,,
WOMEN'S RESOURCE CENTER - SEMMES,63-0892496,Womens Resource Center,4276 McCrary Rd,Semmes,AL,36575,"Care Net, Heartbeat International",http://www.wrcmobile.org/ Yes,,https://www.facebook.com/WRCMobile,,https://www.instagram.com/wrc_mobile/,,,,
PREGNANCY CARE CENTER,63-1239251,St Clair County Save A Life Inc,5389 US Hwy 11,Springville,AL,35146,Care Net,https://yourpregnancyhelp.com/ No,,https://www.facebook.com/elmorecountypregnancycenter/,,,,,,
RESOURCES FOR WOMEN,81-0548081,Coosa Valley Resources For Women Inc,201 West Fort Williams St,Sylacauga,AL,35150,Care Net,https://www.resources4women.com/ No,,https://www.facebook.com/Resources4WomenSylacauga,,,,,,
LIFE CHOICE PREGNANCY CENTER,26-0101590,Tallassee Lifechoice Pregnancy Center,403 James St,Tallassee,AL,36078,Care Net,http://www.lifechoicepregnancy.com/ No,,,,,,,,
SAV-A-LIFE WOMEN'S LIFE CENTER - TROY,63-0926089,Save-A-Life Troy,523 South 3 Notch St,Troy,AL,36081,Care Net,https://pregnancyhelp-troy-al.com/ Yes,,https://www.facebook.com/SavALifeTroy,,,,,,
FIRST CHOICE WOMEN'S MEDICAL CENTER - ELMORE COUNTY,63-1095007,Elmore County Pregnancy Center,104 Company St,Wetumpka,AL,36092,Care Net,https://firstchoicemontgomery.com/ No,,https://www.facebook.com/FirstChoiceWMC,,https://www.instagram.com/firstchoice_mgm/,,,,First Choice Elmore County
COMMUNITY PREGNANCY CENTER,92-0100206,"Crisis Pregnancy Center, Inc.",4231 Lake Otis Pkwy,Anchorage,AK,99508,"Care Net, Heartbeat International",http://www.cpcanchorage.com/ No,,https://www.facebook.com/cpcanchorage/,,https://www.instagram.com/communityhpttrpesg:/n/farniecnydcseonftceprcaakn/chorage.com/,,,,
HEART TO HEART PREGNANCY & FAMILY RESOURCE CENTER,92-0174635,Pregnancy Resource Center,"16941 North Eagle River Loop Rd, Suite 2",Eagle River,AK,99577,Care Net,http://www.h2hprc.org/ No,,https://www.facebook.com/HearttoHeartPRC/,,https://www.instagram.com/hearttoheartak/,,,,
FYNDOUT FREE PREGNANCY CENTER,92-0132239,Fyndout Free Pregnancy Center,4474 Pikes Landing Rd,Fairbanks,AK,99709,,https://fyndoutfree.com/ No,,https://www.facebook.com/FyndoutFreePregnancyCenter/,,https://www.instagram.com/fyndout_free,,,,
WATER'S EDGE PREGNANCY CARE CENTER,92-0115549,Pregnancy Care Center Of Homer,3896 Bartlett St,Homer,AK,99603,Care Net,https://www.watersedgepregnancycare.org/ Yes,,https://www.facebook.com/Waters-Edge-A-Family-Resource-Center-218637701514702/,,,,,,
JUNEAU PREGNANCY RESOURCE CENTER,83-1005857,Juneau Pregnancy Resource Center,9040 Glacier Hwy,Juneau,AK,99801,Heartbeat International,https://www.juneaupregnancyresource.org/ Yes,,https://www.facebook.com/JuneauPRC/,,https://www.instagram.com/juneauprc/,,,,
ABC LIFE CHOICES,920113488,ABC PREGNANCY CARE CENTER,501 Frontage Rd,Kenai,AK,99611,Care Net,https://www.abclifechoices.org Yes,,https://www.facebook.com/people/ABC-Life-Choices/100084150186374/,,,,,https://friendsofabc.org/,
SITKA PREGNANCY CENTER,47-1102227,Sitka Pregnancy Center,"180 Price St, Suite 25",Sitka,AK,99835,Heartbeat International,https://www.sitkapregnancycenter.org/ No,,https://www.facebook.com/Sitka-Pregnancy-Center-1396803657000453/,,,,,,
HEARTREACH CENTER,92-0115423,HeartReach Center,865 South Seward Meridian Pkwy,Wasilla,AK,99654,"Care Net, Heartbeat International",https://heartreachalaska.com/ Yes,,https://www.facebook.com/heartreachalaska,,https://www.instagram.com/heartreachhattkp/s://www.friendsofheartreach.com/,,,,
HOPE WOMEN'S CENTER - APACHE JUNCTION,86-0668354,Hope Women's Center Inc.,252 North Ironwood Dr,Apache Junction,AZ,85117,,https://hopewomenscenter.org/ No,,https://www.facebook.com/HopeWomensCenterApacheJunction/,,https://www.instagram.com/hopewomehnttspcse:/n/hteorp/ewomenscenter.org/give-now/,,,,
CHOICES PREGNANCY CENTER - BUCKEYE MOBILE,86-0536082,Choices Pregnancy Centers of Greater Phoenix Inc,302 North Fourth St,Buckeye,AZ,85326,Heartbeat International,http://choicesaz.com/ Yes,,https://www.facebook.com/hcthtposic:/e/tswaiztt/er.com/Chohitctpess:A//Zwww.youtube.com/user/ABCSministries,,,,,,
CHOICES PREGNANCY CENTER - CASA GRANDE MOBILE,86-0536082,Choices Pregnancy Centers of Greater Phoenix Inc,1100 East Trinity Place,Casa Grande,AZ,85122,Heartbeat International,http://choicesaz.com/ Yes,,https://www.facebook.com/hcthtposic:/e/tswaiztt/er.com/Chohitctpess:A//Zwww.youtube.com/user/ABCSministries,,,,,,
PREGNANCY CARE CENTER OF CHANDLER,20-3820132,Pregnancy Care Center of Chandler,"590 North Alma School Rd, Suite 130",Chandler,AZ,85224,Care Net,http://pccchandler.com/ Yes,,https://www.facebook.com/PCCChandler/,,https://www.instagram.com/pccchandler/,,,,
LIFE PREGNANCY CENTER,86-0521084,Word of Life Assembly of God,"448 North Hwy 89, Suite C",Chino Valley,AZ,86323,Word of Life Assembly of God,https://lifepregnancycv.com/ No,,https://www.facebook.com/lprccv/?,,https://www.instagram.com/pregnancyhctetpnst:e//rg_icvheibnuotvtearll.ecyo/m/lprc-donate,,,,
HOPE WOMEN'S CENTER - COOLIDGE,86-0668354,Hope Women's Center Inc.,2020 South 9th St,Coolidge,AZ,85128,,https://hopewomenscenter.org/coolidge-center/ No,,https://www.facebook.com/HopeWomensCenterCoolidge/,,https://www.instagram.com/hopewomehnttspcse:/n/hteorp/ewomenscenter.org/give-now/,,,,
HOUSE OF RUTH PREGNANCY CARE CENTER,86-0806114,House of Ruth Pregnancy Care Center Inc.,1198 East Mingus Ave,Cottonwood,AZ,86326,Heartbeat International,https://www.houseofruthpregnancy.com/ No,,https://www.facebook.com/houseofruthpregnancy/,,,,,https://gyve.io/give/houseofruth,
HOPE PREGNANCY RESOURCE CENTER,86-0334186,Hope Crisis Pregnancy Center,224 South Kendrick St,Flagstaff,AZ,86001,Heartbeat International,http://hopeprc.net/ Yes,,https://www.facebook.com/hHttoppse:/C/trwisititser.com/resource_hope,,https://www.instagram.com/hopeprc/https://www.myegiving.com/app/giving/eGiving-151757,,,,
CHOICES PREGNANCY CENTER - GLENDALE,86-0536082,Choices Pregnancy Centers of Greater Phoenix Inc,10555 North 58th Dr,Glendale,AZ,85302,Heartbeat International,http://choicesaz.com/ Yes,,https://www.facebook.com/hcthtposic:/e/tswaiztt/er.com/ChoicesAZ,,https://www.instagram.com/hopeprc/,,,,
ADVICE AND AID PREGNANCY CENTER,30-0081868,Advice and Aid Pregnancy Center,2975 Northern Ave,Kingman,AZ,86409,,https://www.pregnancyadviceaid.org/ No,,,,,,,https://www.paypal.com/donate?token=MxAwd8viQsejt,uasnTdr IAEiddM POreegDn8annecvy4 PWroXbdlceXme CweXnFt7eorTBSxwJ2Vb2HYZU67VNeTckpa_fv_KKjOnKTgL44JKeRjAd
LAKE HAVASU CITY PREGNANCY CARE,94-2833940,Pregnancy Care Inc.,"500 North Lake Havasu Ave, Suite B104",Lake Havasu City,AZ,86403,,https://www.lakehavasupregnancycare.com/ No,,,,,,,,
HOPE WOMEN'S CENTER - MARICOPA,86-0668354,Hope Women's Center Inc.,45978 West McDavid Rd,Maricopa,AZ,85139,,https://hopewomenscenter.org/ No,,https://www.facebook.com/hopewomenscentermaricopa/,,https://www.instagram.com/hopewomehnttspcse:/n/hteorp/ewomenscenter.org/give-now/,,,,
CHOICES PREGNANCY CENTER - MESA,86-0536082,Choices Pregnancy Centers of Greater Phoenix Inc,"3155 East Southern Ave, 2nd Floor",Mesa,AZ,85204,Heartbeat International,http://choicesaz.com/ Yes,,https://www.facebook.com/hcthtposic:/e/tswaiztt/er.com/Chohitctpess:A//Zwww.youtube.com/user/ABCSministries,,,,,,
NEW LIFE PREGNANCY CENTER - MESA,86-1159311,New Life Pregnancy Center,819 South MacDonald,Mesa,AZ,85210,Arizona Baptist Children's Services,https://newlifepregnancy.com/ No,,https://www.facebook.com/hntltppcsA:/Z/t/witter.com/nlpchattzps://www.youtube.comht/tupsse:/r//wAwBwC.Sinmsitnaigsrtarimes.com/ABCSministries/,,,,,,
NEW BEGINNINGS PREGNANCY & PARENTING CENTER,86-0750164,New Beginnings Christian Care Inc.,111 East Frontier St,Payson,AZ,85541,Heartbeat International,https://newbeginningspayson.org/ Yes,,https://www.facebook.com/NewBeginningsPayson/,,,,,,Christian Helplines Inc
HOPE WOMEN'S CENTER - PHOENIX,86-0668354,Hope Women's Center Inc.,1640 East McDowell Rd,Phoenix,AZ,85006,,https://hopewomenscenter.org/ No,,https://www.facebook.com/hopewomenscenterphoenix/,,https://www.instagram.com/hopewomenscenter/,,,,
PHOENIX WOMEN'S CLINICS - WEST PHOENIX,86-0840425,Life Choices Women's Clinic,3516 West McDowell Rd,Phoenix,AZ,85009,Heartbeat International,https://phoenixwomensclinic.com/ Yes,,https://www.facebook.com/womensclinic/,,,,,,
CHOICES HOPE CENTER,86-0536082,Choices Pregnancy Centers of Greater Phoenix Inc,"5757 North Central Ave, Building B",Phoenix,AZ,85012,Heartbeat International,http://choicesaz.com/ Yes,,https://www.facebook.com/hcthtposic:/e/tswaiztt/er.com/Chohitctpess:A//Zwww.youtube.com/user/ABCSministries,,,,,,
ALPHA PREGNANCY RESOURCE CENTER,86-0545519,Alpha Pregnancy Counseling Center Inc.,3040 North 7th Ave,Phoenix,AZ,85013,"Wisconsin Evangelical Lutheran Synod, Christian Life Resources",https://www.alphacenterphx.org/ No,,https://www.facebook.com/alphacenteraz/,,,,,,
CHOICES PREGNANCY CENTER - PHOENIX,86-0536082,Choices Pregnancy Centers of Greater Phoenix Inc,1907 West Camelback Rd,Phoenix,AZ,85015,Heartbeat International,https://www.choicesaz.com/ Yes,,https://www.facebook.com/hcthtposic:/e/tswaiztt/er.com/Chohitctpess:A//Zwww.youtube.com/user/ABCSministries,,,,,,
FIRST WAY PREGNANCY CENTER,23-7216073,First Way Pregnancy Center,3501 North 16th St,Phoenix,AZ,85016,Heartbeat International,1stway.net No,,https://www.facebook.com/1stWayCenter,,,,,https://1stwaydonor.net/,
HOPE WOMEN'S CENTER - WEST PHOENIX,86-0668354,Hope Women's Center Inc.,"5608 North 27th Ave, Suite 11",Phoenix,AZ,85017,,https://hopewomenscenter.org/ No,,https://www.facebook.com/hopewomenscenterphoenix,,https://www.instagram.com/hopewomenscenter/,,,,
PHOENIX WOMEN'S CLINICS - 7TH ST,86-0840424,Life Choices Women's Clinic,8326 North 7th St,Phoenix,AZ,85020,Heartbeat International,https://phoenixwomensclinic.com/ Yes,,https://www.facebook.com/womensclinic/,,,,,,
WITH CHILD CENTER,74-2378359,With Child Ltd,"2625 East Greenway Pkwy, Suite 104",Phoenix,AZ,85032,,https://www.withchildcenter.org/ No,,,,,,,,
NEW LIFE PREGNANCY CENTER - PHOENIX SOUTH,86-1159311,New Life Pregnancy Center,1431 East Southern Ave,Phoenix,AZ,85040,Arizona Baptist Children's Services,https://newlifepregnancy.com/ No,,https://www.facebook.com/hntltppcsA:/Z/x.com/nlpcAZ,,https://www.instagram.com/nlpcAZ/,,,,
AID TO WOMEN CENTER - SOUTH PHOENIX,86-0528953,Aid to Women Center,7625 South 24th St,Phoenix,AZ,85042,Heartbeat International,http://aidtowomencenter.org/ Yes,,https://www.facebook.com/aidtowomencenter/,,,,,,
NEW LIFE PREGNANCY CENTER - PHOENIX,86-1159311,New Life Pregnancy Center,2632 West Augusta Ave,Phoenix,AZ,85051,Arizona Baptist Children's Services,https://newlifepregnancy.com/ No,,https://www.facebook.com/hntltppcsA:/Z/t/witter.com/Chohitctpess:A//Zwww.youtube.comht/tupsse:/r//wAwBwC.Sinmsitnaigsrtarimes.com/ABCSministries/,,,,,,
LIFE CONNECTIONS,84-2044064,Life Connections Pregnancy Resource and Referral,7875 East Florentine Rd,Prescott Valley,AZ,86314,Heartbeat International,https://lifeconnectionsrr.com/ Yes,,https://www.facebook.com/lifeconnectionspregnancy/,,,,,,
COMMUNITY PREGNANCY CENTER,86-0576260,L I F E Ministries Inc,1124 East Gurley St,Prescott,AZ,86301,"Care Net, Heartbeat International",https://www.options-az.com/ No,,https://www.facebook.com/cpcprescott?,,https://www.instagram.com/cpcprescohttt/tps://cpcprescott.org/,,,,
HOPE WOMEN'S CENTER - NORTHERN ARIZONA,86-0668354,Hope Women's Center Inc.,580 Brewer Rd,Sedona,AZ,86336,,https://hopewomenscenter.org/ No,,https://www.facebook.com/hopewomenscenterphoenix,,https://www.instagram.com/hopewomenscenter/,,,,
NEW HOPE PREGNANCY RESOURCE CENTER - SHOW LOW,93-4134617,New Hope Pregnancy Resource Centers,"2500 East Cooley St, Suite 408",Show Low,AZ,85901,,https://newhopepregnancycenters.org/ Yes,,https://www.facebook.com/LivingHopeCentersAZ,,,,,https://newhope.team/,Living Hope Centers
NEW LIFE PREGNANCY CENTER - SHOW LOW,86-1159311,New Life Pregnancy Center,700 North Central Ave,Show Low,AZ,85901,Arizona Baptist Children's Services,https://newlifepregnancy.com/ No,,https://www.facebook.com/hntltppcsA:/Z/x.com/nlpcAZ,,https://www.instagram.com/nlpcAZ/,,,,
CARE NET PREGNANCY CENTER OF COCHISE COUNTY,86-0532060,Care Net Pregnancy Center of Cochise County,1197 East Fry Blvd,Sierra Vista,AZ,85635,Care Net,https://carenetsv.com/ No,,https://www.facebook.com/Care,NetCochiseCounty,,,,,
NEW HOPE PREGNANCY RESOURCE CENTER - SPRINGERVILLE,93-4134617,New Hope Pregnancy Resource Centers,109 North C St,Springerville,AZ,85938,,https://newhopepregnancycenters.org/ Yes,,https://www.facebook.com/LivingHopeCentersAZ,,,,,https://newhope.team/,Living Hope Centers
CHOICES PREGNANCY CENTER - TEMPE MOBILE,86-0536082,Choices Pregnancy Centers of Greater Phoenix Inc,1034 South Mill Ave,Tempe,AZ,85281,Heartbeat International,http://choicesaz.com/ Yes,,https://www.facebook.com/hcthtposic:/e/tswaiztt/er.com/Chohitctpess:A//Zwww.youtube.com/user/ABCSministries,,,,,,
AID TO WOMEN CENTER- APACHE,86-0528953,Aid to Women Center,1328 East Apache Blvd,Tempe,AZ,85281,Heartbeat International,http://aidtowomencenter.org/ Yes,,https://www.facebook.com/aidtowomencenter/,,,,,,
NEW LIFE PREGNANCY CENTER - TEMPE,86-1159311,New Life Pregnancy Center,1001 East Southern Ave,Tempe,AZ,85282,Arizona Baptist Children's Services,http://www.newlifepregnancy.com No,,https://www.facebook.com/hntltppcsA:/Z/t/witter.com/Chohitctpess:A//Zwww.youtube.comht/tupsse:/r//wAwBwC.Sinmsitnaigsrtarimes.com/ABCSministries/,,,,,,
HOPE WOMEN'S CENTER - SOUTH PHOENIX,86-0668354,Hope Women's Center Inc.,"8363 West Van Buren, Suite D-4",Tolleson,AZ,85353,,https://hopewomenscenter.org/ No,,https://www.facebook.com/hopewomenscenterphoenix,,https://www.instagram.com/hopewomenscenter/,,,,
NEW LIFE PREGNANCY CENTER - TUCSON,86-1159311,New Life Pregnancy Center,1779 North Alvernon Way,Tucson,AZ,85712,Arizona Baptist Children's Services,http://www.newlifepregnancy.com No,,https://www.facebook.com/hntltppcsA:/Z/t/witter.com/Chohitctpess:A//Zwww.youtube.comht/tupsse:/r//wAwBwC.Sinmsitnaigsrtarimes.com/ABCSministries/,,,,,,
HANDS OF HOPE TUCSON,94-2750922,Hands of Hope Tucson,"5240 East Knight Dr, Suite 122",Tucson,AZ,85719,Heartbeat International,https://www.handsofhopetucson.com/ Yes,,https://www.facebook.com/HandsofHopeClinic,,https://www.instagram.com/handsofhopetucson,,,,Hands of Hope Clinic
REACHOUT WOMEN'S CENTER,86-6086733,Reachout Inc.,2648 North Campbell Ave,Tucson,AZ,85719,Heartbeat International,http://reachoutwomenscenter.com/ No,,https://www.facebook.com/hRttepasc:/h/towuittWtero.mcoemn/si/Cfleohnwttt/eplors/g:/i/nw?wrewd.iyreocutt_uabfete.cr_olmog/uins=e%r/R2eFarecahcohuotWutowmomenesnCenter,,,,,,
NEW HOPE PREGNANCY RESOURCE CENTER - WHITERIVER,93-4134617,New Hope Pregnancy Resource Centers,1107 South Maverick Ave,Whiteriver,AZ,85941,,https://newhopepregnancycenters.org/ Yes,,https://www.facebook.com/LivingHopeCentersAZ,,,,,https://newhope.team/,Living Hope Centers
NEW LIFE PREGNANCY CENTER - YUMA,86-1159311,New Life Pregnancy Center,1545 South Ave C,Yuma,AZ,85364,Arizona Baptist Children's Services,http://www.newlifepregnancy.com No,,https://www.facebook.com/hntltppcsA:/Z/t/witter.com/Chohitctpess:A//Zwww.youtube.comht/tupsse:/r//wAwBwC.Sinmsitnaigsrtarimes.com/ABCSministries/,,,,,,
PREGNANCY RESOURCE CENTER FOR SOUTHWEST ARKANSAS,36-4717745,Pregnancy Resource Center for Southwest Arkansas,702 Carpenter St,Arkadelphia,AR,71923,Heartbeat International,http://www.arkadelphiapregnancy.com/ No,,https://www.facebook.com/PregnancyResourceCenterForSouthwestArkahnttspass://www.instagram.com/pregnancyresourcear/,,,,,,
ALPHA CENTER,71-0561196,The Alpha Center,194 West Main St,Batesville,AR,72501,"Care Net, Heartbeat International",https://alphacenterbatesville.org/ Yes,,https://www.facebook.com/mychoiceclinic,,https://www.instaghrtatpms.:c//owmw/wal.ptihkatocke.nctoemrb/@ateaslpvhillaec/enterbatesville,,,,
OPTIONS PREGNANCY CENTER - BEEBE,71-0850660,Cabot Crisis Pregnancy Center,400 West Center St,Beebe,AR,72012,Heartbeat International,http://www.optionspc.org/ Yes,,,,https://www.instagram.com/opc4you/https://www.opcdonor.org/,,,,
NEW BEGINNINGS PREGNANCY CENTER,87-3828228,New Beginnings Pregnancy Center Saline County,120 South Conrad St,Benton,AR,72015,Heartbeat International,http://www.nbpregnancy.com/ Yes,,https://www.facebook.com/NewBeginningsPregnancyCenterBentonAR/https://www.instagram.com/newbeginningssalineco/,,,,,,
ACTS OF HOPE PREGNANCY CARE CENTER,46-2734498,Acts of Hope,525 North 10th St,Blytheville,AR,72315,Heartbeat International,http://www.actsofhopeprc.com/ Yes,,https://www.facebook.com/actsofhope/,,https://www.instagram.com/actsofhopeprc/,,,,
OPTIONS PREGNANCY CENTER - CABOT,71-0850660,Cabot Crisis Pregnancy Center,401 South 2nd St,Cabot,AR,72023,Heartbeat International,http://www.optionspc.org/ Yes,,,,https://www.instagram.com/opc4you/https://www.opcdonor.org/,,,,
THE HANNAH CENTER - CAMDEN,71-0828606,South Arkansas Caring Pregnancy Center,126 East Washington St,Camden,AR,71701,Heartbeat International,https://thehannahcenter.com/ Yes,,https://www.facebook.com/HannahPRC/,,https://www.instagram.com/the.hannah.center/,,,,
CLARKSVILLE PREGNANCY HELP CLINIC,58-1647586,Pregnancy Help Clinic,102 North Johnson St,Clarksville,AR,72830,Heartbeat International,https://clarksvillephc.org/ Yes,,https://www.facebook.com/ClarksvillePregnancyHelpClinic/,,,,,,
LIFE CHOICES,71-0591771,Life Choices / Conway Pregnancy Problem Center,1330 South Donaghey Ave,Conway,AR,72034,Care Net,https://www.lifechoicesinc.org/ Yes,,https://www.facebook.com/lifechoicesar/,,,,,,
LIFE CHOICES,16-1646572,Life Choices Pregnancy Care Center,111 Pine St,Crossett,AR,71635,Heartbeat International,https://www.lifechoicesar.com/ No,,,,,,,,
THE HANNAH CENTER - EL DORADO,71-0828606,South Arkansas Caring Pregnancy Center,"101 West Main St, Suite 200",El Dorado,AR,71730,Heartbeat International,https://thehannahcenter.com/ Yes,,https://www.facebook.com/HannahPRC/,,https://www.instagram.com/the.hannah.center/,,,,
LOVING CHOICES PREGNANCY CENTERS - FAYETTEVILLE,58-1813130,Loving Choices Pregnancy Centers of Nwa,"275 South Duncan Ave, Suite B",Fayetteville,AR,72701,Heartbeat International,http://www.lovingchoices.org/ No,,https://www.facebook.com/lovingchoices,https://www.instagram.com/lovingchoicesnwa/,,,,,
HEART TO HEART PREGNANCY & FAMILY CARE CENTER,71-0696728,Heart To Heart Pregnancy Support Center,417 South 16th St,Fort Smith,AR,72901,Heartbeat International,https://hearttoheartpfcc.org/ Yes,,https://www.facebook.com/Heart2HeartPFCC,,https://www.instagram.com/heart2heartpfcc/,,,,
1ST CHOICE PREGNANCY MEDICAL CENTER,58-1899081,1st Choice Pregnancy Medical Center,4622 Grand Ave,Fort Smith,AR,72904,"Care Net, Heartbeat International",https://www.1stchoicefortsmith.com/ Yes,,https://www.facebook.com/1stChoicePregnancy,,https://www.instagram.com/1stchoicefhotrttpssm:/i/twh/ww.1stchoicefortsmith.com/support,,,,
INFORMED CHOICES WOMEN'S CENTER - HARRISON,20-4760276,Informed Choices Women's Center of the Ozarks,715 West Sherman,Harrison,AR,72601,"Care Net, Heartbeat International",https://informedchoiceswomenscenter.org/ No,,www.facebook.com/informedchoiceswomenscenter.org/,,,,,,
NEW BEGINNINGS PREGNANCY HELP CENTER,71-0830500,New Beginnings Pregnancy Help Center,1438 Hwy 62/412,Highland,AR,72512,Care Net,http://pregnantnowwhat.org/ Yes,,https://www.facebook.com/NewBeginningsHelpCenter/?,,,,,https://friendsofnewbeginnings.com/,
CHANGE POINT PREGNANCY CARE AND PARENTING CENTER,85-1157814,Changepoint Pregnancy Care and Parenting Center,201 Nickels St,Hot Springs,AR,71913,Heartbeat International,http://changepointcenter.com/ No,,https://www.facebook.com/ChangePointPregnancyAndParentinCenter/,,,,,,
OPTIONS PREGNANCY CENTER - JACKSONVILLE,71-0850660,Cabot Crisis Pregnancy Center,1409 Madden Rd,Jacksonville,AR,72076,Heartbeat International,http://www.optionspc.org/ Yes,,,,https://www.instagram.com/opc4you/https://www.opcdonor.org/,,,,
OPTIONS ON MAIN - JONESBORO,71-0537808,Options On Main a Pregnancy Resource Center Inc.,527 West Washington Ave,Jonesboro,AR,72401,Care Net,https://www.optionsonmain.com/ Yes,,https://www.facebook.com/optionsonmain/,,https://www.instagram.com/optionsonmain/,,,,
BIRTHRIGHT OF ARKANSAS,71-0499939,Birthright of Greater Little Rock,804 North University Ave,Little Rock,AR,72205,Birthright International,https://www.birthrightarkansas.com/ No,,,,,,,,
CARING HEARTS PREGNANCY CENTER - LITTLE ROCK,58-1795647,Caring Hearts Pregnancy Center,1515 Aldersgate Dr,Little Rock,AR,72205,"Heartbeat International, AAPLOG",https://chpregnancy.org/ Yes,,https://www.facebook.com/hcthtppsre:/g/tnwaitntecry..coormg/caringheartspc,,https://www.instagram.com/caringheartspregnancycenter/,,,,
BETHANY CHRISTIAN SERVICES - LITTLE ROCK,,,"1100 North University Ave, Suite 137",Little Rock,AR,72207,Bethany Christian Services,https://bethany.org/locations/us/arkansas/little-rock No,,,,,,,,
ARKANSAS PREGNANCY RESOURCE CENTER,,,"2 Office Park Dr, Suite 101",Little Rock,AR,72211,Heartbeat International,http://www.pregnancylittlerock.com/ Yes,,https://www.facebook.com/arpregnancy/,,https://www.instagram.com/ARPregnancy/,,,,
THE HANNAH CENTER - MAGNOLIA,71-0828606,South Arkansas Caring Pregnancy Center,216 West Union St,Magnolia,AR,71753,Heartbeat International,https://thehannahcenter.com/ Yes,,https://www.facebook.com/HannahPRC/,,https://www.instagram.com/the.hannah.center/,,,,
FRESH START PREGNANCY RESOURCE CENTER,26-4519272,Fresh Start Pregnancy Resource Center,306 9th St,Mena,AR,71953,Care Net,No,,https://www.facebook.com/hfrtetpssh:s//ttawrittptercr.com/freshstartprc,,https://www.instagram.com/freshstartprc/,,,,
HOPE PLACE MONTICELLO,,,224 South Main St,Monticello,AR,71655,,http://www.hopeplacemonticello.com/ No,,https://www.facebook.com/HopePlaceMonticello,,https://www.instagram.com/hopeplacemonticello/,,,,
ABUNDANT LIFE PREGNANCY RESOURCE CENTER,56-2554623,Abundant Life Pregnancy Resource,1306 North Oak St,Morrillton,AR,72110,Heartbeat International,http://www.abundantlifeprc.org/ No,,https://www.facebook.com/ALPRC/?,,,,,,
INFORMED CHOICES WOMEN'S CENTER - MOUNTAIN HOME,20-4760276,Informed Choices Women's Center of the Ozarks,312 East 3rd St,Mountain Home,AR,72653,"Care Net, Heartbeat International",https://informedchoiceswomenscenter.org/ No,,https://www.facebook.com/informedchoiceswomenscenter.org/,,https://www.instagram.com/informed_choices_womens_center/,,,,
CARING HEARTS PREGNANCY CENTER - NORTH LITTLE ROCK,58-1795647,Caring Hearts Pregnancy Center,2003 Fendley Dr,North Little Rock,AR,72114,"Heartbeat International, AAPLOG",http://www.caringheartspregnancy.org/ Yes,,https://www.facebook.com/hcthtppsre:/g/tnwaitntecry..coormg/caringheartspc,,https://www.instagram.com/caringheartspregnancycenter/,,,,
OPTIONS ON MAIN - PARAGOULD,71-0537808,Options On Main a Pregnancy Resource Center Inc.,1001 Lindwood Dr,Paragould,AR,72450,Care Net,https://www.optionsonmain.com/ Yes,,https://www.facebook.com/optionsonmain/,,https://www.instagram.com/optionsonmain/,,,,
HOPE OF THE DELTA - PINE BLUFF,,,3905 South Hazel St,Pine Bluff,AR,71601,Care Net,https://hopeofthedelta.org/ No,,https://www.facebook.com/hopeofthedelta/,https://www.youtube.comht/tcphsa:/n/wnewl/wU.Cin-sst8azgfrbaVmY.cEo_ml_/dthsiXnkrfyJokut5mQaybepregnant/,,,,,
LOVING CHOICES PREGNANCY CENTERS - ROGERS,58-1813130,Loving Choices Pregnancy Centers of Nwa,"3610 West Southern Hills Blvd, Suite B",Rogers,AR,72756,Heartbeat International,http://www.lovingchoices.org/ No,,,,,,,,
CHOICECARE,58-2035622,Choices Pregnancy Resource Clinic,911 West B St,Russellville,AR,72801,"Care Net, NIFLA",http://www.choicesprc.org/ Yes,,,,,,,,
FRIENDS FOR LIFE PREGNANCY CENTER,71-0801323,Friends for Life Inc.,914 East Race Ave,Searcy,AR,72143,"Care Net, Heartbeat International",http://www.fflmedical.com/ No,,https://www.facebook.com/friendsforlifeprc/,,,,,,
CHOICES PREGNANCY SERVICES,71-0828524,New Beginnings Pregnancy Services,809 South Mount Olive St,Siloam Springs,AR,72761,Heartbeat International,http://www.choicespregnancynwa.com/ Yes,,,,,,,,
LOVING CHOICES PREGNANCY CENTERS - SPRINGDALE,58-1813130,Loving Choices Pregnancy Centers of Nwa,"804 South Pleasant St, Suite A",Springdale,AR,72764,Heartbeat International,https://lovingchoices.org/ No,,https://www.facebook.com/lovingchoices,,https://www.instagram.com/lovingchoicesnwa/,,,,
HOPE OF THE DELTA - STUTTGART,,,2009 North Buerkle St,Stuttgart,AR,72160,Care Net,https://hopeofthedelta.org/ No,,,,,,,,
HOPEPLACE WARREN,90-1040424,Hopeplace Warren,212 West Central St,Warren,AR,71671,Heartbeat International,https://www.hopeplacewarren.com/ No,,https://www.facebook.com/hopeplacewarren,,,,,,
OPTIONS ON MAIN - WEST MEMPHIS,71-0537808,Options On Main a Pregnancy Resource Center Inc.,308 South Rhodes St,West Memphis,AR,72301,Care Net,https://www.optionsonmain.com/ Yes,,https://www.facebook.com/optionsonmain/,,https://www.instagram.com/optionsonmain/,,,,
OBRIA MEDICAL CLINIC - PASADENA,33-0150193,Obria Medical Clinics,902-904 East Main St,Alhambra,CA,91801,Obria Medical Clinics,https://obria.org/los-angeles/clinic/pasadena-ca/ Yes,,,,,,,,
HORIZON PREGNANCY CLINIC - ANAHEIM MOBILE,75-3132920,Horizon Pregnancy Center,226 North Helena St,Anaheim,CA,92805,"Care Net, Heartbeat International",http://www.horizonpc.org/ No,,https://www.facebook.com/hhtotprisz:o//ntwpcitter.com/Horizonpc,,,,,,
CALAVERAS PREGNANCY CENTER,27-0096294,Calaveras Pregnancy Center,"575 Stanislaus Ave, Suite A",Angels Camp,CA,95222,Care Net,https://calaveraspregnancycenter.org/ No,,https://www.facebook.com/cdohope/,,,,,,
TREE OF LIFE PREGNANCY SUPPORT CENTER - ATASCADERO,77-0056612,Tree of Life Pregnancy Support Center,"7730 Morro Rd, Suite 106",Atascadero,CA,93422,Care Net,http://www.treeoflifepsc.com/ No,,https://www.facebook.com/treeoflifepsc,,https://www.instagram.com/treeoflifepregnancycarecenter/,,,,
BAKERSFIELD PREGNANCY CENTER -DOWNTOWN,77-0024688,Bakersfield Crisis Pregnancy Center,1801 18th St,Bakersfield,CA,93301,Care Net,http://www.wehelpyou.org/ Yes,,https://www.facebook.com/hbtatpkse:r/s/tfwieiltdteprr.ecgonma/nBcaykcPernetgeCrenter,,https://www.instagram.com/bakersfieldhpttrpesg:/n/bapnccpy/artners.org/,,,,
BAKERSFIELD PREGNANCY CENTER - STOCKDALE,77-0024688,Bakersfield Crisis Pregnancy Center,"9900 Stockdale Hwy, Suite 109",Bakersfield,CA,93311,Care Net,http://www.wehelpyou.org/ Yes,,https://www.facebook.com/hbtatpkse:r/s/tfwieiltdteprr.ecgonma/nBcaykcPernetgeCrenter,,https://www.instagram.com/bakersfieldhpttrpesg:/n/bapnccpy/artners.org/,,,,
BARSTOW PREGNANCY CENTER,33-1053609,Barstow Pregnancy Center,521 East Williams St,Barstow,CA,92311,,No,,https://www.facebook.com/BarstowPregnancyCenter/,,://www.instagram.com/barstowpregnancycenter,,,,
WOMEN'S RESOURCE CLINIC,68-0382716,Womens Resource Clinic,115 West 2nd Ave,Chico,CA,95926,Heartbeat International,https://www.womensresourceclinic.org/ No,,https://www.facebook.com/Womens-Resource-Clinic-134223569935367https://www.instagram.com/pregtestchico/,,,,,,
TRINITY PREGNANCY RESOURCE CENTER,26-2805962,Trinity Pregnancy Resource Center,305 Trinity Ave,Chowchilla,CA,93610,Care Net,https://www.trinitypregnancy.com/ No,,https://www.facebook.com/trinitypregnancy,,,,,,
REAL CHOICES CHULA VISTA,33-0451695,Silent Voices,"355 K St, Suite H",Chula Vista,CA,91911,Heartbeat International,https://realchoiceschulavista.com/ Yes,,https://www.facebook.com/realchoicescv/,,https://www.instagram.com/realchoicehstctpvs/?:/h/sl=ileenntvoices.org/,,,,
WOMEN'S PREGNANCY CARE CLINIC - COMPTON,95-4305452,Whittier Pregnancy Care Clinic,2817 North Wilmington Ave,Compton,CA,90222,Obria Medical Clinics,https://www.obriala.org/ Yes,,,,https://www.instagram.com/obria_la/,,,,Obria Medical Clinics
BIRTHRIGHT OF CONCORD,23-7331226,Birthright of Walnut Creek,3106 Clayton Rd,Concord,CA,94519,Birthright International,https://birthright.org/Concord/ No,,,,,,,,
ZOI,33-0899908,Corona Life Services,"623 North Main St, Suite D11",Corona,CA,92880,Heartbeat International,https://www.meetzoi.com/ No,,https://www.facebook.com/hctotprosn:/a/tlwifeitsteerr.vciocmes/CorhotntpasL:/if/ewSwvwc.youtube.comht/t@psC:/o/wrownwa.LinifsetSaegrrvaimce.csoZmO/Imeetzoi,,,,,,Zoi
PREGNANCY CARE CENTER OF CRESCENT CITY,68-0156701,Pcc Connection,110 West Washington Blvd,Crescent City,CA,95531,Heartbeat International,https://optionsforpregnancy.com/free-clinic/the-pregnancy-cYaerse-center-of-crescent-city/,,,,,,,,
MOUNTAIN PREGNANCY CENTER,47-2449697,Mountain Pregnancy Center,461 South Dart Canyon Rd,Crestline,CA,92325,Heartbeat International,http://mtnpregnancy.org/ Yes,,https://www.facebook.com/realized.hope,,,,,,
DAWNINGS PREGNANCY RESOURCE CENTER,27-3209573,Dawnings Pregnancy Resource Center of Dinuba,682 South 1st Ave,Dinuba,CA,93618,Heartbeat International,http://www.dawningsprc.com/ No,,https://www.facebook.com/Dawningsprc/,,,,,,
FOOTHILLS PREGNANCY RESOURCE CENTER,91-2148733,Crisis Pregnancy Center of Monrovia,"924 Buena Vista St, Suite 202",Duarte,CA,91010,"Heartbeat International, Save the Storks",http://www.foothillsprc.org/ Yes,,https://www.facebook.com/FoothillsPRC/,https://www.youtube.comht/tcphsa:/n/wnewl/wU.CinBstWagOravmJ7.5coqmJe/cfoiSoZthvil4lsrC_pErhe6gQna/fnecaytu/red,,,,,
REAL HOPE CENTER,26-3963434,Real Hope Center,"548 West Main St, Suite B",El Centro,CA,92243,Heartbeat International,http://www.elcentropregnancy.org/ Yes,,,,,,,,
BIRTH CHOICE EL CENTRO,,"Birth Choice of Imperial Valley, Inc.","1561 South 4th St, Suite B",El Centro,CA,92243,"The National Life Center, Inc.",https://birthchoice.net/el-centro-center No,,https://www.facebook.com/BirthChoiceImperialValley/,,,,,,
ALTERNATIVES MEDICAL CLINIC,33-0665548,Alternatives Medical Clinic,257 East 2nd Ave,Escondido,CA,92025,,https://amc-ca.com/ No,,https://www.facebook.com/alternativesmedicalclinic,,https://www.instagram.com/alternatives.ca/,,,,
COLFS MEDICAL CLINIC - ESCONDIDO,91-2169315,Culture Of Life Family Services,"362 West Mission Ave, Suite 105",Escondido,CA,92025,Heartbeat International,https://colfsclinic.org/ Yes,,https://www.facebook.com/colfs.sd/,,https://www.instagram.com/colfssd/,,,,
ALTERNATIVES PARENTING CENTER,33-0665548,Alternatives Medical Clinic,231 South Juniper St,Escondido,CA,92026,,https://amc-ca.com/ No,,https://www.facebook.com/alternativesmedicalclinic,,https://www.instagram.com/alternatives.ca/,,,,
J. ROPHE MEDICAL,,,1626 Myrtle Ave,Eureka,CA,95501,Care Net,https://www.jrophemedical.org/ No,,https://www.facebook.com/JRopheMedical,,,,,,
PREGNANCY CARE CENTER OF THE NORTH COAST,68-0310798,Pregnancy Care Center Of The North Coast,"721 7th St, Suite A",Eureka,CA,95501,Care Net,https://pcceureka.wordpress.com/ No,,https://www.facebook.com/people/Pregnancy-Care-Center-of-the-North-Coast/100064666482410/,,,,,,
HOPE CLINIC FOR WOMEN,20-3550588,Hope Clinic For Women,125 East Hawthorne St,Fallbrook,CA,92028,Heartbeat International,https://www.hopefallbrook.com/ Yes,,https://www.facebook.com/hhtotpmse:/o/tnwhitatewrt.hcoormn/eh/opefallbrook,,https://www.instagram.com/hopeclinicforwomen/,,,,
ASSURE PREGNANCY CLINIC,33-0482936,Alternate Aves Womens Resource Center,"17057 Foothill Blvd, Suite 204",Fontana,CA,92335,Heartbeat International,http://www.assurepregnancy.org/ Yes,,https://www.facebook.com/AssurePregnancyClinic/,,https://www.instagram.com/assure_life/,,,,
BETHANY CHRISTIAN SERVICES - FRESNO,,,"2610 West Shaw Ln, Suite 103",Fresno,CA,93711,Bethany Christian Services,https://bethany.org/locations/us/california/fresno No,,,,,,,,
PREGNANCY CARE CENTER - MAPLE,77-0027015,Central Valley Crisis Pregnancy,"7005 North Maple Ave, Suite 101B",Fresno,CA,93720,Care Net,http://pregnancycarecenter.com/ Yes,,https://www.facebook.com/pregnancycarecenterfresno/,,https://www.instagram.com/pregnancycarecenterfresno/,,,,
PREGNANCY CARE CENTER - TOWER DISTRICT,77-0027015,Central Valley Crisis Pregnancy,1127 East Olive Ave,Fresno,CA,93728,Care Net,http://pregnancycarecenter.com/ Yes,,https://www.facebook.com/pregnancycarecenterfresno/,,https://www.instagram.com/pregnancycarecenterfresno/,,,,
INFORMED CHOICES,77-0236159,Informed Choices,"66 1st St, Suite A",Gilroy,CA,95020,Heartbeat International,http://www.informed-choices.org/ Yes,,https://www.facebook.com/info.informedchoices/,,https://www.instagram.com/informedchoices/,,,,
AVENUES PREGNANCY CLINIC,95-4087667,Aves Pregnancy Clinic,1911 West Glenoaks Blvd,Glendale,CA,91201,"Care Net, Heartbeat International",https://avenuespregnancyclinic.com/ Yes,,,,,,,,
LIVINGWELL MEDICAL CLINIC,68-0081566,Livingwell Medical Clinic,105 Catherine Lane,Grass Valley,CA,95945,"Care Net, Heartbeat International",http://livingwellmedicalclinic.com/ Yes,,https://www.facebook.com/hLtitvpins:g//WtweitlltMere.cdoicma/lLCilvininicg/WellMC,,https://www.instagram.com/livingwellmedicalclinic/,,,,
CARING FOR WOMEN PREGNANCY RESOURCE CENTER-GRIDLEY,94-3049472,Caring for Women Pregnancy Resource Center,"50 East Gridley Rd, Suite A",Gridley,CA,95948,Heartbeat International,https://caringforwomencenter.org/ No,,https://www.facebook.com/CaringforWomenCenter/,,https://www.instagram.com/caringforwomencenter/,,,,
LIFELINE PREGNANCY CENTER,77-0398749,Lifeline Pregnancy Center,"200 South 13th St, Suite 105",Grover Beach,CA,93433,Care Net,http://lifelinepregnancycenter.org/ Yes,,https://www.facebook.com/www.lifelinepregnancycenter.org,,https://www.instagram.com/lifeline_groverbeach/,,,,
CROSSROADS PREGNANCY CENTER,77-0028769,Crossroads Pregnancy Center,"206 West Lacey Blvd, Suite A",Hanford,CA,93230,Heartbeat International,https://www.crossroadscpc.com/ Yes,,https://www.facebook.com/crossRoadspregnancycenterHanford,,https://www.instagram.com/crossRoadscpc/,,,,
BIRTH CHOICE OF HEMET,33-0302353,Birth Choice Centers Inc.,535 East Florida Ave,Hemet,CA,92543,,https://birthchoicecenters.org/ Yes,,https://www.facebook.com/birthchoicecenters/,,https://www.instagram.com/birthchoicetemecula/,,,,
CALL FOR LIFE PREGNANCY HELP CENTER,33-1053628,International Life Services Inc,"15800 Main St, Suite 240",Hesperia,CA,92345,,https://call-4-life.com/ No,,https://www.facebook.com/callforlifehd/,,,,,,
HORIZON PREGNANCY CLINIC - HUNTINGTON BEACH,75-3132920,Horizon Pregnancy Center,"15061 Springdale St, Suite 109",Huntington Beach,CA,92649,"Care Net, Heartbeat International",http://www.horizonpc.org/ No,,https://www.facebook.com/hhtotprisz:o//ntwpcitter.com/Horizonpc,,,,,,
REFUGE PREGNANCY CENTER,45-5240890,Refuge Pregnancy Center,"81557 Dr. Carreon Blvd, Suite B5",Indio,CA,92205,Heartbeat International,http://www.refugepregnancycenter.org/ Yes,,https://www.facebook.com/hrpttcpisn:d//itowitter.com/refuhgtteppsr:e//gwnwawnc.yyoutube.comht/tcphsa:/n/wnewl/wU.CinSstFaEguraPmw.Vcot5mA/SreufruLgUeipHrneQgn9argncycenter/,,,,,,
HORIZON PREGNANCY CLINIC - IRVINE MOBILE,75-3132920,Horizon Pregnancy Center,5428 Bonita Canyon Dr,Irvine,CA,92603,"Care Net, Heartbeat International",http://www.horizonpc.org/ No,,https://www.facebook.com/hhtotprisz:o//ntwpcitter.com/Horizonpc,,,,,,
AMADOR PREGNANCY & FAMILY RESOURCE CENTER,68-0167320,Amador Pregnancy Help Center,"813 Court St, Suite 3",Jackson,CA,95642,"Care Net, Heartbeat International",http://www.amadorpregnancyhelpcenter.com/ No,,,,https://www.instagram.com/amador_pregnancy_center/,,,,
KERMAN CARE CENTER,26-2957590,Kerman Care Center,"681 South Madera Ave, Suite 107",Kerman,CA,93630,Care Net,https://kermancarecenter.org/ Yes,,,,,,,,Turning Point Pregnancy Care Center
LA HABRA LIFE CENTER,,"La Habra Life Center, Inc.","860 East La Habra Blvd, Suite 150",La Habra,CA,90631,Heartbeat International,https://lahabralifecenter.org/ Yes,,https://www.facebook.com/LaHabraLifeCenter,,,,,,
CAPS PREGNANCY + MEDICAL CLINICS - LA JOLLA,33-0782841,College Area Pregnancy Services,"8950 Villa La Jolla Dr, Suite C134",La Jolla,CA,92037,Heartbeat International,https://capspregnancyclinics.org/ Yes,,,,https://www.instagram.com/capspregnancyclinics/,,,,
BETHANY CHRISTIAN SERVICES - LA MIRADA,,,"14241 Firestone Blvd, Suite 4",La Mirada,CA,90638,Bethany Christian Services,https://bethany.org/locations/us/california/la-mirada No,,,,,,,,
OPTIONS: A WOMEN'S CARE CENTER,85-0484800,A Womens Care Center,"1840 North Hacienda Blvd, Unit 13",La Puente,CA,91744,Heartbeat International,https://optionswomenspregnancyclinic.com/ Yes,,https://www.facebook.com/optionswomenscarecenter/,,https://www.instagram.com/optionswomenscenter/,,,,
ELSINORE VALLEY PREGNANCY RESOURCE CENTER,20-2335358,Elsinore Valley Pregnancy Resource Center,"31735 Riverside Dr, Suite L",Lake Elsinore,CA,92530,Heartbeat International,http://www.evprc.org/ Yes,,,,,,,,
PREGNANCY RESOURCE CENTER OF THE KERN RIVER VALLEY,27-1151228,Pregnancy Resource Center of the Kern River Valley,6040 D Lake Isabella Blvd,Lake Isabella,CA,93240,Care Net,https://prckrv.wixsite.com/wearehere No,,https://www.facebook.com/Pregnancy-Resource-Center-of-the-KRV-174242862618732/?eid=ARBAPqyW6b6Dj9dplaMF6p-AsEfMW9nexkEpKDhj6saL8O-AJHZGc9Hdb9wLBJXAayDOhXqTC-U7Nt-g,,,,,,
CARE NET WOMEN'S RESOURCE CENTER OF NORTH COUNTY,95-4737166,Care Net Womens Resource Center of North County,44733 10th St West,Lancaster,CA,93534,Care Net,https://avcarenet.com/ No,,https://www.facebook.com/profile.php?id=61558042063835,,,,,,Care Net Antelope Valley
NEXT STEP PREGNANCY DECISION & SUPPORT SERVICES,,,1010 Murietta Blvd,Livermore,CA,94550,,https://next-step.org/ No,,,,,,,,
DIRECTIONS MEDICAL CLINIC - LODI,68-0299482,Directions Medical Clinic,942 East Pine St,Lodi,CA,95240,Care Net,https://www.directionsphc.org/ No,,,,,,,,
PREGNANCY AND PARENTING SUPPORT CENTER,77-0244289,Lompoc Crisis Pregnancy Center,"1137 North H St, Suite K",Lompoc,CA,93436,Heartbeat International,https://lompocpsc.wixsite.com/psclompoc No,,https://www.facebook.com/LompocPPSC,,,,,,
HORIZON PREGNANCY CLINIC - LONG BEACH,75-3132920,Horizon Pregnancy Center,"261 East Willow St, Unit C",Long Beach,CA,90806,"Care Net, Heartbeat International",http://www.horizonpc.org/ No,,https://www.facebook.com/hhtotprisz:o//ntwpcitter.com/Horizonpc,,,,,,
LOS ANGELES PREGNANCY SERVICES,80-0182069,Los Angeles Pregnancy Services,2524 West 7th St,Los Angeles,CA,90057,Heartbeat International,http://www.lapregnancyservices.org/ Yes,,,,,,,,
CLARIS HEALTH - WEST LOS ANGELES,95-4806856,Claris Health,"11500 West Olympic Blvd, Suite 570",Los Angeles,CA,90064,,https://www.clarishealth.org/ No,,https://www.facebook.com/hctltaprsis:/h/tewailttther.com/clarishealthla,,https://www.instagram.com/clarishealth/,,,,
CLARIS HEALTH - LYNWOOD,95-4806857,Claris Health,"3737 Martin Luther King, Jr. Blvd, Suite 205",Lynwood,CA,90262,,https://www.clarishealth.org/ No,,https://www.facebook.com/hctltaprsis:/h/tewailttther.com/clarishealthla,,https://www.instagram.com/clarishealth/,,,,
DOORS OF HOPE RESOURCE CENTER,42-1593588,Doors of Hope Pregnancy Care Center,"1201 East Yosemite Ave, Building E",Madera,CA,93638,,http://www.doorsofhope.org/ No,,,,,,,,
PREGNANCY HELP CENTER OF MANTECA,68-0129906,Manteca Right To Life,401 North Main St,Manteca,CA,95336,Heartbeat International,https://omgpregnant.org/ Yes,,https://www.facebook.com/profile.php?id=100082962027515,,https://www.instagram.com/phcofmanteca/,,,,
HELPING HANDS - MARIPOSA,77-0469016,Helping Hands Pregnancy and Parenting Center,"5072 Bullion St, Suite B",Mariposa,CA,95338,Care Net,http://www.pregnancyoakhurst.com/ Yes,,https://www.facebook.com/people/Helping-Hands-Pregnancy-Resource-/C/wewntwe.ri/n6s1t5a6g3ra5m79.c2o1m70/h3e0lp/inghandsprc,,,,,,
ALPHA PREGNANCY HELP CENTER,77-0079754,Alpha Pregnancy Help Center,"700 Loughborough Dr, Suite A",Merced,CA,95340,Care Net,http://alphaphc.com/ Yes,,https://www.facebook.com/AlphaPHC,,https://www.instagram.com/alphaphcmerced/,,,,
PREGNANCY COUNSELING CENTER,95-4645816,Pregnancy Counseling Center,10211 Sepulveda Blvd,Mission Hills,CA,91345,Heartbeat International,https://www.pregnanthelp4u.org/ No,,https://www.facebook.com/pregnancycounselingcentermissionhills,,https://www.instagram.com/pregnancycounselingcenter/,,,,
PREGNANCY RESOURCE CENTER MEDICAL CLINIC - MISSION VIEJO,87-0771027,Agape Pregnancy Centers,"24896 Chrisanta Dr, Suite 130",Mission Viejo,CA,92691,Care Net,https://www.prcmedicalclinic.com/ Yes,,https://www.facebook.com/SanClementePregnancy/,,https://www.instagram.com/prc_medical_clinic/?hl=en,,,,
BETHANY CHRISTIAN SERVICES - MODESTO,,,3048 Hahn Dr,Modesto,CA,95350,Bethany Christian Services,https://bethany.org/locations/us/california/modesto No,,,,,,,,
MODESTO PREGNANCY CENTER,77-0239794,Modesto Pregnancy Center,"2801 Coffee Rd, Suite A5",Modesto,CA,95355,Heartbeat International,https://www.modestopc.org/ No,,https://www.facebook.com/FriendsOfModestoPregnancyCenter/,,https://www.instagram.com/friendsofmpc/?hl=tl,,,,
EAST LOS ANGELES PREGNANCY CENTER,,,2432 South Atlantic Blvd,Monterey Park,CA,91754,,https://elapc.com/ No,,,,,,,,
COMPASSION PREGNANCY CENTER & CLINIC OF THE MONTEREY BAY,94-2888807,Compassion Pregnancy Center and Clinic of the Monterey Bay,640 Cass St,Monterey,CA,93940,Care Net,http://montereycpc.com/ No,,,,,,,,
LIFE CHOICE PREGNANCY CENTER - MORENO VALLEY,33-0258272,Mountain Right To Life Inc,"12900 Frederick St, Suite C",Moreno Valley,CA,92553,Heartbeat International,https://lifechoicepc.com/ Yes,,https://www.facebook.com/pregnancyfamily,,https://www.instagram.com/lifechoicepc/,,,,
CHOICES PREGNANCY SERVICES - MT SHASTA,68-0186205,Wee Care Crisis Pregnancy Services,1124 Pine Grove Dr,Mt. Shasta,CA,96067,,https://choicesmtshasta.me/ No,,https://www.facebook.com/hcthtposic:/e/tswmitoteurn.ctsohma/scthao/icesmtshasta?,,,,,,
NAPA WOMEN'S CENTER,85-3583937,Napa Women's Center,"935 Trancas St, Suite 4B",Napa,CA,94558,Heartbeat International,https://www.napawomenscenter.com/ Yes,,,,,,,https://www.napawomenscenter.org/,
OPEN ARMS PREGNANCY CLINIC,95-4184344,Open Arms Pregnancy Clinic,"9535 Reseda Blvd, Suite 303",Northridge,CA,91324,Care Net,https://www.openarmspregnancy.com/ No,,https://www.facebook.com/hOttppesn:/-/Atwrmittse-rP.croemgn/aasnkcoyp-Cenlinaircm-2s53717724753h1t3tp2s/://www.instagram.com/open_arms_pregnancy_clinic/,,,,,,
MARIN PREGNANCY CLINIC,94-3048513,Marin Pregnancy Clinic,1320A Grant Ave,Novato,CA,94945,,http://marinpregnancyclinic.org/ No,,https://www.facebook.com/hMttaprsin:/P/twreigttnear.nccoymC/MlinaicrinPregClinic,,https://www.instagram.com/marinpregnancyclinic,,,,
HELPING HANDS - OAKHURST,77-0469016,Helping Hands Pregnancy and Parenting Center,"49346 Rd 426, Suite 2",Oakhurst,CA,93644,Care Net,http://www.pregnancyoakhurst.com/ Yes,,https://www.facebook.com/people/Helping-Hands-Pregnancy-Resource-hCtetpnst:e//rw/6w1w56.i3n5st7a9g2r1a7m0.3co0m//helpinghandsprc,,,,,,
REAL OPTIONS OBRIA MEDICAL CLINIC - OAKLAND,94-2820673,RealOptions,"400 30th St, Suite 401",Oakland,CA,94609,Obria Medical Clinics,https://www.realoptions.net/ Yes,,https://www.facebook.com/realoptions.oakland,,https://www.instagram.com/realoptionsobria/,,,,
LIFE CHOICES PREGNANCY CLINIC OF THE OJAI VALLEY,20-8179496,Life Choices Pregnancy Clinic of Ojai Valley,"1320 Maricopa Hwy, Suite C",Ojai,CA,93023,,http://www.ojailifechoices.org/ No,,,,,,,,
CARING FOR WOMEN PREGNANCY RESOURCE CENTER - OROVILLE,94-3049472,Caring for Women Pregnancy Resource Center,2362 Lincoln St,Oroville,CA,95966,Heartbeat International,https://caringforwomencenter.org/ No,,https://www.facebook.com/CaringforWomenCenter/,,https://www.instagram.com/caringforwomencenter/,,,,
BIRTH CHOICE OF PALM DESERT,33-0302353,Birth Choice Centers Inc.,"74303 Hwy 111, Suite 1A",Palm Desert,CA,92260,,https://birthchoicecenters.org/ Yes,,https://www.facebook.com/birthchoicecenters/,,https://www.instagram.com/birthchoiceoftemecula/,,,,
WOMEN'S CLINIC OF THE ANTELOPE VALLEY,95-2645805,Right To Life League Of Southern California,"1334 East Palmdale Blvd, Suite E",Palmdale,CA,93550,Heartbeat International,http://womensclinicav.com/ No,,https://www.facebook.com/womenscav/,,https://www.instagram.com/womensclinicav/,,,,
CARE NET PREGNANCY CENTER OF PARADISE,94-3172688,Care Net Pregnancy Center Of Paradise Incorporated,"6585 Clark Rd, Suite 320",Paradise,CA,95969,Care Net,https://carenetparadise.org/ Yes,,https://www.facebook.com/Care,Netparadise/,https://www.instagram.com/Care,,Netparadise/,,Dayspring Crisis Pregnancy Center
OPTIONS UNITED,26-4424046,Options United,"225 South Lake Ave, Suite 300",Pasadena,CA,91101,,http://www.optionsunited.com/ No,,https://www.facebook.com/OptionsUnited/,,https://www.instagram.com/optionsunited,,,,
TREE OF LIFE PREGNANCY SUPPORT CENTER - PASO ROBLES,77-0056612,Tree of Life Pregnancy Support Center,"211 Oak Hill Rd, Suite 118",Paso Robles,CA,93446,Care Net,https://www.treeoflifepsc.com/ No,,https://www.facebook.com/treeoflifepsc,,https://www.instagram.com/treeoflifepregnancycarecenter/,,,,
BIRTHRIGHT OF PETALUMA,51-0183223,Birthright of Petaluma,370 Sonoma Mountain Pkwy,Petaluma,CA,94954,Birthright International,http://birthright.org/petaluma No,,,,,,,,
OPTIONS HEALTH,68-0026753,Options Health,184 East Leland Rd,Pittsburg,CA,94565,Care Net,https://optionshealth.org/ No,,,,,,,,
PCS HEALTH,94-3189011,PCS Health,"3105 Cedar Ravine Rd, Suite 103",Placerville,CA,95667,Heartbeat International,https://pcshealth.org/ No,,https://www.facebook.com/Pregnancycounselingservices/,,,,,,
LIFE CHOICES POWAY,33-0147357,Pro Life Pregancy Counseling & Educational League Of San Diego,"13412 Pomerado Rd, Suite C",Poway,CA,92064,"The National Life Center, Inc.",https://www.lifechoicespoway.org/ Yes,,https://www.facebook.com/people/LifeChoices/61568184536768/,,https://www.instagram.com/Lifechoicehstptposw:/a/wy/w?hwl=.liefenchoicespoway.org/,,,,
RAMONA WOMEN'S CLINIC,33-0431808,Ramona Pregnancy Care Clinic,"1530 Main St, Suite 6",Ramona,CA,92065,Heartbeat International,https://ramonawomensclinic.com/ Yes,,https://www.facebook.com/p/Ramona-Womens-Clinic-100064178193205/?,,,,,,
NORTHSTATE CARE CLINIC,68-0037686,Crisis Pregnancy Center of Northern California,2021 Victor Ave,Redding,CA,96002,"Care Net, Heartbeat International",https://northstatecareclinic.org/ Yes,,https://www.facebook.com/northstatecareclinic/,,https://www.instagram.com/northstatecareclinic/,,,,
LIFE LIGHT PREGNANCY HELP CENTER,68-0016659,Life Light Pregnancy Help Center,"3050 Victor Ave, Suite C",Redding,CA,96002,Heartbeat International,http://lifelightcenter.org/ Yes,,https://www.facebook.com/lifelightcenter/,,https://www.instagram.com/lifelightcenter/,,,,
RIDGECREST PREGNANCY CARE CENTER,37-2090483,Ridgecrest Pregnancy Care Center,"341 East Ridgecrest Blvd, Suite A",Ridgecrest,CA,93555,,https://ridgecrestpregnancycarecenter.com/ No,,https://www.facebook.com/RCPregnancyCareCenter,,,,,,
RIVERSIDE LIFE SERVICES,33-0738512,Riverside Life Services,3727 McCray St,Riverside,CA,92506,"Care Net, Heartbeat International",http://www.riversidelifeservices.org/ No,,https://www.facebook.com/hritvtpesrs:/i/dtweliitfteesr.ecrovmice/rsivlifeservices,,https://www.instagram.com/rivlifeservices/,,,,
GUADALUPE PREGNANCY SERVICES,27-2951886,International Life Services Incorporated,"1168 San Gabriel Blvd, Suite E-F-G",Rosemead,CA,91770,Heartbeat International,http://www.guadalupepregnancyservices.org/ No,,https://www.facebook.com/people/GPS-Guadaluhptetp-Ps:r/e/wgwnawn.cyyo-uStuebrvei.cceosm/1/0ch0a0n6n3e6l0/U97C2c8E46147a/_FvuxdnX9DtMxZCzA,,,,,,
SIERRA PREGNANCY AND HEALTH,94-3333691,Sierra Pregnancy and Health,"1212 Coloma Way, Suite A",Roseville,CA,95661,"Care Net, Heartbeat International",http://www.sierraph.org/ Yes,,https://www.facebook.com/Sierrapregnancy/,,https://www.instagram.com/sierrapreghntatpnsc:y///hope.sierraph.org/,,,,
ALTERNATIVES PREGNANCY CENTER,94-2844514,Alternatives Pregnancy Center,8689 Folsom Blvd,Sacramento,CA,95825,"Care Net, Heartbeat International",http://www.alternativespc.org/ Yes,,https://www.facebook.com/alternativesPC/,,https://www.instagram.com/alternativespc/,,,,
SACVALLEY WOMEN'S HEALTH,23-7182685,Sacramento Life Center,2316 Bell Executive Ln,Sacramento,CA,95825,Heartbeat International,https://svwhealth.com/ Yes,,https://www.facebook.com/hStatpcsr:a//mtweinttteorL.cifoemC/esnatcelrifecenter,,,,,,
CONFIDENCE PREGNANCY CENTER,77-0073119,Confidence Pregnancy Center,40 Winham St,Salinas,CA,93901,Care Net,https://pregnancysalinas.com/ Yes,,https://www.facebook.com/pregnancysalinas,,,,,,
LIFE CHOICE PREGNANCY CENTER - SAN BERNARDINO,33-0258272,Mountain Right To Life Inc,"114 East Airport Dr, Suite 105",San Bernadino,CA,92408,Heartbeat International,https://lifechoicepc.com/ Yes,,https://www.facebook.com/pregnancyfamily,,https://www.instagram.com/lifechoicephctt/ps://partnerwithlifechoice.org/,,,,
PREGNANCY RESOURCE CENTER MEDICAL CLINIC - SAN CLEMENTE,87-0771027,Agape Pregnancy Centers,416 Avenida de la Estrella,San Clemente,CA,92672,Care Net,https://www.prcmedicalclinic.com/ Yes,,https://www.facebook.com/SanClementePregnancy/,,https://www.instagram.com/prc_medical_clinic/?hl=en,,,,
CAPS PREGNANCY + MEDICAL CLINICS - PARK WEST,33-0782841,College Area Pregnancy Services,"2918 Fifth Ave, Suite 209",San Diego,CA,92103,Heartbeat International,http://capspregnancyclinics.org/ Yes,,https://www.facebook.com/capspregnancyclinics/,,https://www.instagram.com/capspregnancyclinics/,,,,
CAPS PREGNANCY + MEDICAL CLINICS - PACIFIC BEACH,33-0782841,College Area Pregnancy Services,1856 Garnet Ave,San Diego,CA,92109,Heartbeat International,http://capspregnancyclinics.org/ Yes,,https://www.facebook.com/capspregnancyclinics/,,https://www.instagram.com/capspregnancyclinics/,,,,
CAPS PREGNANCY + MEDICAL CLINICS - KEARNY MESA,33-0782841,College Area Pregnancy Services,"3750 Convoy St, Suite 118",San Diego,CA,92111,Heartbeat International,http://capspregnancyclinics.org/ Yes,,https://www.facebook.com/capspregnancyclinics/,,https://www.instagram.com/capspregnancyclinics/,,,,
PREGNANCY CARE CLINIC - SAN DIEGO,33-0576304,Pregnancy Care Center,4130 Alpha St,San Diego,CA,92113,Care Net,http://www.unplannedparenthood.org/ No,,https://www.facebook.com/supportsdpcc/,,,,,,
CAPS PREGNANCY + MEDICAL CLINICS - SDSU,33-0782841,College Area Pregnancy Services,"6663 El Cajon Blvd, Suite L",San Diego,CA,92115,Heartbeat International,http://capspregnancyclinics.org/ Yes,,https://www.facebook.com/capspregnancyclinics/,,https://www.instagram.com/capspregnancyclinics/,,,,
COLFS MEDICAL CLINIC - SAN DIEGO,91-2169315,Culture Of Life Family Services,"6280 Jackson Dr, Suite 8",San Diego,CA,92119,Heartbeat International,https://colfsclinic.org/ Yes,,https://www.facebook.com/colfs.sd/,,https://www.instagram.com/colfssd/,,,,
TRUE CHOICE MEDICAL CLINICS,33-0966462,True Choice Medical Clinics,"7340 Miramar Rd, Suite 205",San Diego,CA,92126,Heartbeat International,https://truechoice.org/ No,,https://www.facebook.com/truechoicemc/,,,,,,
BIRTHLINE OF SAN DIEGO,33-0014261,Birthline of San Diego County Inc Birthline,"9915 Businesspark Ave, Suite C",San Diego,CA,92131,,http://www.birthlineofsandiego.org/ No,,https://www.facebook.com/BirthlineSD/,,https://www.instagram.com/Birthlineofsandiego/,,,,
CHOICES CENTER FOR LIFE,,,"358 East Bonita Ave, Unit A",San Dimas,CA,91773,Heartbeat International,https://www.choicescenterforlife.com/ No,,,,https://www.instagram.com/choiceswrhct/tps://partnerwithchoices.org/?,,,,
ALPHA PREGNANCY CENTER,94-2886605,Alpha Pregnancy Center,5070 Mission St,San Francisco,CA,94112,,http://www.alphapc.org/ No,,https://www.facebook.com/Alpha-Pregnancy-Center-83160739328/,,,,,https://www.alphapc.org/about-us,
REALOPTIONS OBRIA - CENTRAL SAN JOSE,94-2820673,RealOptions,"1671 The Alameda, Suite 101",San Jose,CA,95126,Obria Medical Clinics,http://www.realoptions.net/ Yes,,https://www.facebook.com/RealOptions.EastSanJose/,,https://www.instagram.com/realoptionsobria/,,,,
REAL OPTIONS OBRIA - EAST SAN JOSE,94-2820673,RealOptions,"12 North White Rd, Suite 1",San Jose,CA,95127,Obria Medical Clinics,http://www.realoptions.net/ Yes,,https://www.facebook.com/RealOptions.EastSanJose/,,https://www.instagram.com/realoptionsobria/,,,,
BIRTHRIGHT OF SAN JOSE,23-7217946,Birthright of San Jose,"1210 South Bascom Ave, Suite 129",San Jose,CA,95128,Birthright International,https://birthrightsanjose.org/ Yes,,https://www.facebook.com/birthright.sanjose.5,,,,,,
GHS WOMEN'S CENTER,46-0765798,Guadalupe Hope Society,"100 O'Connor Dr, Suite 1",San Jose,CA,95128,Heartbeat International,http://ghswomenscenter.com/ Yes,,https://www.facebook.com/GHS-Womens-Center-753093431413533/,,,,,,
BIRTHRIGHT OF SAN LORENZO,68-0373327,Birthright of San Lorenzo,1048 Grant Ave,San Lorenzo,CA,94580,Birthright International,https://brsanlorenzo.org/ No,,,,,,,,
PREGNANCY AND PARENTING SUPPORT - SAN LUIS OBISPO,95-3570504,San Luis Obispo A L P H A Inc,"3480 South Higuera St, Suite 110",San Luis Obispo,CA,93405,Care Net,https://ppsslo.org/ No,,https://www.facebook.com/PPSSLO/,,https://www.instagram.com/ppsslo,,,,
TREE OF LIFE PREGNANCY SUPPORT CENTER - SAN LUIS OBISPO,77-0056612,Tree of Life Pregnancy Support Center,1329 Chorro St,San Luis Obispo,CA,93406,Care Net,http://www.treeoflifepsc.com/ No,,https://www.facebook.com/treeoflifepsc,,https://www.instagram.com/treeoflifepregnancycarecenter/,,,,
BIRTHCHOICE OF SAN MARCOS,33-0250034,Birth Choice of San Marcos,"365 South Rancho Santa Fe Rd, Suite 201",San Marcos,CA,92078,"The National Life Center, Inc.",https://birthchoice.net/san-marcos-center No,,https://www.facebook.com/birthchoicesanmarcos/,,https://www.instagram.com/birthchoicesm/,,,,
HORIZON PREGNANCY CLINIC - SANTA ANA,75-3132920,Horizon Pregnancy Center,"1913 East 17th St, Suite 101",Santa Ana,CA,92705,"Care Net, Heartbeat International",http://www.horizonpc.org/ No,,https://www.facebook.com/hhtotprisz:o//ntwpcitter.com/Horizonpc,,,,,,
OBRIA MEDICAL CLINICS - SANTA ANA,33-0150193,Obria Medical Clinics,"2001 East First St, Suite 209",Santa Ana,CA,92705,Obria Medical Clinics,https://obria.org/santa-ana/ Yes,,,,,,,,
LIFE CENTER OF SANTA ANA,90-0048781,International Life Services Inc,"2428 North Grand Ave, Suite K",Santa Ana,CA,92705,Heartbeat International,https://www.lifecenterofsantaana.org/ Yes,,https://www.facebook.com/people/Life-Center-of-Santa-Ana/1000646538h0tt5p5s7:/1/w/ww.instagram.com/thelifecenthetrtopfss:a//nfrtiae.nadnsao/flifecentersantaana.org/,,,,,,
NETWORK MEDICAL WOMEN'S CENTER,77-0116381,Life Network,185-C South Patterson Ave,Santa Barbara,CA,93111,,http://networkmedical.org/ Yes,,https://www.facebook.com/networkmedicalsb/,,,,,,
SCV PREGNANCY CENTER,95-4069854,SCV Pregnancy Center,25174 Rye Canyon Rd,Santa Clarita,CA,91355,Heartbeat International,https://www.scvpc.org/ No,,https://www.facebook.com/hstctpvps:r/e/tgwniattnecr.yccoemn/tSerCVPregnancyCtr,,https://www.instagram.com/scvpregnancycenter/,,,,
PREGNANCY RESOURCE CENTER OF SANTA CRUZ COUNTY - DOWNTOWN,94-2856222,Pregnancy Resource Center of Santa Cruz County,138-B Walnut Ave,Santa Cruz,CA,95060,,https://www.santacruzprc.org/ No,,,,,,,,
PREGNANCY RESOURCE CENTER OF SANTA CRUZ COUNTY - MIDTOWN,94-2856222,Pregnancy Resource Center of Santa Cruz County,"1570 Soquel Dr, Suites 3 and 4",Santa Cruz,CA,95065,,http://www.santacruzprc.org/ No,,https://www.facebook.com/PRCSantaCruz,,https://www.instagram.com/prc_of_santacruz/,,,,
CARE NET PREGNANCY AND RESOURCE CENTER OF SANTA MARIA,77-0252873,CARE NET PREGNANCY and RESOURCE CENTER,"201 South Miller St, Suite 101",Santa Maria,CA,93454,Care Net,https://www.carenetsm.com/ Yes,,https://www.facebook.com/carenetsantamaria/,,https://www.instagram.com/carenetsantamaria/,,,,
BRIDGES PREGNANCY CLINIC AND CARE CENTER,68-0055469,Bridges - Pregnancy Clinic and Care Center,"2447 Summerfield Rd, Building B",Santa Rosa,CA,95405,Heartbeat International,http://bridgespregnancyclinic.org/ Yes,,https://www.facebook.com/hBtrtpidsg:/e/tswPiCtteCrC.com/bridgespccc,,https://www.instagram.com/bridgespccc/,,,,
PREGNANCY CARE CLINIC - EAST COUNTY,33-0576304,Pregnancy Care Center,"10201 Mission Gorge Rd, Suite K1",Santee,CA,92071,Care Net,http://www.unplannedparenthood.org/ No,,https://www.facebook.com/ecpcc.org/,,,,,,
REAL OPTIONS WOMEN'S CLINIC,77-0272984,Community Pregnancy Clinic,"1687 Erringer Rd, Suite 215",Simi Valley,CA,93065,"Care Net, Heartbeat International",https://www.realoptionswomensclinic.org/ No,,https://www.facebook.com/realoptionssimivalley,,https://www.instagram.com/realoptionssimivalley,,,,
FOOTHILL PREGNANCY CENTER,77-0517719,Foothill Pregnancy Center,80 South Forest Rd,Sonora,CA,95370,Heartbeat International,http://www.fpcsonora.com/ Yes,,https://www.facebook.com/FPCSonora/,,https://www.instagram.com/foothill_pregnancy_center/,,,,
DIRECTIONS MEDICAL CLINIC - STOCKTON,68-0299482,Directions Medical Clinic,"829 Rosemarie Ln, Suite B",Stockton,CA,95207,Care Net,https://www.directionsphc.org/ No,,,,,,,,
MAMA CRISIS PREGNANCY CENTER,68-0010556,M A M A,472 Richmond Rd,Susanville,CA,96130,,No,,https://www.facebook.com/p/MAMAs-Crisis-Pregnancy-Center-100064747806578/,,,,,,
FAMILY LIFE PREGNANCY CENTER OF TEHACHAPI,77-0243850,Crisis Pregnancy Center of Tehachapi,103 East D St,Tehachapi,CA,93561,Care Net,http://familylifepc.org/ No,,https://www.facebook.com/FamilyLifePregnancyCenterofTehachapi/?,,https://www.instagram.com/familylifepc_of_tehachapi/,,,,
BIRTH CHOICE OF TEMECULA,33-0250034,Birth Choice Centers Inc.,"41750 Winchester Rd, Suite O",Temecula,CA,92590,,https://birthchoicecenters.org/ Yes,,https://www.facebook.com/birthchoicecenters/,,https://www.instagram.com/birthchoiceoftemecula/,,,,
PREGNANCY HELP CENTER - CRENSHAW BLVD,95-4579814,Pregnancy Help Center,"1311 Crenshaw Blvd, Suite A",Torrance,CA,90501,Heartbeat International,http://www.phctorrance.org/ Yes,,https://www.facebook.com/phctorrance,,https://www.instagram.com/phctorrance/,,,,
PREGNANCY HELP CENTER - HAWTHORNE BLVD,95-4579814,Pregnancy Help Center,"19000 Hawthorne Blvd, Suite 200",Torrance,CA,90503,Heartbeat International,http://www.phctorrance.org/ Yes,,https://www.facebook.com/phctorrance,,https://www.instagram.com/phctorrance/,,,,
PREGNANCY RESOURCE CENTER OF TRACY,68-0061849,Crisis Pregnancy Center of Tracy Pregnancy Resource Center of Tracy,1039 North Central Ave,Tracy,CA,95376,Care Net,https://tracyprc.org/ Yes,,https://www.facebook.com/PregnancyResourceCenterofTracy/,,https://www.instagram.com/prcoftracy,,,,
CARE PREGNANCY RESOURCE CENTER - TULARE,77-0074026,Care Pregnancy Center of Tulare County,236 South North St,Tulare,CA,93274,Care Net,https://carepregnancycenter.com/ Yes,,https://www.facebook.com/carecentertularecounty,,https://www.instaghrtatpms.:c//owmw/wca.triekctoekn.tceormtu/l@areccaoreupnrteyg/nancycenter,,,,
TURLOCK PREGNANCY AND HEALTH CENTER,26-2828086,Turlock Pregnancy Center,134 Regis St,Turlock,CA,95382,Heartbeat International,http://www.turlockphc.com/ Yes,,https://www.facebook.com/TurlockPHC/,,,,,,
HORIZON PREGNANCY CLINIC - TUSTIN MOBILE,75-3132920,Horizon Pregnancy Center,1 Hope Dr,Tustin,CA,92782,"Care Net, Heartbeat International",http://www.horizonpc.org/ No,,https://www.facebook.com/hhtotprisz:o//ntwpcitter.com/Horizonpc,,,,,,
HORIZON PREGNANCY CLINIC- TUSTIN MOBILE,75-3132920,Horizon Pregnancy Center,1 Hope Dr,Tustin,CA,92782,"Care Net, Heartbeat International",http://www.horizonpc.org/ No,,https://www.facebook.com/hhtotprisz:o//ntwpcitter.com/Horizonpc,,,,,,
REALOPTIONS OBRIA MEDICAL CLINICS - UNION CITY,94-2820673,RealOptions,33523 Western Ave,Union City,CA,94587,Obria Medical Clinics,http://www.realoptions.net/ Yes,,https://www.facebook.com/realoptions.unioncity/,,,,,,
ALPHA CLINICS,68-0114145,Alpha Clinics,1005 Alamo Dr,Vacaville,CA,95687,Heartbeat International,https://www.rupregnant.org/ Yes,,https://www.facebook.com/alphapregnancyclinics/,,,,,,
LIFE ABORTION ALTERNATIVE MINISTRIES,68-0309873,Life Abortion Alternative Ministries,831 Tennessee St,Vallejo,CA,94590,,https://laamvallejo.com/ No,,,,,,,,
LIFE CENTERS OF VENTURA COUNTY,33-1053595,Life Centers of Ventura County,"4601 Telephone Rd, Suite 107",Ventura,CA,93003,,https://vclifecenters.com/ No,,,,,,,,
VENTURA COUNTY PREGNANCY CENTER,77-0187322,Ventura County Crisis Pregnancy Center,"1732 Palma Dr, Suite 103",Ventura,CA,93003,Heartbeat International,http://www.venturacpc.org/ No,,https://www.facebook.com/VenturaCountyCrisisPregnancyCenter,,https://www.instagram.com/venturacountypregnancycenter/,,,,
LIFE CENTERS OF VENTURA COUNTY,33-1053595,Life Centers of Ventura County,"4601 Telephone Rd, Suite 107",Ventura,CA,93030,Heartbeat International,http://www.vclifecenters.com/ Yes,,https://www.facebook.com/hfrtetpesp:r//etwgnitatenrc.cyohmel/pv4cUlihfettcpesn:/t/ewrsww.youtube.comht/tupsse:/r//wLiwfewC.iennstteargsr?am.com/lifecentersofventuracounty,,,,,,
STANTON HEALTHCARE OF SOUTHERN CALIFORNIA,46-3904539,Stanton Healthcare of Southern Calif,"15447 Anacapa Rd, Suite 102-G",Victorville,CA,92392,Stanton Healthcare,http://stantonsocal.org/ No,,https://www.facebook.com/StantonSoCal/,,https://www.instagram.com/stanton_socal/,,,,
CARE PREGNANCY RESOURCE CENTER - VISALIA,77-0074026,Care Pregnancy Center of Tulare County,916 West Main St,Visalia,CA,93291,Care Net,https://carepregnancycenter.com/ Yes,,https://www.facebook.com/carecentertularecounhtyttps://www.youtube.comht/tcphsa:/n/wnewl/wU.CinjsotKaggrbaem9X.cXo3mQ/cfbaIrdeecyeOntpe_rtxuQlarecounty/,,,,,,
PATHWAY HEALTH CLINIC,33-0809605,Pathway Health Clinic / Pregnancy Resource Center,"1830 Hacienda Dr, Suite 8",Vista,CA,92081,Care Net,https://pathway-healthclinic.com/ No,,https://www.facebook.com/PRCvista/,,https://www.instagram.com/pathwayhealthclinic/,,,,
PREGNANCY RESOURCE CENTER OF SANTA CRUZ COUNTY - WATSONVILLE,94-2856222,Pregnancy Resource Center of Santa Cruz County,"55 Brennan St, Room 201",Watsonville,CA,95076,,http://www.santacruzprc.org/ No,,,,,,,,
GUADALUPE PREGNANCY OUTREACH,37-1701249,International Life Services Incorporated / Guadalupe Pregnancy Outreach Inc,213 East Lake Ave,Watsonville,CA,95076,Heartbeat International,http://www.gpocares.org/ Yes,,https://www.facebook.com/GuadalupePregnancy/,,,,,,
WHITTIER PREGNANCY CENTER,90-0996609,International Life Services Incorporated / Whittier Life Center,"7743 Painter Ave, Suite C",Whittier,CA,90602,,http://whittierpregnancycenter.org/ No,,,,,,,,
WOMEN'S PREGNANCY CARE CLINIC - WHITTIER,95-4305452,Whittier Pregnancy Care Clinic,16147 Whittier Blvd,Whittier,CA,90603,Obria Medical Clinics,https://obria.org/los-angeles/clinic/whittier-ca/ Yes,,,,https://www.instagram.com/obria_la/,,,,Obria Medical Clinics
CHOICES PREGNANCY SERVICES - YREKA,68-0186205,Wee Care Crisis Pregnancy Services,409 North Main St,Yreka,CA,96097,,https://choicesmtshasta.me/ No,,https://www.facebook.com/hcthtposic:/e/tswmitoteurn.ctsohma/scthao/icesmtshasta?,,,,,,
A WOMAN'S FRIEND PREGNANCY RESOURCE CLINIC,94-3023578,A Womans Friend,961 Live Oak Blvd,Yuba City,CA,95991,Heartbeat International,http://www.awomansfriend.org/ Yes,,https://www.facebook.com/hatwtposm://atwnsitftreier.ncdopmrc/P/?reregfT=ebsr_tPrslace,,https://www.instagram.com/pregtestplace/,,,,
LIFE CHOICE PREGNANCY CENTER - YUCAIPA,33-0258272,Mountain Right To Life Inc,34840 Yucaipa Blvd,Yucaipa,CA,92399,Heartbeat International,https://lifechoicepc.com/ Yes,,https://www.facebook.com/pregnancyfamily,,https://www.instagram.com/lifechoicepc/,,,,
HIGH DESERT PREGNANCY CLINIC,20-4038987,High Desert Pregnancy Clinic,7333 Apache Trail,Yucca Valley,CA,92284,"Care Net, Heartbeat International",https://hdpc.me/ Yes,,https://www.facebook.com/highdesertpregnancyclinic/,,https://www.instagram.com/hdpclinic/,,,,
SAN LUIS VALLEY LIFE CENTER,84-1169265,SLV Life Center,"3211 Main St, Suite E",Alamosa,CO,81101,Care Net,http://www.slvwrc.org/ No,,https://www.facebook.com/hStLtpVsL:/i/ftewCitetenrt.ecro/m/SlvLife,,https://www.instagram.com/slvlifecenter/,,,,
ALTERNATIVES PREGNANCY CENTER - ARVADA,74-2218129,Alternatives Pregnancy Center,"8270 West 80th Ave, Unit 13, Suite A",Arvada,CO,80005,"Care Net, Heartbeat International",http://youhavealternatives.org/ Yes,,https://www.facebook.com/youhavealternatives/https://www.youtube.comht/tcphsa:/n/wnewl/wU.Cin3sRtaAgdraQmv.Pc8oPmT/yFojxuMhaEvTehabltbezrntga?tivvieesw/_as=subscriber,,,,,,
ALTERNATIVES PREGNANCY CENTER - AURORA,74-2218129,Alternatives Pregnancy Center,"14221 East 4th Ave, Suite 330",Aurora,CO,80011,"Care Net, Heartbeat International",http://youhavealternatives.org/ Yes,,https://www.facebook.com/youhavealternatives/https://www.youtube.comht/tcphsa:/n/wnewl/wU.Cin3sRtaAgdraQmv.Pc8oPmT/yFojxuMhaEvTehabltbezrntga?tivvieesw/_as=subscriber,,,,,,
COLORADO FAMILY LIFE CENTER,84-1218767,Colorado Family Life Center,"2675 South Abilene St, Suite 235",Aurora,CO,80014,,http://coloradofamilylife.org/ No,,https://www.facebook.com/coloradofamilylife,,,,,,
BOULDER PREGNANCY RESOURCE CENTER,84-1097182,Boulder Crisis Pregnancy Center,"2334 Broadway, Suite D",Boulder,CO,80304,Care Net,https://www.boulderpregnancyresourcecenter.com/ Yes,,https://www.facebook.com/people/Boulder-Pregnancy-Resource-Center/100063764042164/,,,,,,
A CARING PREGNANCY RESOURCE CENTER OF NORTHEAST COLORADO - BRUSH,84-1498925,A Caring Crisis Pregnancy Center of Northeast Colorado,308 Clayton St,Brush,CO,80723,"Care Net, Heartbeat International",https://acaringpregnancy.org/ Yes,,https://www.facebook.com/acaringpregnancy,,https://www.instagram.com/acaringpregnancyresource/,,,,
BUENA VISTA PREGNANCY CENTER,84-1605623,Buena Vista Pregnancy Center,"28350 County Rd 317, Suite 12",Buena Vista,CO,81211,Heartbeat International,https://bvpregnancycenter.com/ No,,,,,,,https://bvlifechoices.com/,
FAMILY RESOURCE CENTER OF THE EASTERN PLAINS,47-0935243,Eastern Plains Womens Resource Center,228 West Front St,Byers,CO,80103,,https://familyresourcebyers.org/ No,,https://www.facebook.com/EPWRC,,,,,,
CANON CITY PREGNANCY CENTER,74-2358809,Canon City Pregnancy Center,614-616 Yale Place,Canon City,CO,81212,Heartbeat International,https://ccpcenter.com/ Yes,,https://www.facebook.com/CanonCityPregnancyCenter,,https://www.instagram.com/canoncitypc?igshid=MzMyNGUyNmU2YQ%3D%3D,,,,
COLORADO SPRINGS PREGNANCY CENTER - WESTSIDE,84-0970592,Colorado Springs Pregnancy Center Education for a Lifetime Life Network Family Thrift Store,3925 Centennial Blvd,Colorado Springs,CO,80907,"Care Net, Heartbeat International",http://cspregnancycenter.com/ Yes,,https://www.facebook.com/westsidepregnancycenter,,https://www.instagram.com/cspregnancycenter/,,,,
COLORADO SPRINGS PREGNANCY CENTER - FOUNTAIN,84-0970592,Colorado Springs Pregnancy Center Education for a Lifetime Life Network Family Thrift Store,97 Widefield Blvd,Colorado Springs,CO,80907,"Care Net, Heartbeat International",http://cspregnancycenter.com/ Yes,,https://www.facebook.com/cspcfountain/,,https://www.instagram.com/cspregnancycenter/,,,,
COLORADO SPRINGS PREGNANCY CENTER - EASTSIDE,84-0970592,Colorado Springs Pregnancy Center Education for a Lifetime Life Network Family Thrift Store,7165 Meridian Rd,Colorado Springs,CO,80908,"Care Net, Heartbeat International",http://cspregnancycenter.com/ Yes,,,,https://www.instagram.com/cspregnancycenter/,,,,
COLORADO SPRINGS PREGNANCY CENTER - GALLEY,84-0970592,Colorado Springs Pregnancy Center Education for a Lifetime Life Network Family Thrift Store,3700 Galley Rd,Colorado Springs,CO,80909,"Care Net, Heartbeat International",http://cspregnancycenter.com/ Yes,,https://www.facebook.com/coloradospringspregnancycenter,,https://www.instagram.com/cspregnancycenter/,,,,
BETHANY CHRISTIAN SERVICES - COLORADO SPRINGS,,,"5585 Erindale Dr, Suite 106",Colorado Springs,CO,80918,Bethany Christian Services,https://www.bethany.org/colorado-springs No,,,,,,,,
HEART TO HEART WELLNESS CENTER,84-1175203,Montezuma Crisis Pregnancy Center,213 West North St,Cortez,CO,81321,Care Net,https://hearttoheartpc.org/ No,,,,,,,,
HEART TO HEART FAMILY RESOURCES,84-1175203,Montezuma Crisis Pregnancy Center,215 North Linden St,Cortez,CO,81321,Care Net,https://hearttoheartpc.org/ No,,,,,,,,
HOPE PREGNANCY CENTER OF YAMPA VALLEY,84-0996670,Yampa Valley Crisis Pregnancy Center,538 Breeze St,Craig,CO,81625,Care Net,https://www.yvcenter4hope.org/ No,,https://www.facebook.com/yvcenter4hope,,https://www.instagram.com/hope4yampavalley/,,,,Hope Pregnancy Center of the Yampa Valley
CHOICES - CRIPPLE CREEK,84-1244568,Woodland Park Pregnancy Center,411 North C St,Cripple Creek,CO,80813,,http://whatchoices.com/ Yes,,,,,,,https://choicesco.com/,
DELTA PREGNANCY RESOURCE CENTER,84-1118442,Pregnancy Resource Center of Delta County,523 Dodge St,Delta,CO,81416,,https://www.prcdelta.com/ No,,https://www.facebook.com/DeltaPregnancyResourceCenter,,https://www.instagram.com/deltaprc/,,,,
ALTERNATIVES PREGNANCY CENTER - DOWNTOWN DENVER,74-2218129,Alternatives Pregnancy Center,"1391 Speer Blvd, Suite 250",Denver,CO,80204,"Care Net, Heartbeat International",http://youhavealternatives.org/ Yes,,https://www.facebook.com/youhavealternatives/https://www.youtube.comht/tcphsa:/n/wnewl/wU.Cin3sRtaAgdraQmv.Pc8oPmT/yFojxuMhaEvTehabltbezrntga?tivvieesw/_as=subscriber,,,,,,
MYCHOICE RESOURCE CENTER,85-0545554,MyChoice Resource Center,1580 North Gaylord St,Denver,CO,80206,,https://www.mychoicecolorado.org/ No,,https://www.facebook.com/hMttypCs:h//otwiciett.eRre.csoomur/cceentermychoice,,,,,,
MARISOL HEALTH - DENVER,92-1561827,Marisol Health Inc,3894 Olive St,Denver,CO,80207,,https://marisolhealth.com/ No,,https://www.facebook.com/MarisolWomen,,https://www.instagram.com/marisolwomen_co/,,,,
MYCHOICE RESOURCE CENTER,85-0545554,MyChoice Resource Center,8380 Zuni St,Denver,CO,80221,,https://www.mychoicecolorado.org/ No,,https://www.facebook.com/hMttypCs:h//otwiciett.eRre.csoomur/cceentermychoice,,,,,,
SANCTITY OF LIFE CENTER,26-0461526,Womens Resource Center of the Rockies Summit Pregnancy Information Exchange,350 Lake Dillon Dr,Dillon,CO,80435,"Care Net, Heartbeat International",https://sanctityoflifecenter.com/ No,,,,https://www.instagram.com/sanctityoflifecenter,,,,Sanctity of Life Center
PATHWAYS PREGNANCY RESOURCE CENTER,74-2518788,Durango Pregnancy Center,"1315 Main Ave, Suite 230",Durango,CO,81301,Heartbeat International,https://pathwayspregnancyresource.com/ No,,,,,,,,
LIFEGUARD,20-5158362,Lifeguard,"555 South Camino del Rio, Suite C2A",Durango,CO,81302,,https://www.lifeguardlaplata.org/ No,,https://www.facebook.com/LifeGuardDGO,,https://www.instagram.com/lifeguarddgo,,,,
ALTERNATIVES PREGNANCY CENTER - IVERNESS/ENGLEWOOD,74-2218129,Alternatives Pregnancy Center,"23 Inverness Way East, Suite 132",Englewood,CO,80112,"Care Net, Heartbeat International",http://youhavealternatives.org/ Yes,,https://www.facebook.com/youhavealternatives/https://www.youtube.comht/tcphsa:/n/wnewl/wU.Cin3sRtaAgdraQmv.Pc8oPmT/yFojxuMhaEvTehabltbezrntga?tivvieesw/_as=subscriber,,,,,,
LIFE'S OPTIONS PREGNANCY CENTER,74-2519518,Lifes Options Pregnancy Center,"3721 Evergreen Pkwy, Suite 12",Evergreen,CO,80439,Care Net,http://lifesoptionspc.org/ Yes,,https://www.facebook.com/hlitftepsso:/p/ttwiointtsepr.rceogmna/lnifceysc_eonptteiorns/,,https://www.instagram.com/lifesoptionspc/,,,,
MARISOL HEALTH - NORTHERN COLORADO,92-1561827,Marisol Health Inc,1221 West Elizabeth Ct,Fort Collins,CO,80521,,https://marisolhealth.com/ No,,https://www.facebook.com/MarisolWomen,,,,,,
ALPHA CENTER,74-2481573,Alpha Center,1212 South College Ave,Fort Collins,CO,80524,"Care Net, Heartbeat International",http://www.thealphacenter.org/ No,,https://www.facebook.com/hthttepasl:p//htwacitetenrt.ecro/m/thealphacenter/,,https://www.instagram.com/alpha_center/,,,,
PREGNANCY RESOURCE CENTER OF GLENWOOD SPRINGS,74-2357231,Pregnancy Resource Center,"1607 Grand Ave, Suite 31",Glenwood Springs,CO,81601,"Care Net, Heartbeat International",https://pregnancycolorado.org/ Yes,,https://www.facebook.com/pregnancycolorado/,,https://www.instagram.com/pregnancy.resource.center970/?,,,,
PREGNANCY RESOURCE CONNECTION,20-0374740,Pregnancy Resource Connection,3 Ten Mile Dr,Granby,CO,80446,"Care Net, Heartbeat International",https://prcgrand.com/ No,,https://www.facebook.com/profile.php?id=100063486551547,,https://www.instagram.com/prcgrand/,,,,
"PREGNANCY CENTER OF GRAND JUNCTION, INC.",84-0952432,The Pregnancy Center Of Grand Junction Inc,"2478 Patterson Road, Suite 1",Grand Junction,CO,81505,Care Net,https://pregnancy-center.org/ No,,https://www.facebook.com/thepregnancycentergj/,,,,,,
THE RESOURCE CENTER,74-2277812,The Resource Center for Pregnancy and Personal Health,822 14th St,Greeley,CO,80631,"Care Net, Heartbeat International",https://www.tests4weld.com/ Yes,,https://www.facebook.com/hTtRtpCs:./G/trweiettleery.c/toimme/tliensets4greeley,,https://www.instagram.com/tests4greeley/,,,,
LIGHTHOUSE PREGNANCY CENTER,,,223 North Iowa St,Gunnison,CO,81230,Care Net,http://lighthousegunnison.org/ No,,https://www.facebook.com/hLtitgphst:h//otwusitetePr.rceogmna/Lnicgyh/thouseGunni,,,,,,
A CARING PREGNANCY RESOURCE CENTER OF NORTHEAST COLORADO - HOLYOKE,84-1498925,A Caring Crisis Pregnancy Center of Northeast Colorado,111 West Emerson St,Holyoke,CO,80734,"Care Net, Heartbeat International",https://acaringpregnancy.org/ Yes,,https://www.facebook.com/acaringpregnancy,,https://www.instagram.com/acaringpregnancyresource/,,,,
ARKANSAS VALLEY PREGNANCY CENTER,84-1554352,Arkansas Valley Pregnancy Center,118 West 4th St,La Junta,CO,81050,"Care Net, Heartbeat International",http://myavpc.com/ No,,https://www.facebook.com/profile.php?id=100063523212516,,,,,,
BIRTHLINE OF COLORADO,84-0617038,Birthline of Colorado,"1244 South Wadsworth Blvd, Suite B",Lakewood,CO,80232,Heartbeat International,https://birthlinecolo.org/ No,,https://www.facebook.com/hbtitrpthsl:i/n/tewciottleorr.acdoom/Birthline_Colo,,https://www.instagram.com/birthlinecolorado/,,,,
LIFE CHOICES - LONGMONT,74-2345974,Life Choices Pregnancy Center A Non Profit Corporation,20 Mountain View Ave,Longmont,CO,80501,"Care Net, Heartbeat International",http://lifechoices.org/ Yes,,https://www.facebook.com/life.choices.co/?ref=settings,,https://www.instagram.com/lifechoicescolorado/,,,,
BIRTHLINE OF LOVELAND,84-0893338,Birthline of Loveland,"1511 East 11th St, Suite 160",Loveland,CO,80537,Heartbeat International,http://www.birthlineloveland.org/ Yes,,https://www.facebook.com/hbtitrpthsl:i/n/tewlvitltnedr.com/birthlinelvlnd,,https://www.instagram.com/birthlineloveland/,,,,
LIFE CHOICES - LOVELAND,74-2345974,Life Choices Pregnancy Center A Non Profit Corporation,902 Redwood Dr,Loveland,CO,80538,"Care Net, Heartbeat International",http://lifechoices.org/ Yes,,https://www.facebook.com/life.choices.co/?ref=settings,,https://www.instagram.com/lifechoicescolorado/,,,,
LIFE CHOICES FAMILY RESOURCE CENTER,84-1026061,Life Choices Family Resource Center,155 Merchant Dr,Montrose,CO,81401,Care Net,http://lifechoicesmontrose.org/ No,,https://www.facebook.com/lifechoicesmontrose.org/,,,,,,
ASPIRE MEDICAL SERVICES AND EDUCATION,84-1393680,Aspire Medical Services and Education,602 South 8th St,Pagosa Springs,CO,81147,Heartbeat International,https://aspirepagosa.org/ No,,,,,,,,
LIFE NETWORK,84-0970592,Life Network,7189 Meridian Rd,Peyton,CO,80831,"Care Net, Heartbeat International",http://www.elifenetwork.com/ No,,https://www.facebook.com/hlitftepnse:/t/wtwoirtktecro.cloormad/loif/enetworkco,,,,,,
ACPC WOMEN'S CLINIC,74-2392820,Pueblo Crisis Pregnancy Center Inc,510 Colorado Ave,Pueblo,CO,81004,"Heartbeat International, Save the Storks",https://www.acpcwc.org/ No,,https://www.facebook.com/hatctppsc:p//utwebitltoer.com/AChPtCtpPsu:/e/wbwlow.youtube.comht/tcphsa:/n/wnewl/wU.CinpsttKagVr8aumY.ccComee/aec1pYcRpau_eUblhzotRtposa:/d/awcpcpueblo.org/sohl,,,,,,Pueblo Crisis Pregnancy Center; ACPC Women's Clinic
SALIDA PREGNANCY RESOURCE CENTER,84-1150636,Salida Pregnancy Resource Center,215 East 3rd St,Salida,CO,81201,Heartbeat International,http://www.salidapregnancycenter.com/ Yes,,https://www.facebook.com/SalidaPRC/,,,,,https://friendsofsprc.com/,
LIGHTHOUSE PREGNANCY RESOURCE CENTER,48-1265433,Lighthouse Helpline and Pregnancy Center,417 Cliff St,Silver Cliff,CO,81252,Heartbeat International,https://lighthousepfr.org/ No,,,,,,,https://www.lighthousewestcliffe.com/,
SELAH,84-1598103,Selah,"1560 Pine Grove Rd, Suite D",Steamboat Springs,CO,80487,Care Net,http://selahsteamboat.com/ Yes,,https://www.facebook.com/hStetplash:/S/twteiattmerb.cooamt//selahhttsptse:a//mwwbowa.tyoutube.comht/tcphsa:/n/wnewl/wU.Cin5sqta7g9rZaYmS.cCoimjg/8skeFlaChus0teEaRmRbaowat,,,,,,
A CARING PREGNANCY RESOURCE CENTER OF NORTHEAST COLORADO - STERLING,84-1498925,A Caring Crisis Pregnancy Center of Northeast Colorado,126 North 2nd St,Sterling,CO,80751,"Care Net, Heartbeat International",https://acaringpregnancy.org/ Yes,,https://www.facebook.com/acaringpregnancy,,https://www.instagram.com/acaringpregnancyresource/,,,,
HOPE PREGNANCY CENTER,74-2542073,Hope Pregnancy Center,1532 Sante Fe Trail,Trinidad,CO,81082,,No,,https://www.facebook.com/people/Hope-Pregnancy-Center-Trinidad-Co/100066346616853/,,,,,,
CHOICES - WOODLAND PARK,84-1244568,Woodland Park Pregnancy Center,228 South Baldwin St,Woodland Park,CO,80863,,http://whatchoices.com/ Yes,,https://www.facebook.com/choices.woodlandparkcripplecreek/?,,,,,,
A CARING PREGNANCY RESOURCE CENTER OF NORTHEAST COLORADO - WRAY,84-1498925,A Caring Crisis Pregnancy Center of Northeast Colorado,305 West 2nd St,Wray,CO,80758,"Care Net, Heartbeat International",https://acaringpregnancy.org/ Yes,,https://www.facebook.com/acaringpregnancy,,https://www.instagram.com/acaringpregnancyresource/,,,,
A CARING PREGNANCY RESOURCE CENTER OF NORTHEAST COLORADO - YUMA,84-1498925,A Caring Crisis Pregnancy Center of Northeast Colorado,"529 North Albany St, Suite 1250",Yuma,CO,80759,"Care Net, Heartbeat International",https://acaringpregnancy.org/ Yes,,https://www.facebook.com/acaringpregnancy,,https://www.instagram.com/acaringpregnancyresource/,,,,
HOPELINE PREGNANCY CENTER - BRIDGEPORT,06-1336310,Hopeline Women's Center Inc.,4749 Main St,Bridgeport,CT,06606,Care Net,https://hopelineprc.org/ No,,https://www.facebook.com/HopelinePregnancyCenter/,,https://www.instagram.com/hopeline_pregnancy_centers/,,,,
HOPE PREGNANCY CENTER - CHESHIRE,06-1207213,Hope Pregnancy Center,110 Main St,Cheshire,CT,,Care Net,http://hopepregnancycenterct.org/ No,,https://www.facebook.com/hopepregnancycenterct,,https://www.instagram.com/hopepregnancycenterct/?hl=en,,,,Hope for Life Inc
BIRTHRIGHT OF WESTBROOK,06-1045648,Birthright of Greater Westbrook,"150 East Main St, Unit 2",Clinton,CT,,Birthright International,http://birthright.org/westbrook No,,https://www.facebook.com/birthrightclintonct/,,,,,,Birthright of Westbrook
BIRTHRIGHT OF GREATER DANBURY,06-1423868,Birthright of Greater Danbury Inc.,238 White St,Danbury,CT,,Birthright International,https://birthright.org/greaterdanbury/ No,,https://www.facebook.com/people/Birthright-of-Greater-Danbury/100063223658853/,,,,,,
HOPELINE PREGNANCY RESOURCE CENTER - DANBURY,06-1336310,Hopeline Women's Center Inc.,"27 Hospital Ave, Unit 303",Danbury,CT,06810,Care Net,https://www.hopelineprc.org/ No,,https://www.facebook.com/HopelinePregnancyCenter/,,https://www.instagram.com/hopeline_pregnancy_centers/,,,,
BIRTHRIGHT OF GREATER HARTFORD,23-7378225,Birthright of Greater Hartford Inc.,"914 Main St, Suite 216",East Hartford,CT,06108,Birthright International,https://birthright.org/greaterhartford/ No,,,,,,,,
ST. GERARD'S CENTER FOR LIFE,36-4549329,St. Gerard's Center for Life Inc.,"241 Main St, 2nd Floor",Hartford,CT,06106,Heartbeat International,https://stgerardsforlife.org/ Yes,,,,,,,,
BIRTHRIGHT OF GREATER MERIDEN,06-1231541,Birthright of Greater Meriden Inc.,39 Center St,Meriden,CT,06450,Birthright International,https://birthrightmeriden.org/ No,,,,,,,,
ABC WOMEN'S CENTER - MIDDLETOWN,22-2990656,A Better Choice Women's Center Inc.,180 East Main St,Middletown,CT,06457,Care Net,http://abcwomenscenter.org/ Yes,,https://www.facebook.com/hatbtpcsw:/o/tmweitntesrc.ceonmte/rA/BCWomensCenter?ref_srhct=tptws:s//rwc%ww5E.ingsotoagglrea%m7.cCotmwc/aabmcpw%om5Eesnesrcpe%nt7eCrctwt/gr%5Eauthor,,,,,,
IN OUR BLESSED MOTHER'S ARMS,46-4099907,In Our Blessed Mother S Arms Inc,340 Whitney Ave,New Haven,CT,06511,Heartbeat International,https://inourblessedmothersarms.com/ Yes,,https://www.facebook.com/InOurBlessedMothersArms/,,,,,,
ST. GIANNA PREGNANCY RESOURCE CENTER,45-4425169,Saint Gianna Pregnancy Resource Center Inc,180 Sherman Ave,New Haven,CT,06511,Heartbeat International,https://giannacenter.org/ Yes,,https://www.facebook.com/saintgiannacenter/,,,,,,
ANCHOR OF HOPE,06-1287502,Pregnancy Support Center Inc,492 Montauk Ave,New London,CT,06320,Care Net,https://www.anchorofhopect.org/ Yes,,https://www.facebook.com/Care,NetNewLondon/,,,,,Anchor of Hope
MARY & JOSEPH'S PLACE,03-0346498,Our Lady of Guadalupe Home Foundation Inc.,"12 Village St, Suite 9",North Haven,CT,06473,,http://www.maryjosephsplace.org/ No,,,,,,,,
PATHWAYS PREGNANCY CENTER,83-2412468,Pathways Pregnancy Inc,101 West Town St,Norwich,CT,06360,Heartbeat International,https://www.pathwayspregnancy.org/ Yes,,https://www.facebook.com/profile.php?id=100037289415909,,,,,,
HOPELINE PREGNANCY RESOURCE CENTER - STAMFORD,06-1336310,Hopeline Women's Center Inc.,441 Summer St,Stamford,CT,06905,Care Net,http://www.hopelineprc.com/ No,,https://www.facebook.com/HopelinePregnancyCenter/,,https://www.instagram.com/hopeline_pregnancy_centers/,,,,
HOPE PREGNANCY CENTER - UNIONVILLE,06-1207213,Hope Pregnancy Center,25 New Britain Ave,Unionville,CT,06085,Care Net,http://hopepregnancycenterct.org/ No,,https://www.facebook.com/hopepregnancycenterct,,https://www.instagram.com/hopepregnancycenterct/?hl=en,,,,
CAROLYN'S PLACE PREGNANCY CARE CENTER,06-1346029,Carolyn's Place Inc.,137 Grandview Ave,Waterbury,CT,06708,Heartbeat International,No,,https://www.facebook.com/hCttaprso:l/y/tnwsiPttlearc.ceoPmre/cganraonlycnysC_aprleaCcee?nltaenrg=en,,,,,,
BIRTHRIGHT OF WINDHAM,06-1333408,Birthright of Windham Inc,122 Valley St,Willimantic,CT,06226,Birthright International,http://birthright.org/windham No,,,,,,,,
"CARING FAMILIES PREGNANCY SERVICES, INC.",06-1214017,Caring Families Pregnancy Services Inc,37 Ivan Hill St,Willimantic,CT,06226,Care Net,https://www.carefamilies.org/ No,,https://www.facebook.com/hctatpresf:a//mtwiliitetesr.com/Care,,NetNECT1,,,,
CAPITOL HILL PREGNANCY CENTER,52-1384736,Capitol Hill Crisis Pregnancy Center,713 Maryland Ave NE,Washington,DC,20002,Care Net,https://www.capitolhillpregnancycenter.org/ Yes,,https://www.facebook.com/CapitolHillPC/,,https://www.instagram.com/capitolhill_pregnancycenter/,,,,
THE NORTHWEST CENTER,52-1606784,The Northwest Center,2702 Ontario Rd NW,Washington,DC,20009,Heartbeat International,https://pregnancyhelpdc.org/ No,,,,,,,https://northwestcenter.org/contact/,
NEW DAY PREGNANCY CARE CENTER,51-0280800,New Day Pregnancy Care Center,811 South Governors Ave,Dover,DE,19904,,https://newdaypcc.com/ No,,https://www.facebook.com/newdaypcc,,https://www.instagram.com/newdaypcc/,,,,
SUSSEX PREGNANCY CARE CENTER,51-0272391,Sussex Pregnancy Care Center,5 Burger King Dr,Georgetown,DE,19947,Heartbeat International,http://sussexpregnancy.com/ Yes,,https://www.facebook.com/SussexPregnancyCare,,,,,,
BIRTHRIGHT OF WILMINGTON,23-7366927,Birthright of Delaware,1311 North Scott St,Wilmington,DE,19806,Birthright International,http://birthright.org/wilmington No,,,,,,,,
A DOOR OF HOPE PREGNANCY CENTER,51-0263402,A Door of Hope Pregnancy Center,"3407 Lancaster Pike, Suite B",Wilmington,DE,19805,Heartbeat International,http://adoorofhope.org/ No,,https://www.facebook.com/people/A-Door-of-Hope-Pregnancy-Center-Dehltatpwsa:/r/ew/w10w0.0in9s4ta8g2r8a9m6.4c2o9m9//adoorofhopede/,,,,,,
LIFE CHOICES MEDICAL CLINIC,30-0436392,Life Choices Medical Clinic,441 Maitland Ave,Altamonte Springs,FL,32701,Heartbeat International,http://www.lifechoicesfl.com/ Yes,,https://www.facebook.com/LifeChoicesMedicalClinic,,https://www.instagram.com/lifechoicesmedicalclinic/,,,,
PREGNANCY SOLUTIONS - ARCADIA,65-1085310,Pregnancy Solutions,209 West Oak St,Arcadia,FL,34266,Heartbeat Interational,http://pregnancysolutions.org/ Yes,,https://www.facebook.com/PregnancySolutions/,,,,,,
CHOICES FAMILY RESOURCE CENTERS - AVON PARK,42-1574213,Choices Family Resource Centers,12 South Lake Ave,Avon Park,FL,33825,Heartbeat International,http://choicesfrc.com/ No,,https://www.facebook.com/hCtthposi:c/e/tswFitRteCr./com/ChoicesFRC,,https://www.instagram.com/choices_frc_/,,,,
OPTIONS FOR WOMEN - BARTOW CLINIC,59-3521722,Options for Women Pregnancy Help Clinic,1140 East Main St,Bartow,FL,33830,Heartbeat International,http://www.optionsforwomenphc.com/ Yes,,https://www.facebook.com/OptionsforWomenInfoh/ttps://www.youtube.comht/t@pso:/p/wtiownwsf.oinrswtaogmreanm.com/options_for_women/,,,,,,
PALM BEACH WOMEN'S CLINIC - BOCA RATON,59-2248369,First Care Family Resource Inc,"200 Glades Rd, Suite 3",Boca Raton,FL,33432,Care Net,https://palmbeachwc.org/ No,,https://www.facebook.com/PalmBeachWomensClinic/,,https://www.instagram.com/palmbeachhwttposm:/e/fnirssctclianrice/forlife.com/about-us/,,,,
BIRTHLINE LIFELINE - BOYNTON BEACH,59-2470479,"Catholic Charities Diocese of Palm Beach, Inc.",212 East Boynton Beach Blvd,Boynton Beach,FL,33435,Heartbeat International,https://birthlinelifeline.org/ Yes,,https://www.facebook.com/catholiccharitiespb/,,,,,,
CARE NET MANASOTA PREGNANCY CENTER,65-0710238,Care Net Net Manasota Crisis Pregnancy Center,5111 26th St West,Bradenton,FL,34207,Care Net,https://carenetmanasota.com/ No,,https://www.facebook.com/hCttNpMs:P//tCwitter.com/CMhatntpass:o//twaww.youtube.comht/tcphsa:/n/wnewl/wU.CinAst4aig_rTaLm2.JcUoZmT/CRaUrBeN,,,,NHeGtmRaZnSa9sgota/,,
CHOICES,59-3229320,Choices Clinics,619 Eichenfeld Dr,Brandon,FL,33510,,https://choicesclinics.org/ Yes,,,,https://www.instaghrtatpms.:c//owmw/wch.toikictoeks.ccloinmic/s@brcahnodicoens/clinics,,,,
WOMEN'S HELP CENTER - CALLAHAN,59-3046444,Women's Help Center,541841 US Hwy 1,Callahan,FL,32011,Heartbeat International,http://www.pregnancyjacksonville.com/ Yes,,,,,,,,
THRIVE,65-0529641,Lifeline Family Center,907 Southeast 5th Ave,Cape Coral,FL,33990,Heartbeat International,https://thriveswfl.org/ No,,https://www.facebook.com/ThriveSWFL,https://www.youtube.comht/tcphsa:/n/wnewl/wU.CinnsEtaLgZraLmjd.HcdoBmE/tyhkriGveTsxw6vflt/Huw,,,,,Guiding Grace Family Support Network
HARMONY PREGNANCY & RESOURCE CENTER,,,721 Northeast 4th St,Chiefland,FL,32626,Heartbeat International,http://harmonyprc.org/ No,,https://www.facebook.com/harmonyprc.org/,,,,,,
THE KIMBERLY HOME PREGNANCY RESOURCE CENTER,59-2077208,The Kimberly Home,1189 Northeast Cleveland St,Clearwater,FL,33755,Heartbeat International,https://kimberlyhome.org/pregnancy-center No,,https://www.facebook.com/profile.php?id=61558487685492,,https://www.instagram.com/thekimberlyhome_clearwater,,,,
BAY AREA PREGNANCY CENTER - HIGH POINT,59-2606601,Bay Area Pregnancy Center,5812 150th Ave North,Clearwater,FL,33760,,http://www.mybapc.com/ No,,https://www.facebook.com/mybapc/,,,,,,
BAY AREA PREGNANCY CENTER - CLEARWATER,59-2606601,Bay Area Pregnancy Center,1940 Drew St,Clearwater,FL,33765,,http://www.mybapc.com/ No,,https://www.facebook.com/mybapc/,,,,,,
SOUTH LAKE PREGNANCY & FAMILY CARE CENTER,59-3682918,The River Corporation,"221 North Frontage Rd, Suite D & E",Clermont,FL,34711,Heartbeat International,http://www.slpfcc.org/ Yes,,https://www.facebook.com/SLakePregnancyCenter,,https://www.instagram.com/slpregnancycenter/,,,,
WAKULLA PREGNANCY CENTER,20-5189403,Wakulla Pregnancy Center,"2889 Crawfordville Hwy, Suite B",Crawfordville,FL,32326,Heartbeat International,http://www.wakullapregnancycenter.org/ No,,https://www.facebook.com/wakullapregnancy/,,https://www.instagram.com/wakullapregnancycenter/,,,,
CRESTVIEW PREGNANCY CENTER,59-3517500,Crestview Pregnancy Center,898 North Pearl St,Crestview,FL,32536,Heartbeat International,https://www.crestviewpregnancycenter.org/ No,,,,,,,,
CITRUS PREGNANCY CENTER - CRYSTAL RIVER,59-3597090,CITRUS PREGNANCY Center,726 NE Hwy 19,Crystal River,FL,34429,,http://citruspregnancy.org/ Yes,,https://www.facebook.com/CitrusPregnancyCenter/,,https://www.instagram.com/citruspreghntatpnsc:y/c/wewntwer.citruspregnancy.org/make-a-donation,,,,
FOUNDATIONS OF LIFE PREGNANCY CENTER - PASCO,59-0875805,Catholic Charities Diocese Of St Petersburg Inc,37733 Meridian Ave,Dade City,FL,33523,Heartbeat International,https://www.foundationsoflife.org/ Yes,,https://www.facebook.com/FOLPregnancyCtr/,,,,,,
OASIS PREGNANCY CARE CENTERS - DADE CITY,27-0204244,Oasis Pregnancy Care Centers Corporation,"36739 County Rd 52, Suite 108",Dade City,FL,33525,"Care Net, Heartbeat International",https://oasispregnancycenter.org/ No,,,,,,,,
PREGNANCY CRISIS CENTER,59-2992908,Pregnancy Crisis Center,416 North Ridgewood Ave,Daytona Beach,FL,32114,,https://www.pccdaytona.org/ No,,https://www.facebook.com/PCCDaytona/,,,,,,
RESOURCES FOR WOMEN,75-2996613,Resources for Women,"624 South Ridgewood Ave, Suite B",Daytona Beach,FL,32119,Care Net,https://resourcesforwomendaytona.com/ No,,https://www.facebook.com/ResourcesForWomenDaytona/,,https://www.instagram.com/ResourcesForWomenDaytona,,,,
PREGNANCY SUPPORT CENTER,59-0870368,Defuniak Springs First Baptist Church,295 Hwy 90 West,Defuniak Springs,FL,32435,Defuniak Springs First Baptist Church,https://eridan.websrvcs.com/templates/System/details.asp?Nido=45328&PID=647341,,https://www.facebook.com/people/Pregnancy-Support-Center/100057545225656/,,,,,,
COASTAL CHOICES WOMEN'S CLINIC,59-3668069,Coastal Choices Women's Clinic,336 North Woodland Blvd,DeLand,FL,32720,Heartbeat International,https://www.coastalchoices.org/ Yes,,https://www.facebook.com/CoastalChoicesFL,,https://www.instagram.com/coastalchoices/,,,,
CENTRAL FLORIDA WOMEN'S CENTER,26-2959738,Central Florida Pregnancy Center,"3151 Howland Blvd, Building 1, Suite A",Deltona,FL,32725,Heartbeat International,http://optionsforu.org/ Yes,,,,https://www.instagram.com/centralfloridapregnancycenter/,,,,
FOUNDATIONS OF LIFE PREGNANCY CENTER - DOVER SAN JOSE MISSION,59-0875805,Catholic Charities Diocese Of St Petersburg Inc,13571 San Juan Diego Way,Dover,FL,33527,Heartbeat International,https://www.foundationsoflife.org/ Yes,,https://www.facebook.com/FOLPregnancyCtr/,,,,,,
LIFE'S CHOICES WOMEN'S CLINIC - EUSTIS,86-1146587,Life's Choices Women's Clinic,27 East Pinehurst Blvd,Eustis,FL,32726,Heartbeat International,http://www.lifeschoices.net/ Yes,,https://www.facebook.com/profile.php?id=100086190543352,,https://www.instagram.com/lifeschoiceswomensclinic/,,,,
HOPE WOMEN'S CENTERS - FT. LAUDERDALE,65-0213258,Hope Pregnancy Centers,"1400 East Oakland Park Blvd, Suite 201",Ft. Lauderdale,FL,33334,"Care Net, Heartbeat International",https://hopewomenscenters.com/ Yes,,https://www.facebook.com/hHttoppse:/W/twoimtteern.csoCmen/hteorpsebroWard,,https://www.instagram.com/hopebroWard/,,,,
VERITY PREGNANCY AND MEDICAL RESOURCE CENTER,65-0339338,Verity,"8890 Salrose Ln, Suite 104",Ft. Myers,FL,33912,Heartbeat International,https://pregnancyfortmyers.com/ Yes,,https://www.facebook.com/VerityFL/,,https://www.instagram.com/veritypmc/https://www.veritypmc.com/,,,,
COMMUNITY PREGNANCY CLINIC - FT. MYERS,51-0204833,Community Pregnancy Clinics,"9281 College Pkwy, Suite 101",Ft. Myers,FL,33919,Heartbeat International,http://www.communitypregnancyclinic.com/cpc/ Yes,,,,https://www.instagram.com/communitypregnancyclinics/,,,,
BIRTHLINE LIFELINE - FORT PIERCE,59-2470479,"Catholic Charities Diocese of Palm Beach, Inc.",1119 Delaware Ave,Ft. Pierce,FL,34950,Heartbeat International,https://birthlinelifeline.org/ Yes,,https://www.facebook.com/catholiccharitiespb/,,,,,,
WOMEN'S CARE CENTER - FORT PIERCE,46-0692758,Women's Care Center of IRC Inc.,911 Delaware Ave,Ft. Pierce,FL,34950,Heartbeat Interational,https://www.womenscarecenter.org/fort-pierce-florida No,,,,,,,,
FORT WALTON BEACH CENTER FOR WOMEN,,,117 Robinwood Dr SW,Ft. Walton Beach,FL,32549,Heartbeat International,https://fwbcenterforwomen.org/ Yes,,https://www.facebook.com/fwbcenterforwomen/,,,,,,
SIRA,51-0167190,Sira,912 NW 13th St,Gainesville,FL,32601,Care Net,http://www.siragainesville.com/ Yes,,https://www.facebook.com/siragainesville/,,https://www.instagram.com/siragainesville/,,,,
COMMUNITY PREGNANCY CLINIC - GAINESVILLE,51-0204833,Community Pregnancy Clinics,"1800 West University Ave, Suite 310",Gainesville,FL,32603,Heartbeat International,http://www.communitypregnancyclinic.com/cpc/ Yes,,,,https://www.instagram.com/communitypregnancyclinics/,,,,
A WOMAN'S ANSWER MEDICAL CENTER,20-1521374,Lumen Vitae of Gainesville,1219 NW 10th Ave,Gainesville,FL,32607,Heartbeat International,http://www.awomansanswer.net/ Yes,,,,,,,,
CARING CHOICES,59-1785681,Gainesville Agency Catholic Charities,1701 NE 9th St,Gainesville,FL,32609,Catholic Charities,https://www.caringchoicesnorthflorida.org/ No,,https://www.facebook.com/caringchoicesgville,,,,,,
BETHANY CHRISTIAN SERVICES - GULF COAST,,,14 Live Oak St Suite 1A,Gulf Breeze,FL,32561,Heartbeat International,https://bethany.org/locations/us/florida/the-gulf-coast No,,,,,,,,
HIALEAH PREGNANCY HELP MEDICAL CLINIC,20-8155890,Heartbeat of Miami,390 West 49th St,Hialeah,FL,33012,Heartbeat International,http://www.pregnancyhelpclinics.org/ No,,,,https://www.instagram.com/pregnancyhelpclinics/,,,,
HOMESTEAD PREGNANCY HELP MEDICAL CLINIC,20-8155890,Heartbeat of Miami,922 North Krome Ave,Homestead,FL,33030,Heartbeat International,http://www.pregnancyhelpclinics.org/ No,,,,https://www.instagram.com/pregnancyhelpclinics/,,,,
IMMOKALEE PREGNANCY CENTER,33-1205697,Immokalee Pregnancy Center,"1011 West Main St, Suite 1",Immokalee,FL,34142,Heartbeat International,https://www.immokaleepregnancy.com/ Yes,,https://www.facebook.com/profile.php?id=100048541220211,,,,,https://partner.immokaleepregnancy.com/,
CITRUS PREGNANCY CENTER - IVERNESS,59-3597090,CITRUS PREGNANCY Center,3185 East Thomas St,Inverness,FL,34450,,http://citruspregnancy.org/ Yes,,https://www.facebook.com/CitrusPregnancyCenter/,,https://www.instagram.com/citruspreghntatpnsc:y/c/wewntwer.citruspregnancy.org/make-a-donation,,,,
THE PREGNANCY AND FAMILY LIFE CENTER,59-2316370,The Pregnancy and Family Life Center,3275 South Florida Ave,Inverness,FL,34450,Heartbeat International,https://pflcenter.org/ No,,https://www.facebook.com/hptftlpcse:n//txe.rc/om/pflcenterhttps://www.youtube.com/channel/UC8iGBm4AKhksMzDWDYhUttpHs9:Y//wAww.partnersofpflc.org/,,,,,,
ASCENSION ST. VINCENT'S PREGNANCY RESOURCE CENTER - RIVERSIDE,,,1637 King St,Jacksonville,FL,32204,,https://healthcare.ascension.org/locations/florida/fljac/jacksNonoville-ascension-st-vincents-pregnancy-resource-center-riverside,,,,,,,,
WOMEN'S HELP CENTER - WESTSIDE,59-3046444,Women's Help Center,4116 Blanding Blvd,Jacksonville,FL,32210,Heartbeat International,http://www.pregnancyjacksonville.com/ Yes,,,,,,,,
"LIFELINE RESOURCES, INC.",27-1692992,Lifeline Resources Inc,"3733 Southside Blvd, Suite 8",Jacksonville,FL,32216,Heartbeat International,https://www.lifelineresourcesjax.com/ No,,https://www.facebook.com/LifelineResourcesInc,,,,,,
WOMEN'S HELP CENTER - JACKSONVILLE SOUTHSIDE,59-3046444,Women's Help Center,4209 University Blvd South,Jacksonville,FL,32216,Heartbeat International,http://www.pregnancyjacksonville.com/ Yes,,,,,,,,
FIRST COAST WOMEN'S SERVICES - NORTHSIDE,59-3200240,First Coast Womens Services,404 Owens Rd,Jacksonville,FL,32216,Heartbeat International,https://fcws.org/ No,,https://www.facebook.com/fcwsprc,,https://www.instagram.com/fcwsjax/?hl=en,,,,
FIRST COAST WOMEN'S SERVICES - MANDARIN,59-3200240,First Coast Womens Services,11215 San Jose Blvd,Jacksonville,FL,32223,Heartbeat International,https://fcws.org/ No,,https://www.facebook.com/fcwsprc,,https://www.instagram.com/fcwsjax/?hl=en,,,,
FIRST COAST WOMEN'S SERVICES - KERNAN,59-3200240,First Coast Womens Services,3475 Kernan Blvd South,Jacksonville,FL,32224,Heartbeat International,https://fcws.org/ No,,https://www.facebook.com/fcwsprc,,https://www.instagram.com/fcwsjax/?hl=en,,,,
WOMEN'S HELP CENTER - JACKSONVILLE ARLINGTON,59-3046444,Women's Help Center,6903 Merrill Rd,Jacksonville,FL,32277,Heartbeat International,https://pregnancyjacksonville.com Yes,,,,,,,,
KENDALL PREGNANCY HELP MEDICAL CLINIC,20-8155890,Heartbeat of Miami,10100 Southwest 107th Ct,Kendall,FL,33176,Heartbeat International,http://www.pregnancyhelpclinics.org/ No,,,,https://www.instagram.com/pregnancyhelpclinics/,,,,
OSCEOLA PREGNANCY CENTER,27-2714007,Osceola Pregnancy Center,1340 West Columbia Ave,Kissimmee,FL,34741,Heartbeat International,http://www.opchelp.org/ No,,https://www.facebook.com/OsceolaPregnancyCenter/,,https://www.instagram.com/osceolapc/,,,,
JMJ PREGNANCY CENTER - KISSIMEE,65-0165332,JMJ Life Center,800 North Rose Ave,Kissimmee,FL,34744,Heartbeat International,https://www.jmjpc.org/ Yes,,,,,,,,
CHOICES WOMEN'S CLINIC - KISSIMMEE,59-2343999,Choices Womens Clinic Inc,217 East Oak St,Kissimmee,FL,34744,"Care Net, Heartbeat International",http://www.choiceswomensclinic.com/ No,,,,,,,,
PREGNANCY CARE CENTER - LAKE CITY,59-2553369,Pregnancy Crisis Center of Lake City,130 NW Hilton Ave,Lake City,FL,32025,"Care Net, Heartbeat International",http://www.northfloridapregnancy.com/ Yes,,,,https://www.instagram.com/pregnancycarecenter386/,,,,
CHOICES FAMILY RESOURCE CENTER - LAKE PLACID,42-1574213,Choices Family Resource Centers,225 East Royal Palm St,Lake Placid,FL,33852,"Care Net, Heartbeat International",http://choicesfrc.com/ No,,https://www.facebook.com/hCtthposi:c/e/tswFitRteCr./com/ChoicesFRC,,https://www.instagram.com/choices_frc_/,,,,
CHOICES PREGNANCY CARE PROGRAM,59-2015847,Lake Wales Care Center Inc,210 Dr. JA Wiltshire Ave,Lake Wales,FL,33853,Heartbeat International,https://choiceslakewales.com/ Yes,,https://www.facebook.com/ChoicesPCP,,https://www.instagram.com/choicespregnancycare/,,,,
A WOMAN'S CHOICE,59-2853796,A Woman's Choice,1234 East Lime St,Lakeland,FL,33801,"Care Net, Heartbeat International",http://www.yourchoicelakeland.com/ No,,,,,,,,
OPTIONS FOR WOMEN - DREAM CENTER,59-3521722,Options for Women Pregnancy Help Clinic,632 West 5th St,Lakeland,FL,33813,Heartbeat International,http://www.optionsforwomenphc.com/ Yes,,https://www.facebook.com/OptionsforWomenInfoh/ttps://www.youtube.comht/t@pso:/p/wtiownwsf.oinrswtaogmreanm.com/options_fohrt_tpwso:m//oefnw/support.com/,,,,,,
OPTIONS FOR WOMEN - MAIN CLINIC,59-3521722,Options for Women Pregnancy Help Clinic,4504 South Florida Ave,Lakeland,FL,33813,Heartbeat International,http://www.optionsforwomenphc.com/ Yes,,https://www.facebook.com/OptionsforWomenInfoh/ttps://www.youtube.comht/t@pso:/p/wtiownwsf.oinrswtaogmreanm.com/options_for_women/,,,,,,
OASIS PREGNANCY CARE CENTERS - LAND O LAKES,27-0204244,Oasis Pregnancy Care Centers Corporation,"3632 Land O Lakes Blvd, Suite 108",Land O Lakes,FL,34639,"Care Net, Heartbeat International",http://oasispregnancycenter.org/ No,,,,,,,,
LIFE'S CHOICES WOMEN'S CLINIC - LEESBURG,86-1146587,Life's Choices Women's Clinic,"26540 Ace Ave, Suite C-108",Leesburg,FL,34748,Heartbeat International,http://www.lifeschoices.net/ Yes,,https://www.facebook.com/profile.php?id=100086190543352,,https://www.instagram.com/lifeschoiceswomensclinic/,,,,
PREGNANCY & FAMILY CARE CENTER,59-2790823,Christian Care Center Inc,"1309 High St, Building 104",Leesburg,FL,34748,Christian Care Center,https://www.3choicespregnancy.com/ No,,https://www.facebook.com/PFCC777/,,,,,,
PREGNANCY CARE CENTER - LIVE OAK,59-2553369,Pregnancy Crisis Center of Lake City,137 Grande St NE,Live Oak,FL,32064,"Care Net, Heartbeat International",http://www.northfloridapregnancy.com/ Yes,,,,https://www.instagram.com/pregnancycarecenter386/,,,,
LIFECHOICES FAMILY MEDICAL,27-0147122,Lifechoices Womens Care,18560 North Dale Mabry Hwy,Lutz,FL,33548,,https://lifechoicesmedical.com/ Yes,,https://www.facebook.com/guidingstartampa/?fref=ts,,,,,,
FIRST COAST WOMEN'S SERVICES - BAKER COUNTY,59-3200240,First Coast Women's Services,368 South 5th St,MacClenny,FL,32063,Heartbeat Interational,https://fcws.org/ No,,https://www.facebook.com/fcwsprc,,https://www.instagram.com/fcwsjax/?hl=en,,,,
A WOMEN'S PREGNANCY CENTER,45-2645388,A Womens Pregnancy Center of Madison,345 NW Marion St,Madison,FL,32341,Heartbeat International,https://womensprc.org/ Yes,,https://www.facebook.com/fcwsprc,,https://www.instagram.com/fcwsjax/?hl=en,,,,
TRI-COUNTY PREGNANCY CENTER - MCINTOSH,59-3333443,Tri-County Pregnancy Center,20098 North U.S. Hwy 441,McIntosh,FL,32664,,http://www.tcpcfl.org/ No,,https://www.facebook.com/profile.php?id=100064364482593,,,,,,
"PREGNANCY RESOURCES, INC.",59-2542341,Pregnancy Resources,"1678 West Hibiscus Blvd, Suite 102",Melbourne,FL,32935,"Care Net, Heartbeat International",https://www.pregnancyresourcesmelbourne.com/contactNo,,,,,,,,
AGAPE WOMEN'S CENTER,65-1147525,First Space Coast Foundation Inc,300 Magnolia Ave,Meritt Island,FL,32952,"Care Net, Heartbeat International, NIFLA",www.agapewomenscenter.org Yes,,https://www.facebook.com/apc.helps,https://www.youtube.comht/t@psa:/g/wapweww.oinmsteangsrcaemn.tceorm/agapewomenscenter/,,,,,
FLAGLER PREGNANCY HELP MEDICAL CLINIC,20-8155890,Heartbeat of Miami,4391 West Flagler St,Miami,FL,33134,Heartbeat International,http://www.pregnancyhelpclinics.org/ No,,,,https://www.instagram.com/pregnancyhhtteplp:/c/hlienaicrstb/eatofmiami.org/,,,,
TREE OF LIFE PARENTING CENTER,85-0906016,Family Tree of Life Inc,1701 NW 66th St,Miami,FL,33147,,https://www.treeoflifemiami.org/ No,,https://www.facebook.com/TreeofLifeParentingCenter,,https://www.instagram.com/treeoflife_center/,,,,
PREGNANCY OPTIONS MIAMI,46-2090745,Eve's Hope,180 NW 167th St,Miami,FL,33169,,http://www.pregnancyoptionsmiami.org/ No,,https://www.facebook.com/hptrtepgsn:/a/xn.ccoyomp/teiovnessmhoiapmehi/e?lrpef=br_rs,,https://www.instagram.com/pregnancyoptionsmiami/,,,,
LIFE OPTIONS CLINIC,59-3286778,Life Options Clinic,5775 Berryhill Rd,Milton,FL,32570,Heartbeat International,https://lifeoptionsclinic.org/ Yes,,https://www.facebook.com/lifeoptionsclinicFL,,https://www.instagram.com/lifeoptionsclinic/,,,,
COMMUNITY PREGNANCY CLINIC - NAPLES DOWNTOWN,51-0204833,Community Pregnancy Clinics,"661 Goodlette-Franklin Rd, Suite 101",Naples,FL,34102,Heartbeat International,http://www.communitypregnancyclinic.com/cpc/ Yes,,,,https://www.instagram.com/communitypregnancyclinics/,,,,
COMMUNITY PREGNANCY CLINIC - NAPLES MIDTOWN,51-0204833,Community Pregnancy Clinics,"2977 Goodlette-Frank Rd North, Suite 51",Naples,FL,34103,Heartbeat International,http://www.communitypregnancyclinic.com/cpc/ Yes,,,,https://www.instagram.com/communitypregnancyclinics/,,,,
WOMEN'S CARE CENTER - NAPLES,,,3015 Tamiami Trail East,Naples,FL,34112,Heartbeat International,https://www.womenscarecenter.org/naples-florida No,,,,,,,,
OASIS PREGNANCY CARE CENTERS - NEW PORT RICHEY,27-0204244,Oasis Pregnancy Care Centers Corporation,6205 Viola Ln,New Port Richey,FL,34653,"Care Net, Heartbeat International",https://oasispregnancycenter.org/ No,,,,,,,,
HOPE WOMEN'S CENTERS - NORTH LAUDERDALE,65-0213258,Hope Pregnancy Centers,943 Southwest 71 Ave,North Lauderdale,FL,33068,"Care Net, Heartbeat International",http://hopewomenscenters.com/ Yes,,https://www.facebook.com/hHttoppse:/W/twoimtteern.csoCmen/hteorpsebroWard,,https://www.instagram.com/hopebroWard/,,,,
NORTH MIAMI PREGNANCY HELP MEDICAL CLINIC,20-8155890,Heartbeat of Miami,660 NE 125th St,North Miami,FL,33161,Heartbeat International,http://www.pregnancyhelpclinics.org/ No,,,,https://www.instagram.com/pregnancyhelpclinics/,,,,
PREGNANCY SOLUTIONS - NORTH PORT,65-1085310,Pregnancy Solutions,"5400 South Biscayne Dr, Suite G",North Port,FL,34287,Heartbeat International,http://pregnancysolutions.org/ Yes,,https://www.facebook.com/PregnancySolutions/,,https://www.instagram.com/pregnancysolutions/,,,,
WOMEN'S PREGNANCY CENTER,59-2017427,Education For Life Inc,1701 East Silver Springs Blvd,Ocala,FL,34470,Heartbeat International,https://wpcocala.com/ Yes,,https://www.facebook.com/wpcocala,,https://www.instagram.com/wpcocala,,,,
ALPHA CENTER FOR WOMEN - OCALA,59-3541234,Good News For Life Inc,118 North Pine Ave,Ocala,FL,34475,Heartbeat International,,,https://www.facebook.com/alphaocala/,,,,,,
PREGNANCY CENTER OF OKEECHOBEE,33-1164762,Pregnancy Center of Okeechobee,808 Northeast Park St,Okeechobee,FL,34972,"Care Net, Heartbeat International",http://okeepregcenter.com/ No,,,,,,,,
FIRST COAST WOMEN'S SERVICES - CLAY COUNTY,59-3200240,First Coast Womens Services,105 Old Jennings Rd,Orange Park,FL,32065,Heartbeat International,http://fcws.org/ No,,https://www.facebook.com/fcwsprc,,https://www.instagram.com/fcwsjax/?hl=en,,,,
CHOICES WOMEN'S CLINIC - DOWNTOWN,59-2343999,Choices Womens Clinic Inc,1851 West Colonial Dr,Orlando,FL,32804,"Care Net, Heartbeat International",http://www.choiceswomensclinic.com/ No,,,,,,,,
JMJ PREGNANCY CENTER - ORLANDO,65-0165332,Jmj Life Center Inc,1401 West Colonial Dr,Orlando,FL,32804,Heartbeat International,https://jmjpc.org/ Yes,,,,,,,,
FIRST EMBRACE,45-3438576,First Community Care Inc,"3125 Bruton Blvd, Suite B",Orlando,FL,32805,Heartbeat International,http://www.pregnancyanswers.org/ Yes,,,,,,,,
ASSURED WOMEN'S HEALTHCARE,45-3910018,Assured Womens Healthcare Inc,2025 Culver Rd,Orlando,FL,32817,,https://assuredorlando.org/ No,,https://www.facebook.com/AssuredWomensHealthcare,,https://www.instagram.com/assuredwomenshealthcare/,,,,Thrive Orlando
BETHANY CHRISTIAN SERVICES - ORLANDO,,,"7751 Kingspoint Pkwy, Suite 126",Orlando,FL,32819,Bethany Christian Services,https://bethany.org/locations/us/florida/central-florida No,,,,,,,,
PREGNANCY OPTIONS MIAMI - OVERTOWN,46-2090745,Eve's Hope,217 NW 15th St,Overtown,FL,33136,,http://www.pregnancyoptionsmiami.org/ No,,https://www.facebook.com/hptrtepgsn:/a/xn.ccoyomp/teiovnessmhoiapmehi/e?lrpef=br_rs,,https://www.instagram.com/pregnancyoptionsmiami/,,,,
CHOICES WOMEN'S CLINIC - UCF,59-2343999,Choices Womens Clinic Inc,100 Carrigan Ave,Oviedo,FL,32765,"Care Net, Heartbeat International",http://www.choiceswomensclinic.com/ No,,,,,,,,
A WOMEN'S RESOURCE CENTER,59-3569298,A Womens Resource Center of Palatka FL,219 North Palm Ave,Palatka,FL,32177,"Care Net, Heartbeat International",https://awrcenter.org/ No,,,,,,,,
PALM BEACH WOMEN'S CLINIC - PALM BEACH GARDENS,59-2248369,First Care Family Resource Inc,"8645 North Military Trail, Suite 512",Palm Beach Gardens,FL,33410,Care Net,https://palmbeachwc.org/ No,,https://www.facebook.com/PalmBeachWomensClinic/,,https://www.instagram.com/palmbeachhwttposm:/e/fnirssctclianrice/forlife.com/about-us/,,,,
ALPHA WOMEN'S CENTER,59-3559606,Alpha Pregnancy Center of Palm Coast,"20 Airport Rd, Suite A",Palm Coast,FL,32164,Heartbeat International,https://alphawomencenter.org Yes,,https://www.facebook.com/alphawomencenter/,,https://www.instagram.com/flaglerwomenscenter,,,,Flagler Women's Center
PREGNANCY OPTIONS MIAMI - PALMETTO BAY,46-2090745,Eve's Hope,"9000 Southwest 152nd St, Suite 105",Palmetto Bay,FL,33157,,http://www.pregnancyoptionsmiami.org/ No,,https://www.facebook.com/hptrtepgsn:/a/xn.ccoyomp/teiovnessmhoiapmehi/e?lrpef=br_rs,,https://www.instagram.com/pregnancyhottpptsio:/n/esmveiashmoi/pe.info/,,,,
NORTH RIVER CARE PREGNANCY CENTER,01-0713126,North River Care,"1020 10th Ave West, Suite 100",Palmetto,FL,34221,,http://www.northrivercare.org/ No,,,,,,,,
PREGNANCY RESOURCE CENTER OF PANAMA CITY,59-2554673,Pregnancy Resource Center of Panama City,701 Jenks Ave,Panama City,FL,32401,"Care Net, Heartbeat International",http://anotherheart.org/ Yes,,https://www.facebook.com/anotherheart,,https://www.instagram.com/prc_panama_city/,,,,
A SHELTERING TREE,59-2793858,St Andrew Christian Care Center Inc,1616 Cincinnati Ave,Panama City,FL,32401,,https://sacccpc.org/pregnancy-care-center-1 No,,https://www.facebook.com/people/A-Sheltering-Tree/100048536786986/,,,,,,
HOPE WOMEN'S CENTER - PEMBROKE PINES,65-0213258,Hope Pregnancy Centers,"10081 Pines Blvd, Suite E-1",Pembroke Pines,FL,33023,"Care Net, Heartbeat International",https://www.hopewomenscenters.com/ Yes,,https://www.facebook.com/hHttoppse:/W/twoimtteern.csoCmen/hteorpsebroWard,,https://www.instagram.com/hopebroWard/,,,,
SAFE HARBOR PREGNANCY MEDICAL CENTER,59-2941896,Safe Harbor Pregnancy Medical Center,2280 North 9th Ave,Pensacola,FL,32503,Care Net,https://www.safeharborpmc.org/ Yes,,https://www.facebook.com/SafeHarborFriends/,,,,,https://www.shfriends.org/,
ALPHA CENTER,23-7399367,Alpha Center,6004 Pernella Rd,Pensacola,FL,32504,Heartbeat International,https://alphacenterinc.org/ No,,,,,,,,
A WOMAN'S PLACE MEDICAL CLINIC - PINELLAS PARK,59-2588366,New Life Solutions Inc,8001 66th St North,Pinellas Park,FL,33781,Heartbeat International,https://www.awomansplaceclinic.com/ Yes,,https://www.facebook.com/AWomansPlaceMedical/,,https://www.instagram.com/awomansplaceclinic,,,,
PREGNANCY CARE CENTER OF PLANT CITY,59-3139161,Pregnancy Care Center of Plant City,304 North Collins St,Plant City,FL,33563,"Care Net, Heartbeat International",http://plantcitypregnancycenter.org/ Yes,,https://www.facebook.com/PregnancyCareCenterofPlantCity,,https://www.instagram.com/pregnancyh_ttcpasr:e//_scuepnptoerrt_.pplca/ntcitypregnancycenter.org/,,,,
PREGNANCY SOLUTIONS - PORT CHARLOTTE,65-1085310,Pregnancy Solutions,"950 Tamiami Trail, Suite 105",Port Charlotte,FL,33948,Heartbeat International,https://pregnancysolutions.org/ Yes,,,,,,,,
CARE NET PREGNANCY SERVICES OF THE TREASURE COAST- PORT ST. LUCIE EAST,65-0156575,Crisis Pregnancy Center of the Treasure Coast,6704 South US Hwy 1,Port St. Lucie,FL,34952,Care Net,https://www.carenettc.com/ Yes,,https://www.facebook.com/Care,Nettc,https://www.instagram.com/Care,,Nettc/,,
CARE NET PREGNANCY SERVICES OF THE TREASURE COAST - DARWIN SQUARE,65-0156575,Crisis Pregnancy Center of the Treasure Coast,3237 SW Port St. Lucie Blvd.,Port St. Lucie,FL,34952,Care Net,https://www.carenettc.com/ Yes,,https://www.facebook.com/Care,Nettc,https://www.instagram.com/Care,,Nettc/,,
THE PREGNANCY CENTER OF SANFORD,59-3458060,Sanford Crisis Pregnancy Center,1002 South French Ave,Sanford,FL,32771,Heartbeat International,https://thepregnancycenters.com/ Yes,,https://www.facebook.com/ThePregnancyCenters,,,,,,
COMMUNITY PREGNANCY CLINIC - SARASOTA,51-0204833,Community Pregnancy Clinics,1419 7th St,Sarasota,FL,34236,Heartbeat International,http://www.communitypregnancyclinic.com/cpc/ Yes,,,,https://www.instagram.com/communitypregnancyclinics/,,,,
SARASOTA MEDICAL PREGNANCY CENTER,05-0533818,Sarasota Medical Pregnancy Center,"1762 Hawthorne St, Suite 5",Sarasota,FL,34239,"Care Net, Heartbeat International",http://www.sarasotapregnancy.com/ No,,https://www.facebook.com/sarasotapregnancy/,,https://www.instagram.com/sarasotaphrettgpnsa:/n/dcoyn/or.sarasotapregnancy.com/home,,,,
CHOICES PREGNANCY CARE CENTER - SEBRING,42-1574213,Choices Family Resource Centers,1119 U.S. Hwy 27 South,Sebring,FL,33870,"Care Net, Heartbeat International",http://choicesfrc.com/ No,,https://www.facebook.com/hCtthposi:c/e/tswFitRteCr./com/ChoicesFRC,,https://www.instagram.com/choices_frc_/,,,,
FOUNDATIONS OF LIFE PREGNANCY CENTER - PINELLAS,59-0875805,Catholic Charities Diocese Of St Petersburg Inc,6247 Seminole Blvd,Seminole,FL,33772,Heartbeat International,https://www.foundationsoflife.org/ Yes,,https://www.facebook.com/FOLPregnancyCtr/,,,,,,
FOUNDATIONS OF LIFE PREGNANCY CENTER - SPRING HILL-HERNANDO COUNTY,59-0875805,Catholic Charities Diocese Of St Petersburg Inc,8370 Forest Oaks Blvd,Spring Hill,FL,34606,Heartbeat International,https://www.foundationsoflife.org/ Yes,,https://www.facebook.com/FOLPregnancyCtr/,,,,,,
A NEW GENERATION,59-3596705,A New Generation of Hernando,3027 Landover Blvd,Spring Hill,FL,34609,Care Net,https://anewgen.org/ No,,,,,,,,
FIRST COAST WOMEN'S SERVICES - ST. AUGUSTINE,59-3200240,First Coast Womens Services,232 Southpark Circle East,St. Augustine,FL,32086,Heartbeat Interational,https://fcws.org/ No,,https://www.facebook.com/fcwsprc,,https://www.instagram.com/fcwsjax/?hl=en,,,,
THE NEXT STEPP LIFE CENTER,59-3173118,St Petersburg Pregnancy Center The Next STEPP Center,1210 22nd St South,St. Petersburg,FL,33712,Care Net,http://nextstepp.org/ No,,https://www.facebook.com/TheNextStepp,,,,,,
BAY AREA PREGNANCY CENTER - ST. PETERSBURG,59-2606601,Bay Area Pregnancy Center,4501 30th Ave North,St. Petersburg,FL,33714,,http://www.mybapc.com/ No,,https://www.facebook.com/mybapc/,,,,,,
PREGNANCY HELP & INFORMATION CENTER,59-1745861,Pregnancy Help and Information Center,1710 South Gadsden St,Tallahassee,FL,32301,Heartbeat International,http://phicenter.org/ Yes,,https://www.facebook.com/PHICenter/,,https://www.instagram.com/phicenter.tlh,,,,
WOMEN'S CLINIC OF TALLAHASSEE,82-1270885,Healthy Woman Women's Clinics of Florida,"1605 East Plaza Dr, Suite 103",Tallahassee,FL,32301,,http://www.womensclinictallahassee.com/ No,,https://www.facebook.com/WomensClinicTallahassee/,,,,,,
A WOMEN'S PREGNANCY CENTER,59-2632869,A Women's Pregnancy Center,919 West Pensacola St,Tallahassee,FL,32304,Heartbeat International,http://www.awomenspregnancycenter.com/ Yes,,https://www.facebook.com/awomenspregnancycentertallahassee,,https://www.instagram.com/awpc.tally/,,,,
FOUNDATIONS OF LIFE PREGNANCY CENTER - TAMPA,59-0875805,Catholic Charities Diocese Of St Petersburg Inc,6845 North Dale Mabry Hwy,Tampa,FL,33612,Heartbeat International,https://www.foundationsoflife.org/ Yes,,https://www.facebook.com/FOLPregnancyCtr/,,,,,,
KNIGHTS WOMEN'S CENTER,59-0875805,Catholic Charities Diocese Of St Petersburg Inc,2002 East Fletcher Ave,Tampa,FL,33612,Heartbeat International,http://www.ccdosp.org/knights-womens-center/ No,,https://www.facebook.com/hCttCphsa:/r/titwieitsteDrO.cSoPm/CChhtatpristi:e//swDwOwS.yPoutube.comht/tcphsa:/n/wnewl/wU.CinpsZta2gEraXmV.ocIoJmv9/vc0chvoamritLieOsdUoHs8pw/,,,,,,
A WOMAN'S PLACE MEDICAL CLINIC - TOWN N COUNTRY,59-2588366,New Life Solutions Inc,"6301 Memorial Hwy, Suite 204",Tampa,FL,33612,Heartbeat International,https://www.awomansplaceclinic.com/ Yes,,https://www.facebook.com/AWomansPlaceMedical/,,https://www.instagram.com/awomansplaceclinic/,,,,
OASIS PREGNANCY CARE CENTERS - TAMPA,27-0204244,Oasis Pregnancy Care Centers Corporation,14620 North Nebraska Ave C,Tampa,FL,33613,"Care Net, Heartbeat International",https://oasispregnancycenter.org/ No,,,,,,,,
A WOMAN'S PLACE MEDICAL CLINIC - NORTH TAMPA,59-2588366,New Life Solutions Inc,14492 University Cove Place,Tampa,FL,33613,Heartbeat International,https://www.awomansplaceclinic.com/ Yes,,https://www.facebook.com/AWomansPlaceMedical/,,https://www.instagram.com/awomansplaceclinic/,,,,
UPPER PINELLAS PREGNANCY SUPPORT,,,80 North Walton Ave,Tarpon Springs,FL,34689,St Ignatius of Antioch Catholic Church,https://www.saintignatius.net/UPPCS,,,,,,,,
PREGNANCY SOLUTIONS - VENICE,65-1085310,Pregnancy Solutions,504 East Venice Ave,Venice,FL,34285,Heartbeat International,http://pregnancysolutions.org/ Yes,,,,,,,,
"VENICE AREA PREGNANCY CARE CENTER, INC.",65-0020968,Venice Area Pregnancy Care Center,301 Bayshore Dr,Venice,FL,34285,,http://www.vapcc.org/ No,,https://www.facebook.com/veniceareapregnancycarecenter/,,,,,,
CARE NET PREGNANCY CENTER OF INDIAN RIVER COUNTY,59-2344840,Care Net Pregnancy Center of IRC,"1355 37th St, Suite 301",Vero Beach,FL,32960,"Care Net, Heartbeat International",https://carenetirc.org/ Yes,,,,,,,,
CHOICES FAMILY RESOURCE CENTERS - WAUCHALA,42-1574213,Choices Family Resource Centers,417 Carlton St,Wauchula,FL,33873,"Care Net, Heartbeat International",http://choicesfrc.com/ No,,https://www.facebook.com/hCtthposi:c/e/tswFitRteCr./com/ChoicesFRC,,https://www.instagram.com/choices_frc_/,,,,
OASIS PREGNANCY CARE CENTERS - WESLEY CHAPEL,27-0204244,Oasis Pregnancy Care Centers Corporation,"5854 Argerian Dr, Suite 103",Wesley Chapel,FL,33545,"Care Net, Heartbeat International",http://oasispregnancycenter.org/ No,,,,,,,,
BIRTHLINE LIFELINE - WEST PALM BEACH,59-2470479,"Catholic Charities Diocese of Palm Beach, Inc.",3115 45th St.,West Palm Beach,FL,33407,Heartbeat Interational,https://birthlinelifeline.org/ Yes,,https://www.facebook.com/catholiccharitiespb/,,,,,,
TRI-COUNTY PREGNANCY CENTER - WILLISTON,59-3333443,Tri-County Pregnancy Center,426 West Noble Ave,Williston,FL,32696,,https://tricountypregnancycenter.org No,,https://www.facebook.com/profile.php?id=100064364482593,,,,,https://www.tcpcfl.com/,
LIFECHOICE PREGNANCY CENTER,59-2950617,Lifechoice Pregnancy Center,235 East Central Ave,Winter Haven,FL,33880,"Care Net, Heartbeat International, NIFLA",https://lifechoicewh.com/ Yes,,https://www.facebook.com/LifeChoiceWH,,https://www.instagram.com/lifechoicewh/,,,,
THE PREGNANCY CENTER OF WINTER PARK,59-3458060,Sanford Crisis Pregnancy Center,2425 Lee Rd,Winter Park,FL,32789,Heartbeat International,https://thepregnancycenters.com/ Yes,,https://www.facebook.com/ThePregnancyCenters,,,,,,
PREGNANCY CARE CENTER OF ZEPHYRILLIS,20-5427294,The Pregnancy Care Center of Zephyrhills,38435 North Ave,Zephyrillis,FL,33542,Care Net,http://www.pcczhills.com No,,https://www.facebook.com/people/Pregnancy-Care-Center-of-Zephyrhills/100041194160023/,,,,,,
COBB PREGNANCY RESOURCE CENTER,47-5021052,Cobb Pregnancy Resource Center of Georgia,"5655 Lake Acworth Dr, Suite 240",Acworth,GA,30101,,http://www.cobbpregnancyresourcecenter.org/ No,,,,,,,,
ALPHA PREGNANCY CENTER - ALBANY,58-6009350,Sherwood Baptist Church / Mallary,2129 Whispering Pines Rd,Albany,GA,31707,Heartbeat International,https://alphapregnancycenter.net/ Yes,,https://www.facebook.com/alphaswga/,,https://www.instagram.com/alphapregnancycenter,,,,
HOPE CENTER,58-1778995,Hands of Hope Pregnancy and Resource Center,413 West Forsyth St,Americus,GA,31709,Heartbeat Interational,http://www.americuspregnancy.org/ No,,,,,,,,Hands of Hope Pregnancy Resource Center
COMPASS WOMEN'S CLINIC OF ATHENS,,,"644 North Chase St,nSuite 103",Athens,GA,30606,Care Net,https://cwcathens.org/ No,,https://www.facebook.com/CWCofAthens,,https://www.instagram.com/cwcofathens,,,,
ATHENS PREGNANCY CENTER,82-1969331,Athens Pregnancy Center,767 Oglethorpe Ave,Athens,GA,30606,Care Net,https://athenspc.org/ No,,https://www.facebook.com/athpregcenter/,,,,,,
ATLANTA CARE CENTER,58-1489642,Atlanta Care Center,"1801 Peachtree St, Suite 225",Atlanta,GA,30309,Heartbeat International,http://www.atlantacare.com/ No,,,,,,,,
PREGNANCY AID CLINIC - ATLANTA,58-1592562,Pregnancy Aid Clinic,440 Ralph McGill Blvd NE,Atlanta,GA,30312,Heartbeat International,https://pac-woman.com/ Yes,,https://www.facebook.com/hPtAtpCs:w//oxm.coamna/ptl/ac_woman_atl,,https://www.instagram.com/pac_womahntt_past:l///pregnancyaidclinic.com/,,,,
AUGUSTA CARE PREGNANCY CENTER - DOWNTOWN,58-1461982,Augusta Care Pregnancy Center,1298 1/2 Broad St,Augusta,GA,30901,,http://www.augustacpc.org/ No,,,,,,,,
AUGUSTA CARE PREGNANCY CENTER - WEST AUGUSTA,58-1461982,Augusta Care Pregnancy Center,"2915 Professional Pkwy, Suite B",Augusta,GA,30907,,http://www.augustacpc.org/ No,,,,,,,,
FIRST CARE WOMEN'S CLINIC - SOUTH COBB,58-1620633,First Care Women's Clinic,"3999 Austell Rd, Suite 363",Austell,GA,30106,,https://firstcarewomensclinic.com/en/ Yes,,https://www.facebook.com/firstcarewomensclinicga/,,,,,,
FIRST OPTION CARE OF BAINBRIDGE,20-1585087,First Option Care,310 South Scott St,Bainbridge,GA,39819,Heartbeat International,https://www.1stoption.care/ No,,,,,,,,
GEORGIA MOUNTAIN PREGNANCY CENTER,81-3785285,Georgia Mountain Pregnancy Center,"136 Hospital Rd, Suite A",Blairsville,GA,30512,Heartbeat International,https://www.gmpcmedical.org/ Yes,,,,https://www.instagram.com/georgiamtnpregnancy/,,,,
SKYLARK - BRUNSWICK,58-1967329,Skylark Clinic Inc,3548 Community Rd,Brunswick,GA,31520,Care Net,https://helloskylark.com/ Yes,,https://www.facebook.com/skylarkclinic,,https://www.instagram.com/skylarkclinic,,,,
FIRST OPTION CARE OF CAIRO,20-1585087,First Option Care,930 4th St SE,Cairo,GA,39828,Heartbeat International,https://www.1stoption.care/ No,,,,,,,,
CALHOUN PREGNANCY CENTER,58-2009290,Calhoun Pregnancy Center Inc,200 East Belmont Dr,Calhoun,GA,30701,Heartbeat International,http://www.calhounpregnancycenter.com/ No,,https://www.facebook.com/calhounpregnancycenter/,,,,,,
ALPHA PREGNANCY CENTER - CAMILLA,58-6009350,Sherwood Baptist Church / Mallary,23 North Ellis St,Camilla,GA,31730,Heartbeat International,https://alphapregnancycenter.net/ Yes,,https://www.facebook.com/24alpha,,https://www.instagram.com/alphapregnancycenter/,,,,
"FRANKLIN LIFE PREGNANCY RESOURCE CENTER, INC.",80-0510530,Franklin Life Pregnancy Resource Center,7747 Royston Rd,Carnesville,GA,30521,,https://franklinlifeprc.com Yes,,https://www.facebook.com/franklinlifepregnancyresourcecenter/,,,,,,
ASCEND WOMEN'S CARE & FAMILY SUPPORT - CARROLLTON,58-1752438,Pregnancy Resource Center / Carroll Sav-A-Life Center Inc,514 Tanner St,Carrollton,GA,30117,NIFLA,https://www.ascendwga.com/ No,,https://www.facebook.com/ascendwga,https://www.youtube.comht/t@psa:/s/cwewnwdw.ingsataghrtatpms.:c//owmw/was.tciketnodkw.cgoam//@ascendwga,,,,,
BARTOW FAMILY RESOURCES,20-5764028,Bartow Family Resources,"200 Leake St, Suite 107",Cartersville,GA,30120,,https://bartowfamilies.com/ No,,https://www.facebook.com/BartowFamilyResources/,,https://www.instagram.com/bartowfamilyresources/,,,,
POLK PREGNANCY CENTER,58-2591340,Life Matters Outreach,134 East Fairmount Ave,Cedartown,GA,30125,"Care Net, Heartbeat International",https://www.polkpregnancy.org/ No,,https://www.facebook.com/lmopregnancycc,,,,,https://www.lifemattersoutreach.net/,LMO Pregnancy Center
BIRTHRIGHT OF ATLANTA,51-0161649,Birthright,3424 Hardee Ave,Chamblee,GA,30341,Birthright International,http://www.birthrightofatlanta.com/ No,,,,https://www.instagram.com/birthrightof.atlanta/,,,,
CLEVELAND CARE CENTER,45-4308989,Cleveland Care Center,105 North Main St,Cleveland,GA,30528,Care Net,http://www.clevelandcarecenter.com/ No,,https://www.facebook.com/Affirming.the.value.of.every.life/,,,,,,
SENECA CHOICES FOR LIFE,47-2164182,Seneca Choices for Life,3900 Rosemont Dr,Columbus,GA,31904,Heartbeat International,https://senecacfl.life/ Yes,,https://www.facebook.com/Senecacfl/,,,,,,
SOUND CHOICES PREGNANCY CLINIC,,,1316 Wynnton Ct,Columbus,GA,31906,Care Net,http://soundchoicespc.org/ Yes,,https://www.facebook.com/SoundChoices,,https://www.instagram.com/soundchoices/,,,,
HOPE PREGNANCY RESOURCE CENTER,58-2385752,The Hope Pregnancy Resource Center,1747 North Elm St,Commerce,GA,30529,,https://hopepregnancyresourcecenter.com/ No,,https://www.facebook.com/HopePRCCommerceGA/,,,,,,
REFUGE PREGNANCY CENTER,58-1592691,Refuge Pregnancy Center Inc,"1400 Parker Rd, Suite 100",Conyers,GA,30094,"Care Net, Heartbeat International",https://www.refugeconyers.org/ Yes,,https://www.facebook.com/RefugeCenterConyers,,,,,,
NEWTON PREGNANCY RESOURCE CENTER,47-4231275,Newton Pregnancy Resource Center,5278 Adams St,Covington,GA,30014,"Care Net, Heartbeat International",http://www.newtonprc.org/ No,,https://www.facebook.com/newtonprc/,,https://www.instagram.com/newtonprc/,,,,
WHISPERING HOPE WOMEN'S RESOURCE & PREGNANCY CENTER,58-2223407,Cumming Women's Center,"133 Samaritan Dr, Suite 306",Cumming,GA,30040,"Care Net, Heartbeat International, NIFLA",https://www.supportwhisperinghope.org/ No,,https://www.facebook.com/whisperinghope4u/,,https://www.instagram.com/whispering_hope_prc/,,,,
NORTH GEORGIA PREGNANCY SERVICES CENTER - DAHLONEGA,58-2288272,Dahlonega Care Center Inc North Georgia Pregnancy Service,"353 North Grove St, Suite C",Dahlonega,GA,30533,Heartbeat International,https://www.ngpregnancyservices.com/ Yes,,https://www.facebook.com/athomeabortionfacts,,https://www.instagram.com/at.home.abortion.facts/,,,,
WOMEN'S ENRICHMENT CENTER,26-1952463,Women's Enrichment Center,109 West Gordon St,Dalton,GA,30720,Care Net,http://www.wecnorthga.org/ Yes,,https://www.facebook.com/WECNorthGA/,,https://www.instagram.com/womensenrichmentcenter/,,,,
NORTH GEORGIA PREGNANCY SERVICES CENTER - DAWSONVILLE,58-2288272,Dahlonega Care Center Inc North Georgia Pregnancy Service,45 Medical Center Dr,Dawsonville,GA,30534,Heartbeat International,https://www.ngpregnancyservices.com/ Yes,,https://www.facebook.com/athomeabortionfacts,,https://www.instagram.com/at.home.abortion.facts/,,,,
WOMEN'S CLINIC OF ATLANTA - DECATUR,58-2424267,Women's Clinic of Atlanta,"125 Clairemont Ave, Suite 330",Decatur,GA,30030,"Care Net, Heartbeat International",http://www.womensclinicofatlanta.com/ No,,https://www.facebook.com/womensclinicofatlanta/,,https://www.instagram.com/womens_clinic_of_atlanta/,,,,
ALPHA PREGNANCY CENTER - SOUTHWEST GEORGIA,58-6009350,Sherwood Baptist Church / Mallary,721 West 3rd St,Donalsonville,GA,39845,Heartbeat International,https://alphapregnancycenter.net/ Yes,,https://www.facebook.com/24alpha,,https://www.instagram.com/alphapregnancycenter/,,,,
PRC MEDICAL,58-1821544,P R C Medical of Douglas County,3030 Chapel Hill Rd,Douglasville,GA,30135,"Care Net, Heartbeat International",https://prcmedicalwomensclinic.com/ Yes,,https://twitter.com/PRCMedClinic,,,,,,
HEALTH FOR HER,,,"11 Dunwoody Park, Suite 150",Dunwoody,GA,30338,Human Coalition,https://healthforher.org/locations/atlanta/ No,,,,,,,,Health for Her
SAFE CHOICE PREGNANCY CARE CENTER,58-1938478,Choose Life Ministries Safe Choice,220 Sailors Dr,Ellijay,GA,30540,Care Net,http://safechoicepcc.com/ No,,https://www.facebook.com/safechoicepcc,,,,,,
PREGNANT CHOICES MEDICAL CLINIC,47-5449130,Pregnant Choices - Love For Moms,4325 Washington Rd,Evans,GA,30809,Heartbeat International,http://www.pregnantchoices.com/ No,,https://www.facebook.com/pregnantchoicesga,,https://www.instagram.com/pregnantchoicesga,,,,
FAYETTE PREGNANCY RESOURCE CENTER,58-2037105,Fayette Pregnancy Resource Center,360 Lanier Ave E,Fayetteville,GA,30214,Care Net,http://fayetteprc.com/ Yes,,https://www.facebook.com/hfattypest:t/e/tpwrictter.com/fayprc,,,,,,
PREGNANCY AID CLINIC - FOREST PARK,58-1592562,Pregnancy Aid Clinic,"531 Forest Pkwy, Suite 100",Forest Park,GA,30297,Heartbeat International,https://pac-woman.com/ Yes,,https://www.facebook.com/hPtAtpCs:w//oxm.coamna/ptl/ac_woman_atl,,https://www.instagram.com/pac_womahntt_past:l///pregnancyaidclinic.com/,,,,
PREGNANCY & FAMILY LIFE CENTER,58-1886026,Pregnancy Center of Monroe County,562 North Lee St,Forsyth,GA,31029,,https://pregnancyfamilylifecenter.com/ No,,https://www.facebook.com/pregnancy.center.monroeco/,,,,,,
ASCEND WOMEN'S CARE & FAMILY SUPPORT - FRANKLIN,58-1752438,Pregnancy Resource Center / Carroll Sav-A-Life Center Inc,1191 Franklin Pkwy,Franklin,GA,30217,NIFLA,https://www.ascendwga.com/ No,,https://www.facebook.com/ascendwga,https://www.youtube.comht/t@psa:/s/cwewnwdw.ingsataghrtatpms.:c//owmw/was.tciketnodkw.cgoam//@ascendwga,,,,,
CHOICES PREGNANCY CARE CENTER,58-1721806,Northeast Georgia Care Choices Pregnancy Care Center,225 Forrest Ave,Gainesville,GA,30501,"Care Net, Heartbeat International",http://www.choicespregnancy.org/ Yes,,https://www.facebook.com/choicespregnancycare/,,https://www.instagram.com/choicescenter/,,,,
FIRST CALL PREGNANCY CENTER,31-1836649,First Call Pregnancy Center,1531 West Broad St,Greensboro,GA,30642,Care Net,http://www.firstcall.me/ No,,https://www.facebook.com/drfcpc2018/,,,,,,
HART LIFE PREGNANCY CARE CENTER,45-3975866,Hart Life Pregnancy Care Center,317 West Franklin St,Hartwell,GA,30643,,http://www.hartlife.net/ No,,https://www.facebook.com/HartLifePcc,,,,,https://friends.hartlife.net/,
PAULDING PREGNANCY SERVICES,58-2285203,Paulding Pregnancy Services,"1899 Lake Rd, Suite 120",Hiram,GA,30141,Heartbeat International,https://pauldingpregnancy.com/ Yes,,https://www.facebook.com/pauldingpregnancy,,https://www.instagram.com/paulding.phrtetpgsn:a//npcpys/friends.org/,,,,
CARING PATHWAYS,20-3713406,Butts County Crisis Pregnancy Center,153 Dempsey Ave,Jackson,GA,30233,Care Net,https://caring-pathways.com/ No,,https://www.facebook.com/ButtsCountyPRC/,,,,,,
THE PREGNANCY CENTER,58-2165906,The Pregnancy Center,7 Caring Way,Jasper,GA,30143,Heartbeat International,https://babyontheway.org/ No,,https://www.facebook.com/ThePregnancyCenterJasperGeorgia,,https://www.instagram.com/thepregnancycenterjasper/,,,,
SKYLARK - JESUP,58-1967329,Skylark Clinic Inc,"212 South 1st St, Suite 6",Jesup,GA,31545,Care Net,https://helloskylark.com/ Yes,,https://www.facebook.com/skylarkclinic,,https://www.instagram.com/skylarkclinic/,,,,
PREGNANCY CARE CENTER OF JONESBORO,58-2239501,Pregnancy Care Center,158 South Main St,Jonesboro,GA,30236,Care Net,https://www.pregnancycarecenterjonesboro.org/ No,,https://www.facebook.com/JonesboroPCC/,,,,,,
SKYLARK - KINGSLAND,58-1967329,Skylark Clinic Inc,"1891 Hwy 40 East, Suite 1107",Kingsland,GA,31548,Care Net,https://helloskylark.com/ Yes,,https://www.facebook.com/skylarkclinic,,https://www.instagram.com/skylarkclinic/,,,,
FIRST CHOICE WOMEN'S CENTER,58-1734424,Pregnancy Care Center of Lagrange,300 Harwell Ave,Lagrange,GA,30240,Care Net,http://lagrangepregnancy.com/ Yes,,,,,,,,
OBRIA MEDICAL CLINIC OF GWINNETT,46-5456475,Obria Medical Clinics / Pregnancy Resource Center of Gwinnett,"565 Old Norcross Rd, Suite 200",Lawrenceville,GA,30046,Obria,https://obriagwinnett.org/ No,,,,https://www.instagram.com/obriamedihcattlpcsli:n//ifcrgiewnidnsnoeftot/bria.org/,,,,
WOMEN'S HEALTH AND WELLNESS CLINIC OF WALTON - LOGANVILLE,58-2581209,A Center Of Hope Cpc Inc - Pregnancy Resource Center Of Walton,3060 Hwy 81 South,Loganville,GA,30052,Heartbeat International,https://whwclinic.com/ Yes,,https://x.com/prcofwalton,,https://www.instagram.com/prcofwalton/,,,,
CORE HEALTHCARE FOR WOMEN - MACON,58-1589744,Caring Solutions of Central Georgia,"1044 Washington Ave, Suite 102",Macon,GA,31201,Care Net,http://coreofcga.com/ Yes,,https://www.facebook.com/coreofcga,,https://www.instagram.com/coreofcga/,,,,
THE KOLBE CENTER,84-3820320,Kolbe Center,833 Walnut St.,Macon,GA,31201,,http://www.kolbecentermacon.org/ No,,https://www.facebook.com/hKtotplbse:/C/twenittteerr.Mcoamco/TnheKolbeCenter,,https://www.instagram.com/kolbecentermacon/,,,,
FIRST CARE WOMEN'S CLINIC - MARIETTA,58-1620633,First Care Women's Clinic,615 Roswell St NE,Marietta,GA,30060,,https://firstcarewomensclinic.com/en/ Yes,,https://www.facebook.com/firstcarewomensclinicga/,,https://www.instagram.com/firstcarewomensclinicga/,,,,
CORE HEALTHCARE FOR WOMEN- MILLEDGEVILLE,58-1589744,Caring Solutions of Central Georgia,451 South Wayne St,Milledgeville,GA,31061,Care Net,https://www.coreofcga.com/ Yes,,,,,,,,
WOMEN'S HEALTH AND WELLNESS CLINIC OF WALTON - MONROE,58-2581209,A Center Of Hope Cpc Inc - Pregnancy Resource Center Of Walton,"333 Alcovy St, Suite 10",Monroe,GA,30655,Heartbeat International,https://whwclinic.com/ Yes,,,,,,,,
BETHANY CHRISTIAN SERVICES - ATLANTA,,,1408 Southlake Dr,Morrow,GA,30260,Bethany Christian Services,https://bethany.org/locations/us/georgia/atlanta No,,,,,,,,
HOPE HOUSE WOMEN'S CLINIC,58-1837668,Hope House of Moultrie,716 5th Ave Southeast,Moultrie,GA,31768,Heartbeat International,https://hopehousecares.org/ Yes,,,,https://www.instagram.com/hope_house_of_moultrie,,,,
COWETA PREGNANCY SERVICES,58-1781796,Coweta Pregnancy Services,29 Brown St,Newnan,GA,30263,,http://coweta-ps.org/ No,,,,,,,,
PREGNANCY CARE CENTER OF RINCON,20-8738514,Pregnancy Care Center of Rincon,"594 South Columbia Ave, Suite 500",Rincon,GA,31326,Care Net,http://pregnancycarecenterofrincon.com/ Yes,,https://www.facebook.com/pregnancycarecenterofrincon/,,https://www.instagram.com/pregnancycarecenterrincon?igshid=1jiw7vb2qo2am,,,,
HAVEN HEALTH CLINIC FOR WOMEN,58-1448398,Haven Health Clinic of Rome,311 Redmond Rd,Rome,GA,30165,Heartbeat International,https://www.havenclinic.org/ Yes,,https://www.facebook.com/havenhealthclinic/,,https://www.instagram.com/haven_health/?hl=en,,,,
PREGNANCY AID CLINIC - ROSWELL,58-1592562,Pregnancy Aid Clinic,281 South Atlanta St,Roswell,GA,30075,Heartbeat International,https://pac-woman.com/ Yes,,https://www.facebook.com/hPtAtpCs:w//oxm.coamna/ptl/ac_woman_atl,,https://www.instagram.com/pac_woman_atl/,,,,
WOMEN'S CLINIC OF ATLANTA - ROSWELL,58-2424267,Women's Clinic of Atlanta,"1025 Old Roswell Rd, Suite 100",Roswell,GA,30076,"Care Net, Heartbeat International",http://www.womensclinicofatlanta.com/ No,,https://www.facebook.com/womensclinicofatlanta/,,https://www.instagram.com/womens_clinic_of_atlanta/,,,,
SAVANNAH CARE CENTER,58-1624112,Savannah Care Center,105 East 34th St,Savannah,GA,31401,"Care Net, NIFLA",http://savannahcarecenter.org/ No,,https://www.facebook.com/hStatpvsa:n//ntwaihttCera.rceo/m/savannahcare,,,,,,
THRIVE EXPRESS WOMEN'S CLINIC,82-1622301,United For Life To His Glory,"5302 Frederick St, Suite 107",Savannah,GA,31405,Heartbeat Interational,https://thrivesavannah.org/ Yes,,,,,,,,
AUGUSTA CARE PREGNANCY CENTER- STAPLETON,58-1461982,Augusta Care Pregnancy Center,125 West Church St,Stapleton,GA,30825,,http://www.augustacpc.org/ No,,,,,,,,
CHOICES OF THE HEART,58-1726667,Choices of the Heart Pregnancy Counseling Center,425 East Grady St,Statesboro,GA,30458,Heartbeat International,http://www.choicesoftheheart.org/ Yes,,https://www.facebook.com/Choices-of-the-Heart-134810413228328/,,https://www.instagram.com/choicesoftheheartstatesboro/,,,,
THE BRIDGE WELLNESS SOUTH,58-2060722,The Bridge Wellness South Corporation,100 Eagles Walk,Stockbridge,GA,30281,,https://thebridgewellness.org/ No,,https://www.facebook.com/TheBridgeWellnessS,,https://www.instagram.com/bridge_wellness_S?fbclid=IwZXh0bgNhZW0CMTAAAR3rhuQO0pwAWmMhHKh2AZHFfCLGYonbJroWC10a7VVjfoC3F-p6i9TRIWY_aem_Aap3CxpI1bC-V8Vx6u9xvawa-zUr3z40yvOCY7sExhaTwWuyfJx2ZrtV7zVg-8X7LzBCJSWfy92y4npecBnaVbCV,,,,
PREGNANCY RESOURCE CENTER OF CHATTOOGA COUNTY,58-1629162,North Georgia Crisis Pregnancy Center,11564 Hwy 27,Summerville,GA,30747,Care Net,http://www.prcchattooga.org/ No,,,,,,,,
ALPHA PREGNANCY CENTER - WORTH,58-6009350,Sherwood Baptist Church / Mallary,408 North Livingston St,Sylvester,GA,31791,Heartbeat International,https://alphapregnancycenter.net/ Yes,,https://www.facebook.com/24alpha,,https://www.instagram.com/alphapregnancycenter/,,,,
ASCEND WOMEN'S CARE & FAMILY SUPPORT - TALLAPOOSA,58-1752438,Pregnancy Resource Center / Carroll Sav-A-Life Center Inc,734 Bowdon St,Tallapoosa,GA,30176,NIFLA,https://www.ascendwga.com/ No,,https://www.facebook.com/ascendwga,https://www.youtube.comht/t@psa:/s/cwewnwdw.ingsataghrtatpms.:c//owmw/was.tciketnodkw.cgoam//@ascendwga,,,,,
HERITAGE WOMEN'S RESOURCE CENTER,58-1999162,Heritage Women's Resource Center,601 South Center St,Thomaston,GA,30286,Heartbeat International,https://www.heritagepregnancy.org/ No,,,,,,,,
FIRST OPTION CARE OF THOMASVILLE,20-1585087,First Option Care,106 Euclid Dr,Thomasville,GA,31792,Heartbeat International,https://www.1stoption.care/ No,,,,,,,,
LIFEHOUSE PARENTING CENTER & CLINIC,58-1636818,Pregnancy Care Center of Tiftarea,209 East 4th St,Tifton,GA,31794,,https://www.forlifehouse.com/clinic,,https://www.facebook.com/firstchoicetift/,,https://www.instagram.com/womens1stchoice/,,,,
TOCCOA LIFE FAMILY RESOURCE CENTER,58-1633595,Toccoa Life,61 White Pine Rd,Toccoa,GA,30577,,https://toccoalife.org/ No,,https://www.facebook.com/habershamlifepregnancy,,,,,,
TOCCOA LIFE FAMILY RESOURCE CENTER,58-1633595,Toccoa Life,1627 Carnes Creek Road,Toccoa,GA,30577,,https://www.toccoalife.org/ No,,https://www.facebook.com/ToccoaLifePRC/,,,,,,
OPTIONS NOW,58-2013835,Pregnancy Support Clinic of Valdosta,214 West Park Ave,Valdosta,GA,31602,Care Net,http://www.optionsnow.org/ Yes,,https://www.facebook.com/OptionsNowValdosta/,,https://www.instagram.com/optionsnow/,,,,
RACHEL'S HOUSE PREGNANCY CLINIC,27-0475597,Rachel's House,1804 Seminole Dr,Vidalia,GA,30474,Heartbeat International,http://rachelshouseprc.org/ No,,https://www.facebook.com/rachelshouse/,,,,,,
CORE HEALTHCARE FOR WOMEN - WARNER ROBINS,58-1589744,Caring Solutions of Central Georgia,239B Smithville Church Rd,Warner Robins,GA,31088,Care Net,http://coreofcga.com/ Yes,,https://www.facebook.com/caringsolutionspc/,,https://www.instagram.com/coreofcgah/ttps://www.friendsofcaringsolutions.com/,,,,
AUGUSTA CARE PREGNANCY CENTER - WAYNESBORO,58-1461982,Augusta Care Pregnancy Center,250 East 6th St,Waynesboro,GA,30830,,http://www.augustacpc.org/ No,,,,,,,,
OPTIONS MEDICAL CLINIC,58-1967056,The Hope Center,"295 Molly Ln, Suite 120",Woodstock,GA,30189,Care Net,https://optionsmedicalclinic.com/ Yes,,https://www.facebook.com/supporthopecenter,,https://www.instagram.com/supporthohptetpcse:n//tseur/pporthopecenter.com/,,,,
LIV PREGNANCY AND WOMEN'S WELLNESS- HILO,99-0296961,Liv Pregnancy and Women's Wellness,"280 Ponahawai St, Suite 203",Hilo,HI,96720,Heartbeat International,https://www.livwellwomen.com/ No,,,,,,,,
PEARSON PLACE,99-0248121,The Pearson Foundation of Hawaii Incorporated,"1520 Liliha St, Suite 402",Honolulu,HI,96817,Heartbeat International,https://pearsonplace.org/ Yes,,,,,,,,
LIV PREGNANCY AND WOMEN'S WELLNESS- KONA,99-0296961,Liv Pregnancy and Women's Wellness,"74-5565 Luhia St, Suite A3B",Kailua Kona,HI,96740,Heartbeat International,https://www.livwellwomen.com/ No,,https://www.facebook.com/livwellwomen/,,https://www.instagram.com/livwellwomen/,,,,
ALOHA PREGNANCY CARE AND COUNSELING CENTER,99-0344664,Aloha Pregnancy Care & Counseling Center Inc,45-1151 G Kamehameha Hwy,Kaneohe,HI,96744,Heartbeat International,http://alohapregnancy.com/ No,,https://www.facebook.com/AlohaPregnancy,https://www.youtube.com/@alohapregnancycenter1783,,,,,
PREGNANCY & WELLNESS MAUI,45-4435035,Malama Pregnancy Center of Maui,"115 East Lipoa, Unit 100",Kihei,HI,96753,"Care Net, Heartbeat International",https://www.pregnancycentermaui.com/ Yes,,https://www.facebook.com/hTtPtpCsK://otwnaitter.com/KailuaKonaTPC,,https://www.instagram.com/thepregnancycenter3010/,,,,
LIV PREGNANCY AND WOMEN'S WELLNESS- OCEANVIEW,99-0296961,Liv Pregnancy and Women's Wellness,92-8977 Leilani Circle,Ocean View,HI,96704,Heartbeat International,https://www.livwellwomen.com/ No,,,,,,,,
A PLACE FOR WOMEN IN WAIPIO,99-0312556,Calvary Chapel Pearl Harbor,"94-1044 Waipio Uka St, 2nd Floor",Waipahu,HI,96797,Heartbeat International,http://www.oahupregnancycenter.com/ Yes,,https://www.facebook.com/aplaceforwomeninwaipio/,,,,,https://apfwpartners.com/,
STANTON HEALTHCARE - BOISE,20-1838827,Generation Life Inc,3684 North Harbor Ln,Boise,ID,83703,Stanton Healthcare,http://www.stantonhealthcare.org/ Yes,,https://www.facebook.com/StantonHealthcare/,,,,,,Stanton Healthcare - Meridian
TREASURE VALLEY PATH,81-0967395,Treasure Valley Path Inc.,1327 West Beacon St,Boise,ID,83706,Heartbeat International,https://www.treasurevalleypath.org/ No,,https://www.facebook.com/hptatpthsp:/r/etwgi/tter.com/PathPreg,,https://www.instagram.com/pathpreg/,,,,Path Pregnancy Clinic
A BLESSED BEGINNING PREGNANCY CARE,91-1583969,National Challenged Homeschoolers Associated Network,6530-B Washington St,Bonners Ferry,ID,83805,,http://www.blessedbeginning.org/ Yes,,https://www.facebook.com/ablessedbeginningbonnersferry/,,,,,https://www.nathhan.org/resources/index.php?main_page=product_info&cPath=5&products_id=8,
LIFELINE PREGNANCY CARE CENTER- CALDWELL,82-0400235,Lifeline Crisis Pregnancy Center Inc.,4521 Thomas Jefferson St,Caldwell,ID,83605,Care Net,http://www.lifelinepcc.org/ Yes,,https://www.facebook.com/lifelinepregnancycenter,,,,,,
BIRTHRIGHT OF COEUR D'ALENE,82-0380260,Birthright Of Coeur D Alene Inc,923 East Sherman Ave,Coeur D'Alene,ID,83814,Birthright International,https://birthright.org/coeurdalene/ No,,,,,,,,
RELIANCE CENTER OF NORTH CENTRAL IDAHO,02-0645164,HOPE PREGNANCY CENTER OF CENTRAL IDAHO,113 West North St,Grangeville,ID,83530,Heartbeat International,https://www.hopecenterid.com/ No,,,,,,,,
OPEN ARMS REAL CHOICES CLINIC,82-0505797,OPEN ARMS PCC AND REAL CHOICES,"8056 North Wayne Dr,",Hayden,ID,83835,Heartbeat International,https://realchoicesclinic.com/ Yes,,https://www.facebook.com/realchoicesclinic,,https://www.instagram.com/realchoicesclinic/,,,,"OPEN ARMS PREGNANCY CARE CENTER AND REAL CHOICES CLINIC, INC."
NEST PREGNANCY CARE CENTER,92-0573051,Nest Pregnancy Care Center Inc.,467 Constitution Way,Idaho Falls,ID,83404,,https://nestpregnancycare.org/ No,,,,,,,,
BIRTHRIGHT OF IDAHO FALLS,82-0477429,Birthright of Idaho Falls Inc.,1970 East 17th St,Idaho Falls,ID,83404,Birthright International,http://birthright.org/idahofalls No,,,,,,,,
HOPE PREGNANCY RESOURCE CENTER,46-2917821,Hope Pregnancy Resource Center Inc,205 East Cameron Ave,Kellogg,ID,83837,Heartbeat International,https://idahopeprc.org/ Yes,,https://www.facebook.com/HopeCenterKellogg/,,,,,,
LIFE CHOICES CLINIC,82-0415093,Pregnancy Care Center Inc,1208 Idaho St,Lewiston,ID,83501,Heartbeat International,http://lifechoicesclinic.info/ Yes,,https://www.facebook.com/hLtitfpesC:/h/towicitetesrC.clionmicL/LeifweiCsthooni/ce4Life,,,,,,Life Choices Clinic Lewiston
BIRTHRIGHT OF BOISE,82-0340340,Birthright of Boise Inc,1530 West State St Suite A,Meridian,ID,83642,Birthright International,http://www.birthrightofboise.com/ No,,,,https://www.instagram.com/birthrightofboise/?hl=en,,,,
WISH MEDICAL WOMEN'S HEALTH- MOSCOW,45-3719771,Palouse Care Network Inc,1515 West A St,Moscow,ID,83843,Heartbeat International,http://www.wishmedical.com/ Yes,,https://www.facebook.com/hwttisphsm://etwdiitctearl.com/wishmedical,,,,,,
LIFELINE PREGNANCY CARE CENTER - NAMPA,82-0400235,Lifeline Crisis Pregnancy Center Inc.,1323 12th Ave South,Nampa,ID,83651,Care Net,http://www.lifelinepcc.org/ Yes,,https://www.facebook.com/lifelinepregnancycenter,,,,,,
COMPASSION AND HOPE PREGNANCY CENTER,32-0279908,Compassion and Hope Pregnancy Center,"845 South 9th St, Suite B",Pocatello,ID,83209,Care Net,http://www.pocatellopregnancycenter.com/ Yes,,https://www.facebook.com/CompassionAndHopePregnancyCenter,,,,,,Pocatello Pregnancy Center
PREGNANCY SUPPORT CENTER,,,2004 North Lucas St,Post Falls,ID,83854,St. George's Catholic Church,http://www.pregnancysupportcenter.org/ No,,,,,,,,North Idaho Pregnancy Support Center
NEW LIFE SUPPORT SERVICES,45-2095455,Hopes Place Pregnancy Support Center Inc,704 Shoup St,Salmon,ID,83467,,https://newlifesupportservices.com/ No,,https://www.facebook.com/HopesPlacepsc/,,,,,,
7B CARE CLINIC,75-2989202,Life Choices Pregnancy Center Inc,35 Litehouse Dr,Sandpoint,ID,83864,Care Net,https://7bcareclinic.org/ Yes,,,,,,,,Sandpoint Life Choices Pregnancy Center
SAGE WOMEN'S CENTER,84-1387194,Sage Women's Center Inc.,158 Blake St North,Twin Falls,ID,83301,,https://sagewomenscenter.org/ No,,https://www.facebook.com/SageWomensCenter/,,https://www.instagram.com/sagewomenscenter/,,,,
"WATERLEAF WOMEN'S CENTER, INC.",27-0309870,Waterleaf Women's Center,3055 East New York St,Aurora,IL,60504,Heartbeat International,http://www.waterleafwc.org/ Yes,,https://www.facebook.com/login/?next=https%3A%2F%2Fwww.facebookh.tctposm:/%/w2wFww.aintsetralegarafwmo.mcoemns/wceanteterlreafwomenscenter/,,,,,,
PURPLE CLINIC- AURORA,,,221 East Galena Blvd.,Aurora,IL,60505,,https://purpleclinic.com/ No,,,,,,,,
PREGNANCY CARE CENTER OF BELLEVILLE,37-1152976,Pregnancy Care Center,"311 West Lincoln St, Suite 301",Belleville,IL,62220,,https://pregnancycarecenter.org/ No,,https://www.facebook.com/Pregnancy-Care-Center-of-Belleville-159761917377819/,,,,,,
BIRTHRIGHT OF BLOOMINGTON,37-0974200,Birthright of Mclean County,505 North Center St,Bloomington,IL,61701,Birthright International,https://birthright.org/bloomington/ No,,https://www.facebook.com/BirthrightBloomington/,,,,,,
LIVING ALTERNATIVES PREGNANCY RESOURCE CENTER- BLOOMINGTON,37-1182626,Living Alternatives Pregnancy Resource Center,127 North Williamsburg Dr,Bloomington,IL,61704,Heartbeat International,https://www.pregnancyresourcecenter.org/locations/bloomiNngoton-normal/,,,,,,,,
RIVER VALLEY PREGNANCY RESOURCE CENTER,20-4476282,River Valley Pregnancy Resource Center,200 North Washington Ave,Bradley,IL,60915,"Heartbeat International, NIFLA",https://sites.google.com/view/rivervalleyprc/home No,,https://www.facebook.com/RiverValleyPRC,,,,,,
SPOON RIVER PREGNANCY RESOURCE CENTER,20-3841436,Spoon River Pregnancy Resource Ctr,121 North Main St,Canton,IL,61520,"Care Net, Heartbeat International",http://www.spoonriverpregnancycenter.com/ No,,,,,,,,
"AID FOR WOMEN, INC. - CARBONDALE",36-2988483,Aid for Women,2015 West Main St,Carbondale,IL,62901,Heartbeat International,https://www.aidforwomen.org/ Yes,,,,,,,,
CLARITY WOMEN'S CARE- CARBONDALE,37-1080225,Clarity Womens Care,241 South Lewis Lane,Carbondale,IL,62902,Heartbeat International,https://www.claritywomenscare.org/ Yes,,https://www.facebook.com/ClarityWomensCare,,https://www.instagram.com/claritywomenscare/,,,,
TRI-STATE FAMILY SERVICES,37-1267242,Tri State Family Services,603 Walnut St,Carthage,IL,62321,,http://www.tristatefamilyservices.org/,,https://www.facebook.com/TriStateFamilyServices/,,,,,,
CHOICES PREGNANCY & HEALTH - CASEY,36-3315022,Crisis Pregnancy Center Of Eastern Illinois,502 East Delaware Ave,Casey,IL,62420,Heartbeat International,https://www.choices4.me/ No,,https://www.facebook.com/choices4pregnancy,,https://www.instagram.com/choices4pregnancy/,,,,
PREGNANCY CARE CLINIC - CENTRALIA,37-1263291,Pregnancy Care Clinic,319 East 7th St,Centralia,IL,62801,Heartbeat International,http://www.pregnancycc.com/ Yes,,https://www.facebook.com/pregnancycc/,,https://www.instagram.com/pregcc/,,,,
BIRTHRIGHT OF CHAMPAIGN,51-0172993,Birthright of Champaign-Piatt Counties,201 West Springfield Ave,Champaign,IL,61820,Birthright International,https://birthright.org/champaign/ No,,,,,,,,
LIVING ALTERNATIVES PREGNANCY RESOURCE CENTER - CHAMPAIGN,37-1182626,Living Alternatives Pregnancy Resource Center,205 East Wilber Ave,Champaign,IL,61824,Heartbeat International,https://pregnancyresou.wpengine.com/locations/champaignN/o,,,,,,,,
CHOICES PREGNANCY & HEALTH - CHARLESTON,36-3315022,Crisis Pregnancy Center Of Eastern Illinois,260 West Locust Ave,Charleston,IL,61920,Heartbeat International,https://www.choices4.me/ No,,https://www.facebook.com/choices4pregnancy,,https://www.instagram.com/choices4pregnancy/,,,,
"AID FOR WOMEN, INC.- EDGEWATER",36-2988483,Aid for Women,6145 North Broadway,Chicago,IL,60660,Heartbeat International,https://www.aidforwomen.org/ Yes,,https://www.facebook.com/hFtrtipesn:d//stwOitftAeird.cFoomrW/AoimdhfeottnrpWs:o//mwewnw.youtube.comht/tupsse:/r//wAwidwfo.rinWsotamgeranmC.hciocmag/aoidforwomhetntpcsh:i/c/haeglop/aidforwomen.org/,,,,,,
CARIS PREGNANCY COUNSELING & RESOURCES,36-3347103,Caris Pregnancy Counseling and Resources,"111 North Wabash Ave, Suite 1501",Chicago,IL,60602,,http://www.caris.org/ No,,https://www.facebook.com/hctatpriss:o//rtgwitter.com/carisorg,,https://www.instagram.com/carisorg/,,,,
"AID FOR WOMEN, INC. - CHICAGO LOOP",36-2988483,Aid for Women,8 South Michigan Ave,Chicago,IL,60603,Heartbeat International,https://www.aidforwomen.org/ Yes,,https://www.facebook.com/hFtrtipesn:d//stwOitftAeird.cFoomrW/AoimdhfeottnrpWs:o//mwewnw.youtube.comht/tupsse:/r//wAwidwfo.rinWsotamgeranmC.hciocmag/aoidforwomhetntpcsh:i/c/haeglop/aidforwomen.org/,,,,,,
WOMEN'S CARE CENTER- CHICAGO,26-1682086,Women's Care Center / Madonna of the Sts Inc,"1212 North LaSalle Dr, 2nd Floor",Chicago,IL,60610,,https://www.womenscarecenter.org/chicago-lagrange-illinoNiso,,,,,,,,
PREGNANCY AID ILLINOIS - CHICAGO/LASALLE,36-3345840,Pregnancy Aid South Suburbs,5501 South LaSalle St,Chicago,IL,60621,"Care Net, Heartbeat International",https://passpregnancycarecenters.org/ No,,,,,,,,
THE WOMEN'S CENTER - CHICAGO NORTH,36-3343738,Womens Center of Greater Chicagoland,5116 North Cicero Ave,Chicago,IL,60630,Heartbeat International,http://abortionchoices.com/ Yes,,,,,,,,
"AID FOR WOMEN, INC. - CICERO CENTER",36-2988483,Aid for Women,1400 South Austin Blvd,Cicero,IL,60804,Heartbeat International,https://www.aidforwomen.org/locations/ Yes,,https://www.facebook.com/hFtrtipesn:d//stwOitftAeird.cFoomrW/AoimdhfeottnrpWs:o//mwewnw.youtube.comht/tupsse:/r//wAwidwfo.rinWsotamgeranmC.hciocmag/aoidforwomhetntpcsh:i/c/haeglop/aidforwomen.org/,,,,,,
INFORMED CHOICES PREGNANCY & PARENTING - CRYSTAL LAKE,36-3523988,Tri County Crisis Pregnancy Center,610-1 Crystal Point Dr,Crystal Lake,IL,60014,"Care Net, Heartbeat International",http://www.informedchoices.org/ No,,https://www.facebook.com/informedchoicestricounty,,https://www.instagram.com/informedchoicestricounty/,,,,
WOMEN'S CARE CLINIC,37-1296954,Help Ministries Inc,1509 North Bowman Ave,Danville,IL,61832,"Care Net, Heartbeat International",http://danvillewcc.org/ Yes,,https://www.facebook.com/hdtatpnsv:i/l/letwwitctce/r.com/WCC_Danville,,,,,,
AVENUE WOMEN'S CENTER- DARIEN,36-3154700,Caring Network Nfp,2849 83rd St,Darien,IL,60561,"Care Net, Heartbeat International",https://avenuewomenscenter.com/ Yes,,,,,,,,
NEW LIFE PREGNANCY CENTER,37-1194157,New Life Pregnancy Center,1698 East Pershing Rd,Decatur,IL,62526,"Care Net, Heartbeat International",https://www.newlifepregnancycenter.com/ Yes,,https://www.facebook.com/NLPCDECATUR,,https://www.instagram.com/new_life_pregnancy_center/,,,,
WE CARE PREGNANCY CLINIC,36-4205052,We Care Pregnancy Center,403 North 5th St,Dekalb,IL,60115,"Care Net, Heartbeat International",http://wecarepregnancyclinic.org/ No,,https://www.facebook.com/WeCareDeKalb,,https://www.instagram.com/wecaredekalb/,,,,
FAMILY LIFE CENTER- EFFINGHAM,37-1329458,The Family Life Center,605 Eden Ave,Effingham,IL,62401,Heartbeat International,https://empowerflc.com Yes,,,,,,,,
ALLIANCE WOMEN'S CLINIC - ELGIN,39-1486327,Alliance Family Services,"825 Dundee Ave, Suite D",Elgin,IL,60120,Care Net,https://www.alliancewomensclinic.org/ Yes,,,,https://www.instagram.com/lifechoices.medical/,,,,
AVENUE WOMEN'S CENTER- ELMHURST,36-3154700,Caring Network Nfp,580 North Michigan St,Elmhurst,IL,60126,"Care Net, Heartbeat International",https://avenuewomenscenter.com/ Yes,,,,,,,,
THE WOMEN'S CENTER - EVERGREEN PARK,36-3343738,Womens Center of Greater Chicagoland,9730 South Western Ave,Evergreen Park,IL,60805,Heartbeat International,http://abortionchoices.com/ Yes,,,,,,,,
COMPASSION PREGNANCY CENTER,20-5225985,Compassion Pregnancy Center NFP,2615 Andrews Dr,Fairfield,IL,62837,Heartbeat International,http://www.compassionpregnancy.com/ Yes,,,,,,,,
MOSAIC HEALTH - FAIRVIEW HEIGHTS,37-1218460,Mosaic Health / Mosaic Pregnancy,"5016 North Illinois St, Suite A",Fairview Heights,IL,62208,Care Net,http://revealmosaic.com/ Yes,,,,,,,,
AID FOR WOMEN- FLOSSMOOR,36-2988483,Aid for Women,3347 Vollmer Rd,Flossmoor,IL,60422,Heartbeat International,https://www.aidforwomen.org/ Yes,,https://www.facebook.com/hFtrtipesn:d//stwOitftAeird.cFoomrW/AoimdhfeottnrpW/s:o//mwewnw.youtube.comht/tupsse:/r//wAwidwfo.rinWsotamgeranmC.hciocmag/aoidforwomhetntpcsh:i/c/haeglop/aidforwomen.org/,,,,,,
LIFELINE COALITION,36-4030762,Lifeline Coalition,"222 West Exchange St, Suite #111",Freeport,IL,61032,Care Net,https://lifelinecoalition.org/,,https://www.facebook.com/lifelinecoalition/,,,,,,
RIDGEWAY WOMEN'S CLINIC- FREEPORT,,,1255 West Empire,Freeport,IL,61032,,https://ridgewaywomensclinic.com/ Yes,,,,,,,,
WOMEN'S PREGNANCY CENTER OF GALESBURG,,,1252 West Fremont St,Galesburg,IL,61401,Heartbeat International,http://womenspregnancycenterofgalesburg.org/ No,,https://www.facebook.com/WPCofGalesburg/?locale=de_DE&paipv=0&eav=AfZHWi_83bIj99TWgUKY-PQmPrszJN6l433DK4wrOkXRUVE75GAFO0cBb-zDj35VY_c&_Roadr,,,,,,
AVENUE WOMEN'S CENTER- GLEN ELLYN/LOMBARD,36-3154700,Caring Network Nfp,"1200 Roosevelt Rd, Suite 101",Glen Ellyn,IL,60137,"Care Net, Heartbeat International",https://avenuewomenscenter.com/ Yes,,,,,,,,
THRIVE METRO EAST,37-1330080,Thrive Metro East,4854 North Alby St,Godfrey,IL,62035,Heartbeat International,https://thrivemetroeast.org/ No,,,,,,,,
MOSAIC HEALTH - GRANITE CITY,37-1218460,Mosaic Health / Mosaic Pregnancy,2019 Johnson Rd,Granite City,IL,62040,Care Net,http://revealmosaic.com/ Yes,,https://www.facebook.com/revealmosaic,,https://www.instagram.com/mosaic.health.il/,,,,
INFORMED CHOICES PREGNANCY & PARENTING - GRAYSLAKE,36-3523988,Tri County Crisis Pregnancy Center,"888 East Belvidere Road, Suite 124",Grayslake,IL,60030,"Care Net, Heartbeat International",http://www.informedchoices.org/ No,,https://www.facebook.com/informedchoicestricounty,,https://www.instagram.com/informedchoicestricounty/,,,,
BOND COUNTY PREGNANCY SUPPORT CENTER,37-1281372,Bond County Crisis Pregnancy Center,116 South 2nd St,Greenville,IL,62246,Care Net,http://bcpregnancy.weebly.com/ No,,https://www.facebook.com/BCPregnancy/,,,,,,
AID FOR WOMEN OF NORTHERN LAKE COUNTY,36-3223774,Aid for Women of Northern Lake County,"4606 Old Grand Ave, Unit 4",Gurnee,IL,60031,,http://aidforwomenlakecounty.org/ No,,https://www.facebook.com/aidforwomenlakecounty,,,,,,
RELEVANT PREGNANCY OPTIONS CENTER,37-1330620,Relevant Pregnancy Options Center,2653 Plaza Dr,Highland,IL,62249,Care Net,http://www.relevantoptions.org/ Yes,,https://www.facebook.com/RelevantHighland,,https://www.instagram.com/relevantophttiotpnss:///impactrelevant.org/,,,,
LIGHTHOUSE PREGNANCY AND HEALTH SERVICES- HILLSBORO,03-0442552,Lighthouse Pregnancy Center NFP,"214 South Main St, Suite A",Hillsboro,IL,62049,Care Net,https://helpimpregnant.info/ Yes,,https://www.facebook.com/hlitgtphsth:/o/xu.sceopmc/vliagnhdthaoliuasepregc,,,,,https://www.lighthousepregnancy.org/,
LIVING ALTERNATIVES PREGNANCY RESOURCE CENTER - JACKSONVILLE,37-1182626,Living Alternatives Pregnancy Resource Center,"1440 West Walnut, Suite A-3",Jacksonville,IL,62650,Heartbeat International,https://www.pregnancyresourcecenter.org/ No,,,,,,,,
1ST WAY LIFE CENTER,36-3988414,Womens Help Services,3714 Fairview Ave,Johnsburg,IL,60051,Heartbeat International,http://www.1stwaymchenry.com/ No,,,,,,,https://partner.1stwaymchenry.com/,
LIVING ALTERNATIVES PREGNANCY RESOURCE CENTER - WILL COUNTY,37-1182626,Living Alternatives Pregnancy Resource Center,"903 North 129th Infantry Dr, Suite 600",Joliet,IL,60435,Heartbeat International,https://www.pregnancyresourcecenter.org No,,,,,,,,
LIVING ALTERNATIVES PREGNANCY RESOURCE CENTER - KANKAKEE,37-1182626,Living Alternatives Pregnancy Resource Center,260 South Washington Ave,Kankakee,IL,60901,Heartbeat International,https://www.pregnancyresourcecenter.org No,,,,,,,,
LIVING ALTERNATIVES PREGNANCY RESOURCE CENTER - KOKOMO,37-1182626,Living Alternatives Pregnancy Resource Center,202 1/2 Lincoln Road.,Kokomo,IL,46901,Heartbeat International,https://www.pregnancyresourcecenter.org No,,,,,,,,
WOMEN'S CARE CENTER OF LA GRANGE,45-2423331,Womens Care Center of Lagrange NFP,136 North LaGrange Rd,La Grange,IL,60525,Heartbeat International,https://www.womenscarecenter.org/ No,,,,,,,,
PREGNANCY AID ILLINOIS - LANSING,36-3345840,Pregnancy Aid South Suburbs,3116 Ridge Rd,Lansing,IL,60438,"Care Net, Heartbeat International",https://passpregnancycarecenters.org/ No,,,,,,,,
LIVING ALTERNATIVES PREGNANCY RESOURCE CENTER - LINCOLN,37-1182626,Living Alternatives Pregnancy Resource Center,308 North Union St,Lincoln,IL,62656,Heartbeat International,http://hopeforafuture.com/ No,,,,,,,,
RIDGEWAY WOMEN'S CLINIC- LOVES PARK,,,6120 East Riverside Blvd,Loves Park,IL,61111,,https://ridgewaywomensclinic.com/ Yes,,,,,,,,
BIRTHRIGHT OF MACOMB,23-7398251,Birthright of Macomb,303 North Clay St,Macomb,IL,61455,Birthright International,http://birthright.org/macomb No,,,,,,,,
CLARITY WOMEN'S CARE- MARION,37-1080225,Clarity Womens Care,808 West Prairie St,Marion,IL,62959,Heartbeat International,https://www.claritywomenscare.org/ Yes,,https://www.facebook.com/ClarityWomensCare,,https://www.instagram.com/claritywomenscare/,,,,
A BEACON OF LIGHT PREGNANCY HELP CENTER,61-1842730,A Beacon of Light Pregnancy Help Center,"6201 West Main St, Suite 150",Maryville,IL,62062,Heartbeat International,https://ablpregnancyhelp.com/ No,,,,,,,https://ablpregnancyresource.org/,
CHOICES PREGNANCY & HEALTH- MATTOON,36-3315022,Crisis Pregnancy Centers of Eastern Illinois,"105 North 10th St, Suite 3",Mattoon,IL,61938,Heartbeat International,https://www.choices4.me/ No,,https://www.facebook.com/choices4pregnancy,,https://www.instagram.com/choices4pregnancy/,,,,
ABIGAIL WOMEN'S CENTER,36-4127132,Abigail Womens Clinic Pregnancy Outreach Center,1610 Stroble Ave,Mendota,IL,61342,Heartbeat International,https://www.abigailwc.com/ No,,https://www.facebook.com/AbigailWomensCenter,,,,,,
HOPE UNLIMITED FAMILY CARE CENTER - METROPOLIS,61-1180457,Hope Unlimited Family Care Center,305 Lincoln St,Metropolis,IL,62960,"Care Net, Heartbeat International",http://www.hopeunlimitedfcc.org/ No,,https://www.facebook.com/hhtotppse:u//ntwlimittieter.dcfocmc//@hope_empowers,,,,,,
JOURNEY PREGNANCY AND LIFE HUB,46-1443527,Journey Pregnancy and Life Hub,19715 South LaGrange Road,Mokena,IL,60448,,https://journeyhub.com/ No,,https://www.facebook.com/JourneyPregnancyLifeHub?mibextid=LQQJ4dhttps://www.instagram.com/journeyhub?igsh=YzJtNTZRoadmRnM3pv,,,,,,
PREGNANCY RESOURCES,36-3699951,Pregnancy Resources,3825 16th St,Moline,IL,61265,"Care Net, Heartbeat International",http://www.qcpregnancy.org/ Yes,,,,,,,https://qcpregnancypartners.org/,
LIVING ALTERNATIVES PREGNANCY RESOURCE CENTER-GRUNDY COUNTY,37-1182626,Living Alternatives Pregnancy Resource Center,"1802 North Division St, Suite 303",Morris,IL,60450,Heartbeat International,https://www.pregnancyresourcecenter.org No,,,,,,,,
HOPE PREGNANCY & RESOURCE CENTER,31-1726745,Hope Pregnancy and Resource Center,201 East 9th St,Mt. Carmel,IL,62863,Care Net,https://www.hopepregnancyresource.org/ Yes,,https://www.facebook.com/Hope-Pregnancy-Resource-Center-193836714006840/,,,,,,
PREGNANCY COUNSELING CENTER,,,"300 Seymour Ave, Unit C",Mundelein,IL,60060,,,,,,,,,,
PURPLE CLINIC - NAPERVILLE,,,"1301 South Route 59, Suite 103",Naperville,IL,60564,,https://purpleclinic.com/ No,,,,,,,,
FAMILY LIFE CENTER- NEWTON,37-1329458,The Family Life Center,301 South Jackson St,Newton,IL,62448,Heartbeat International,https://empowerflc.com Yes,,,,,,,,
COURAGE PROGRAM,84-3444894,Our Lady At St Germaine,9711 South Kollin Ave,Oak Lawn,IL,60453,,http://www.courageprogram.org/couragehome/index.htmlNo,,,,,,,,
AID FOR WOMEN- OAK PARK,36-2988483,Aid for Women,"1515 North Harlem Ave, Suite 203",Oak Park,IL,60302,Heartbeat International,https://www.aidforwomen.org/ Yes,,https://www.facebook.com/FriendsOfAidForWomen/,,,,,,
RIVERSIDE WOMEN'S CLINIC,36-3397306,Hope Life Center,"628 Columbus St, Suite 208",Ottawa,IL,61350,Heartbeat International,https://www.myfutureapproved.com/riverside-clinic/ No,,,,,,,,
LIFE CHOICES- PALATINE,36-3693224,Life Center Inc,"855 East Palatine Rd, Suite 230",Palatine,IL,60074,"Care Net, Heartbeat International",http://www.thinkimpregnant.com Yes,,,,,,,,
BETHANY CHRISTIAN SERVICES - CHICAGO,,,"12416 South Harlem Ave, Suite 305",Palos Heights,IL,60463,Heartbeat International,https://bethany.org/locations/us/illinois/chicago No,,,,,,,,
LOVING ARMS CRISIS PREGNANCY CENTER - PANA,37-1381485,Loving Arms - A Crisis Pregnancy Center,201 South Locust St,Pana,IL,62557,Heartbeat International,https://lovingarmsillinois.com/ Yes,,,,,,,,
CHOICES PREGNANCY & HEALTH- PARIIS,36-3315022,Crisis Pregnancy Centers of Eastern Illinois,210 North High St,Paris,IL,61944,Heartbeat International,https://www.choices4.me/ No,,https://www.facebook.com/choices4pregnancy,,https://www.instagram.com/choices4pregnancy/,,,,
LIVING ALTERNATIVES PREGNANCY RESOURCE CENTER - TAZEWELL COUNTY,37-1182626,Living Alternatives Pregnancy Resource Center,3223 Griffin Ave.,Pekin,IL,61554,Heartbeat International,https://www.pregnancyresourcecenter.org/ No,,,,,,,,
EMPOWER LIFE CENTER,37-0804158,Peoria Rescue Ministries,1825 Knoxville Ave,Peoria,IL,61603,"Care Net, Heartbeat International",https://empowerlc.org/ No,,https://www.facebook.com/EmpowerLC/?paipv=0&eav=AfbUop-Uly52DCh_tteplsx:Y//w0LwWwM.inEsIt4ajgt2raPmV.YcjoJmQ/ve0m83pLo0wke1rV.lcz/4?UhlZ=3efnMoK4aOlPg-EGFDuxA&_Roadr,,,,,,
DESTINY FOR WOMEN HEALTH CLINIC,86-2306791,Destiny for Women Health Center,2805 Knoxville Ave.,Peoria,IL,61604,Heartbeat International,https://destinyforwomen.com/ Yes,,,,,,,,
WOMEN'S CARE CENTER OF PEORIA,26-1682086,Madonna Of The Sts Inc,2609 North Knoxville Ave,Peoria,IL,61614,,https://www.womenscarecenter.org/peoria-illinois No,,,,,,,,
CARING PREGNANCY CENTER,37-1184387,Hope Center of Livingston County,202 North Main St,Pontiac,IL,61764,Care Net,https://pontiachope.org/ No,,,,,,,,
CARE NET PREGNANCY SERVICES OF QUINCY,37-1304589,Quincy Crisis Pregnancy Center,802 State St,Quincy,IL,62301,Care Net,https://carenetquincy.org/ No,,https://www.facebook.com/Care,Netquincy/?ref=br_rs,,,,,
LIFE NETWORK OF SOUTHERN ILLINOIS- RED BUD,37-1293441,Life Network Of Southern Illinois,324 North Main St,Red Bud,IL,62278,"Care Net, Heartbeat International, NIFLA",http://mylifenet.org/ Yes,,,,,,,,
WHITE OAK WOMEN'S CENTER,36-3397306,Hope Life Center,1503 First Ave Suite C,Rock Falls,IL,61071,Heartbeat International,https://www.myfutureapproved.com/white-oak-clinic/ No,,,,,,,,
"AID FOR WOMEN, INC. - ROCKFORD",36-2988483,Aid for Women,1235 North Mulford,Rockford,IL,61107,Heartbeat International,https://www.aidforwomen.org/ Yes,,,,,,,,
THE PREGNANCY CARE CENTER OF ROCKFORD,36-3209584,Rockford Area Pregnancy Care Center,4108 Morsay Dr,Rockford,IL,61108,Heartbeat International,http://www.thepregnancycarecenter.org/ Yes,,https://www.facebook.com/pccofRockford,,https://www.instagram.com/pccofRockford/,,,,
PREGNANCY RESOURCE CENTER,37-1270138,Pregnancy Resource Center,213 West Washington St,Rushville,IL,62681,Care Net,http://www.mypregnancyoptions.com/ No,,,,,,,,
PREGNANCY CARE CLINIC - SALEM,37-1263291,Pregnancy Care Clinic,302 North Walnut St,Salem,IL,62881,Heartbeat International,http://www.pregnancycc.com/ Yes,,https://www.facebook.com/pregnancycc/,,https://www.instagram.com/pregcc/,,,,
ALLIANCE WOMEN'S CLINIC - SCHAUMBURG,39-1486327,Alliance Family Services,127 South Roselle Rd,Schaumburg,IL,60193,Care Net,https://www.alliancewomensclinic.org/ Yes,,,,,,,,
FAMILY LIFE CENTER - SHELBYVILLE,37-1329458,The Family Life Center,225 East South 1st St,Shelbyville,IL,62565,Heartbeat International,https://empowerflc.com/ Yes,,,,,,,,
CORBELLA CLINIC,36-3554765,Corbella Clinic,101 East State St,South Elgin,IL,60177,Heartbeat International,https://corbellaclinic.org/ Yes,,https://www.facebook.com/hctotprbse:/l/lxa.ccloinmic//foxvalleyhpttcps://www.youtube.comht/tcphsa:/n/wnewl/wU.CinKsthaGgrSaXmA.cJohmUD/cboprbLeKlBlarcNliMnicO/?HhclA=en,,,,,,
PREGNANCY AID ILLINOIS - SOUTH HOLLAND,36-3345840,Pregnancy Aid South Suburbs,613 East 162nd St,South Holland,IL,60473,"Care Net, Heartbeat International",https://passpregnancycarecenters.org/ No,,,,,,,,
SPARTA CRISIS PREGNANCY CENTER,37-1271838,Sparta Pregnancy Care Center,121 North Vine St,Sparta,IL,62286,,https://spartapregnancycenter.org/ No,,https://www.facebook.com/pages/Sparta-Crisis-Pregnancy-Center/158435437520939,,,,,,
FIRST STEP WOMEN'S CENTER,56-2669746,First Step Women's Center,"215 South Grand Ave West, Suite A",Springfield,IL,62702,"Care Net, Heartbeat International",https://www.firststepwomenscenter.org/ Yes,,https://www.facebook.com/FirstStepWomensCenter,,https://www.instagram.com/firststepwohmttpesn:s//cwewnwte.rl/ife217.org/,,,,
"PREGNANCY CARE CENTER OF SPRINGFIELD, INC.",37-1064806,Pregnancy Care Center of Springfield,"700 N 7th St, Suite B",Springfield,IL,62702,,http://www.springfieldpregnancycare.org/ No,,https://www.facebook.com/springfieldpregnancycare/,,,,,,
LOVING ARMS CRISIS PREGNANCY CENTER - MAIN,37-1381485,Loving Arms - A Crisis Pregnancy Center,500 North Walnut St,Taylorville,IL,62568,Heartbeat International,https://lovingarmsillinois.com/ Yes,,,,,,,,
PREGNANCY AID ILLINOIS - TINLEY PARK,36-3345840,Pregnancy Aid S Suburbs,17214 Oak Park Ave,Tinley Park,IL,60477,"Care Net, Heartbeat International",https://passpregnancycarecenters.org/ No,,,,,,,,
LIGHTHOUSE PREGNANCY & HEALTH SERVICES- VANDALIA,03-0442552,Lighthouse Pregnancy Center NFP,1703 West Fletcher St,Vandalia,IL,62471,Care Net,https://helpimpregnant.info/ Yes,,https://www.facebook.com/hlitgtphsth:/o/xu.sceopmc/vliagnhdthaoliuas/aebporeugt?cref=page_internal,,,,,https://www.lighthousepregnancy.org/,
LIFE NETWORK OF SOUTHERN ILLINOIS- WATERLOO,37-1293441,Life Network Of Southern Illinois,722 North Market St,Waterloo,IL,62298,"Care Net, Heartbeat International, NIFLA",http://mylifenet.org/ Yes,,https://www.facebook.com/lifenetworkofsoill/,,,,,https://supportmylifenet.com/,
AID FOR WOMEN - WAUKEGAN,36-2988483,Aid for Women,1334 North Lewis Ave,Waukegan,IL,60085,Heartbeat International,https://www.aidforwomen.org/ Yes,,https://www.facebook.com/hFtrtipesn:d//stwOitftAeird.cFoomrW/AoimdhfeottnrpW/s:o//mwewnw.youtube.comht/tupsse:/r//wAwidwfo.rinWsotamgeranmC.hciocmag/aoidforwomhetntpcsh:i/c/haeglop/aidforwomen.org/,,,,,,
AVENUE WOMEN'S CENTER- WEST CHICAGO,36-3154700,Caring Network Nfp,440 East Roosevelt Rd Suite 106,West Chicago,IL,60185,"Care Net, Heartbeat International",https://avenuewomenscenter.com/ No,,,,,,,,
AID FOR WOMEN - WHEELING,36-2988483,Aid for Women,115 North Wolf Rd,Wheeling,IL,60090,Heartbeat International,https://www.aidforwomen.org/ Yes,,https://www.facebook.com/hFtrtipesn:d//stwOitftAeird.cFoomrW/AoimdhfeottnrpW/s:o//mwewnw.youtube.comht/tupsse:/r//wAwidwfo.rinWsotamgeranmC.hciocmag/aoidforwomhetntpcsh:i/c/haeglop/aidforwomen.org/,,,,,,
AVENUE WOMEN'S CENTER- WOOD DALE,36-3154700,Caring Network Nfp,132 East Irving Park Rd,Wood Dale,IL,60191,"Care Net, Heartbeat International",https://avenuewomenscenter.com/ Yes,,,,,,,,
ALLIANCE WOMEN'S CLINIC - ZION,39-1486327,Alliance Family Services,3452 Sheridan Rd,Zion,IL,60099,Care Net,https://www.alliancewomensclinic.org/ Yes,,https://www.facebook.com/frczion/,,,,,,
"LIL MIRACLES PREGNANCY RESOURCE CENTER, INC.",45-3006179,Lil Miracles Pregnancy Resource Center,2709 East 38th St,Anderson,IN,46013,,https://lilmiraclesprc.org/ No,,https://www.facebook.com/hLtitlpMsi:r/a/xc.lceosmPR/LCilM/iraclhetstpPsR:/C/www.youtube.comht/tupsse:/r//wCwodwy.idnrsst6a0gram.com/lil.miraclesprc,,,,,,
FIRST CHOICE FOR WOMEN - ANDERSON,35-1695860,First Choice for Women,6 West 8th St,Anderson,IN,46015,Heartbeat International,http://www.firstchoiceforwomen.org/ No,,https://www.facebook.com/FirstChoiceForWomen/,,,,,,
COMPASSION PREGNANCY CENTER OF NORTHEASTERN INDIANA - ANGOLA,35-2121516,Compassion Pregnancy Centers Of Northeast Indiana Inc,2107 North Wayne St,Angola,IN,46703,"Care Net, Heartbeat International",http://www.cpcni.org/ No,,https://www.facebook.com/cpcangola/,,,,,,
DEKALB PREGNANCY CENTER,31-1153989,Dekalb Council on Pregnancy,903 Cardinal Court,Auburn,IN,46706,"Care Net, Heartbeat International",http://dekalbpregnancy.com/ Yes,,https://www.facebook.com/dekalbpregnancycenter,,https://www.instagram.com/dekalbpregnancycenter,,,,
WOMEN'S CARE CENTER OF AUBURN,81-1010873,Womens Care Center-Northeast Indiana,918 West 7th St,Auburn,IN,46706,,https://www.womenscarecenter.org/auburn-indiana No,,,,,,,,
BATESVILLE PREGNANCY HOTLINE,31-1012879,Crisis Pregnancy Hotline,P.O. Box 132,Batesville,IN,47006,Heartbeat International,https://www.batesvillecph.org/ Yes,,https://www.facebook.com/batesvillepregnancyhotline,,https://www.instagram.com/batesville_pregnancy_hotline,,,,
HOPE RESOURCE CENTER,35-1787072,Hope Resource Center,"717 Lincoln Ave, Suite G",Bedford,IN,47421,Care Net,http://www.hoperesourcectr.org/ No,,https://www.facebook.com/hoperctr,,https://www.instagram.com/hoperesourcecenter/,,,,
THE HOPE CLINIC - BERNE,35-1926940,Hope Clinic,165 West Water St,Berne,IN,46711,Heartbeat International,https://thehopeclinic.net/ Yes,,https://www.facebook.com/hhtotppse:c//lxin.cicobme/rHneodpeecCalitnuirc1,,https://www.instagram.com/hopeclinic1/,,,,
WOMEN'S CARE CENTER OF BLOOMINGTON,81-1010873,Womens Care Center-Northeast Indiana,409 South College Ave,Bloomington,IN,47403,,https://www.womenscarecenter.org/bloomington-indianaNo,,,,,,,,
HELPING HANDS PREGNANCY RESOURCE CENTER,45-4998438,Helping Hands Crisis Pregnancy Clinic,"116 East Dustman Rd, Suite B",Bluffton,IN,46714,Heartbeat International,http://www.helpinghandscpc.org/ No,,https://www.facebook.com/hILttHpse:l/p/tinwgitHtearn.cdosm//HelpingHandsBlf,,https://www.instagram.com/thisishelpinghands/,,,,
BROOKVILLE PREGNANCY HELP CENTER,,,"512 Main St, Suite A",Brookville,IN,47012,Heartbeat International,http://www.phcbrookville.com/ No,,,,,,,,
BIRTHRIGHT OF CICERO,35-1999028,Birthright of Cicero,50 South Peru St,Cicero,IN,46034,Birthright International,http://birthright.org/cicero No,,https://www.facebook.com/p/Birthright-of-Cicero-Inc-100054610142283/?paipv=0&eav=AfaNAsgXtv-YCaDxe7jWZH2-rBXPyvdNza_ewXuk6AH-OHcl_2hhvaMf5gMXNfYOBdo&_Roadr,,,,,,
PARKE VERMILLION COMMUNITY PREGNANCY CENTER - CLINTON,27-3457743,Parke Vermillion Cpc,115 South 5th St,Clinton,IN,47842,Heartbeat International,http://www.parkevermillioncommunitypregnancycenter.comN/o,,https://www.facebook.com/parkevermillionpregnancycenter,,,,,,
A HOPE CENTER- COLUMBIA CITY,31-1113254,Northeast Indiana Christian Action Council Educational and Charitable Fund,344 North Main St,Columbia City,IN,46725,Heartbeat International,http://www.ahopecenter.org/ No,,https://www.facebook.com/hAtHtposp:/e/tCweitnteter.rc/om/AHopeCenter,,,,,https://ahcfriends.org/,
CLARITY PREGNANCY SERVICES - COLUMBUS,35-1691347,Clarity of S Central Indiana,3203 Middle Rd,Columbus,IN,47203,Heartbeat International,http://claritycares.org/ No,,https://www.facebook.com/hCttlaprsi:t/y/otwfSitCteer.nctoramlI/nCdlaiarnitayC/ares,,https://www.instagram.com/claritycares/,,,,
THE HOPE CENTER,35-2029028,Hope Center / Hope Pregnancy Center,2004 Indiana Ave,Connersville,IN,47331,"Care Net, Heartbeat International",https://www.hopecenterlife.com/ No,,https://www.facebook.com/hope.pregnancy.1,,,,,,
CHOICES LIFE RESOURCE CENTER- CORYDON,68-0587516,Choices Life Resource Center,2201 Concord Ave,Corydon,IN,47112,"Care Net, Heartbeat International",http://choiceslrc.org/ Yes,,,,,,,,
WOMEN'S RESOURCE CENTER - CRAWFORDSVILLE,35-1831872,Women's Resource Center of Montgomery County,"407 East Market St, Suite 106",Crawfordsville,IN,47933,Heartbeat International,https://womensresourcecenterindiana.org/ Yes,,https://www.facebook.com/Womens-Resource-Center-of-Southwest-Indiana-702484556537458/,,,,,,
THE WOMEN'S CENTER ILLIANA- CROWN POINT,35-1772637,The Women's Center of Northwest Indiana,1845 East Summit St,Crown Point,IN,46307,,http://www.thewc.org/ No,,,,,,,https://friendsofthewc.org/,The Women's Center Illiana
THE HOPE CLINIC - DECATUR,35-1926940,Hope Clinic,970 South 11th St,Decatur,IN,46733,Heartbeat International,https://thehopeclinic.net/ Yes,,https://www.facebook.com/hhtotppse:c//lxin.cicobme/rHneodpeecCalitnuirc1,,https://www.instagram.com/hopeclinic1/,,,,
BIRTHRIGHT OF DELPHI,35-1927575,Birthright of Delphi Indiana,411 Rhinehart St,Delphi,IN,46923,Birthright International,http://birthright.org/delphi No,,,,,,,,
THE WOMEN'S CENTER ILLIANA - DEMOTTE,35-1772637,The Women's Center of Northwest Indiana,"527 North Halleck St, Suite C",DeMotte,IN,46310,,http://www.thewc.org/ No,,,,,,,,
RETA PREGNANCY CLINIC & FAMILY RESOURCES,35-1609946,Reta Inc,116 West Jackson Blvd,Elkhart,IN,46516,"Care Net, Heartbeat International",https://retaforlife.com/ Yes,,https://www.facebook.com/hRttEpTsA://ftowrLittifeer/.com/RETAforLife,,https://www.instagram.com/retaforlife/,,,,
WOMEN'S CARE CENTER OF ELKHART,81-1010873,Womens Care Center-Northeast Indiana,229 West Marion St,Elkhart,IN,46516,,http://www.womenscarecenter.org/ No,,,,,,,,
BIRTHRIGHT OF EVANSVILLE,35-1573146,Birthright of Evansville,20 Read St,Evansville,IN,47710,Birthright International,http://birthright.org/evansville No,,,,,,,,
EVANSVILLE CHRISTIAN LIFE CENTER,35-1854707,Impact Christian Health Center,265 Bellemeade Ave,Evansville,IN,47713,Care Net,https://restoringpeople.com/pregnancy-std/ No,,https://www.facebook.com/EvansvilleChristianLifeCenter,,https://www.instagram.com/evvhealthclinic/,,,,
LIVING ALTERNATIVES PREGNANCY RESOURCE CENTER - FRANKFORT,37-1182626,Living Alternatives Pregnancy Resource Center,"1746 East Wabash St, Suite B",Frankfort,IN,46041,Heartbeat International,https://www.pregnancyresourcecenter.org/locations/frankfoNrto/,,,,,,,,
CLARITY PREGNANCY SERVICES - FRANKLIN,35-1691347,Clarity of S Central Indiana,747 Commerce Dr,Franklin,IN,46131,Heartbeat International,http://claritycares.org/ No,,https://www.facebook.com/ClarityofSCentralIndiana/,,,,,,
WOMEN'S CARE CENTER- LAKE AVENUE,81-1010873,Womens Care Center-Northeast Indiana,2910 Lake Ave,Ft. Wayne,IN,46802,,http://www.womenscarecenter.org/ No,,,,,,,,
A HOPE CENTER - SOUTH CLINTON ST,31-1113254,Northeast Indiana Christian Action Council Educational and Charitable Fund,"3702 South Clinton St,",Ft. Wayne,IN,46804,Heartbeat International,http://www.ahopecenter.org/ No,,https://www.facebook.com/hAtHtposp:/e/tCweitnteter.rc/om/AHopeCenter,,https://www.instagram.com/ahopecenter.fortwayne/,,,,
WOMEN'S CARE CENTER- JEFFERSON BLVD,81-1010873,Womens Care Center-Northeast Indiana,4600 West Jefferson Blvd,Ft. Wayne,IN,46804,,http://www.womenscarecenter.org/,,,,,,,,
WOMEN'S CARE CENTER- COLISEUM BLVD,81-1010873,Womens Care Center-Northeast Indiana,921 West Coliseum Blvd,Ft. Wayne,IN,46808,,http://www.womenscarecenter.org/ No,,,,,,,,
A HOPE CENTER - HOBSON RD,31-1113254,Northeast Indiana Christian Action Council Educational and Charitable Fund,3630 Hobson Rd,Ft. Wayne,IN,46815,Heartbeat International,http://www.ahopecenter.org/ No,,https://www.facebook.com/hAtHtposp:/e/tCweitnteter.rc/om/AHopeCenter,,https://www.instagram.com/ahopecenter.fortwayne/,,,,
CARE NET PREGNANCY CENTER OF PUTNAM COUNTY,35-1887974,Crisis Pregnancy Center of Putnam County,1224 South Bloomington St,Greencastle,IN,46135,Care Net,https://optionsandchoices.org/ No,,https://www.facebook.com/profile.php?id=100047313110957,,,,,https://www.Care Netpc.com/,
LIFE CHOICES CARE CENTER,35-2101283,Life Choices Care Center,1454 North State Rd,Greenfield,IN,46140,Heartbeat International,http://lifechoicescarecenter.org/ Yes,,https://www.facebook.com/LifeChoicesCareCenthetrt/ps://www.youtube.comht/tcphsa:/n/wnewl/wU.CinOstJa1g8raFmvb.ceojtmRr/lriMfeLcehYoitcseZsvgwreenfield,,,,,,
CLARITY PREGNANCY SERVICES - GREENSBURG,35-1691347,Clarity of S Central Indiana,"920 Kathy's Way, Suite G",Greensburg,IN,47240,Heartbeat International,http://claritycares.org/ No,,https://www.facebook.com/hCttlaprsi:t/y/otwfSitCteer.nctoramlI/nCdlaiarnitayC/ares,,https://www.instagram.com/claritycares/,,,,
CLARITY PREGNANCY SERVICES - GREENWOOD,35-1691347,Clarity of S Central Indiana,"435 East Main St, Suite 210",Greenwood,IN,46143,Heartbeat International,http://claritycares.org/ No,,https://www.facebook.com/hCttlaprsi:t/y/otwfSitCteer.nctoramlI/nCdlaiarnitayC/ares,,https://www.instagram.com/claritycares/,,,,
WOMEN'S CARE CENTER- HAMMOND,81-1010873,Womens Care Center-Northeast Indiana,6919 Indianapolis Blvd,Hammond,IN,46234,,http://www.womenscarecenter.org/ No,,,,,,,,
BIRTHLINE OF INDIANAPOLIS,45-1745384,Catholic Charities Of The Archdiocese Of Indianapolis Inc,"1435 North Illinois St, Second Floor",Indianapolis,IN,46202,,https://archindy.org/humanlifeanddignity/ministries-birthlineN.hotml,,,,,,,,
PREGNANCY CHOICES INDY - DOWNTOWN PREGNANCY CENTER,35-6048441,Community Action of Greater Indianapolis,"3266 North Meridian St, Suite 110",Indianapolis,IN,46208,Care Net,http://www.pregnancychoicesindy.com/ Yes,,,,,,,,
PREGNANCY CHOICES INDY - EAST PREGNANCY CENTER,35-6048441,Community Action of Greater Indianapolis,1007 North Arlington Ave,Indianapolis,IN,46219,Care Net,http://pregnancychoicesindy.com/ Yes,,,,,,,,
PREGNANCY CHOICES INDY- WEST PREGNANCY CENTER,35-6048441,Community Action of Greater Indianapolis,3045 Lafayette Rd,Indianapolis,IN,46222,Care Net,http://pregnancychoicesindy.com/ Yes,,,,,,,,
PREGNANCY CHOICES INDY - SOUTH PREGNANCY CENTER,35-6048441,Community Action of Greater Indianapolis,"4200 South East St, Suite 43",Indianapolis,IN,46227,Care Net,http://www.pregnancychoicesindy.com/ Yes,,,,,,,,
BETHANY CHRISTIAN SERVICES - INDIANAPOLIS,,,7168 Graham Rd,Indianapolis,IN,46250,Heartbeat International,https://www.bethany.org/indianapolis No,,,,,,,,
WOMEN'S CARE CENTER OF INDIANAPOLIS,81-1010873,Womens Care Center-Northeast Indiana,4901 West 86th St,Indianapolis,IN,46268,,https://www.womenscarecenter.org/indianapolis-indiana No,,,,,,,,
LIFE AND FAMILY SERVICES - KENDALLVILLE,31-1164090,Life and Family Services,201 South Park Ave,Kendallville,IN,46755,"Care Net, Heartbeat International",https://www.lfsfamilies.org/ No,,https://www.facebook.com/lifefamilyservices,,https://www.instaghrtatpms.:c//owmw/wlif.etifkatmokil.ycsoemrv/@icelisfe/familyservices,,,,
BELLA VITA PREGNANCY RESOURCE CENTER,80-0531680,Bella Vita Pregnancy Resource Center,1002 Edgewood Dr,Knox,IN,46534,"Care Net, Heartbeat International",https://bellavitaknox.org/ No,,https://www.facebook.com/bellavitaprc/?ref=nf&hc_ref=ARQG6Rev1q4VHcTk2ivKnY2hz5YojGhrp1q8RvJAw4W5CMD8diZyNfH1dafogiaBBWY,,,,,,
LIVING ALTERNATIVES PREGNANCY RESOURCE CENTER - KOKOMO,37-1182626,Living Alternatives Pregnancy Resource Center,202 1/2 Lincoln Rd,Kokomo,IN,46901,Heartbeat International,https://www.pregnancyresourcecenter.org/ No,,,,,,,,
BIRTHRIGHT OF KOKOMO,35-1703666,Birthright of Kokomo,3712 Southlea Dr,Kokomo,IN,46902,Birthright International,http://birthright.org/kokomo No,,https://www.facebook.com/brkokomo/,,,,,,
BRAVERLY WOMEN'S HEALTH,31-0971746,Bravely Womens Health,"938 Mezzanine Dr, Suite B",Lafayette,IN,47905,Heartbeat International,https://www.bravelywomenshealth.org/ Yes,,https://www.facebook.com/hBtrtpasv:e//lywWwowm.inesntsaHgreaamlth.c/om/bravelywomenshehattlpths/://www.instagram.com/matrixcares/,,,,,,
COMPASSION PREGNANCY CENTER OF NORTHEASTERN INDIANA - LAGRANGE,35-2121516,Compassion Pregnancy Centers Of Northeast Indiana Inc,221 South Detroit St,Lagrange,IN,46761,"Care Net, Heartbeat International",http://www.cpcni.org/ No,,https://www.facebook.com/compassion.centers/,,,,,,
WOMEN'S CARE CENTER OF LAPORTE,81-1010873,Womens Care Center-Northeast Indiana,824 Lincolnway,LaPorte,IN,46350,,http://www.womenscarecenter.org/ No,,,,,,,,
PREGNANCY CARE CENTER OF SOUTHEAST INDIANA,35-1810708,Dearborn County Crisis Pregnancy Center Inc,"62 Doughty Rd, Suite 5",Lawrenceburg,IN,47025,"Care Net, Heartbeat International",https://pregnancylawrenceburg.com/ Yes,,https://www.facebook.com/pregnancycarecenterSoutheastindiana,,https://www.instagram.com/pccseindiahnttap/s?:h//lw=ewnw.supportpccindiana.org/,,,,
LIFE AND FAMILY SERVICES- LIGONIER,31-1164090,Life and Family Services,151 West Stones Hill Rd,Ligonier,IN,46767,"Care Net, Heartbeat International",https://www.lfsfamilies.org/ No,,,,,,,,
PREGNANCY CHOICES,20-2444727,Greene County Pregnancy Care Center,1759 East State Hwy 54,Linton,IN,47441,Heartbeat International,http://www.gcpchoices.org/ Yes,,https://www.facebook.com/pchoices,,https://www.instagram.com/gcpchoices/,,,,
BIRTHRIGHT OF LOGANSPORT,35-2040389,Birthright of Logansport,1215 College St,Logansport,IN,46947,Birthright International,http://birthright.org/logansport No,,https://www.facebook.com/p/Birthright-of-Logansport-100064755199700/,,,,,,
LIFE CHOICES CLINIC,27-1458458,Choices for Women Resource Center Jefferson County,118 Holt Dr,Madison,IN,47250,"Care Net, Heartbeat International",http://www.madisonchoices.com/ Yes,,https://www.facebook.com/madisonchoices/,,,,,,
CHOICES LIFE RESOURCE CENTER - MARENGO,68-0587516,Choices Life Resource Center,4180 IN-64,Marengo,IN,47140,"Care Net, Heartbeat International",http://choiceslrc.org/ Yes,,,,,,,,
PREGNANCY HELP CENTER,35-1846706,Crisis Pregnancy Center of Grant County Inc,319 East 2nd St,Marion,IN,46953,"Care Net, Heartbeat International",https://phcmarion.com/ No,,https://www.facebook.com/PHCMarion/,,https://x.com/phc_marion,,,,
WOMEN'S CARE CENTER- MERRILLVILLE,81-1010873,Womens Care Center-Northeast Indiana,"8500 Broadway, Suite B",Merrillville,IN,46410,,http://www.womenscarecenter.org/ No,,,,,,,,
WOMEN'S CARE CENTER OF MICHIGAN CITY,81-1010873,Womens Care Center-Northeast Indiana,732 Wabash St,Michigan City,IN,46360,,http://www.womenscarecenter.org/ No,,,,,,,,
WOMEN'S CARE CENTER OF MISHAWAKA,81-1010873,Womens Care Center-Northeast Indiana,605 Lincolnway East,Mishawaka,IN,46544,,http://www.womenscarecenter.org/ No,,,,,,,,
CLARITY PREGNANCY SERVICES - MOORESVILLE,35-1691347,Clarity of S Central Indiana,225 East High St,Mooresville,IN,46158,Heartbeat International,http://claritycares.org/ No,,https://www.facebook.com/hCttlaprsi:t/y/otwfSitCteer.nctoramlI/nCdlaiarnitayC/ares,,https://www.instagram.com/claritycares/,,,,
FIRST CHOICE FOR WOMEN - MUNCIE,35-1695860,First Choice for Women,3020 North Oakwood Ave,Muncie,IN,47304,"Care Net, Heartbeat International",http://www.firstchoiceforwomen.org/ No,,https://www.facebook.com/FirstChoiceForWomen/,,,,,,
CLARITY PREGNANCY SERVICES - NASHVILLE,35-1691347,Clarity of S Central Indiana,1750 IN-46,Nashville,IN,47448,Heartbeat International,http://claritycares.org/ No,,https://www.facebook.com/hCttlaprsi:t/y/otwfSitCteer.nctoramlI/nCdlaiarnitayC/ares,,https://www.instagram.com/claritycares/,,,,
CHOICES LIFE RESOURCE CENTER- NEW ALBANY,68-0587516,Choices Life Resource Center,2656 Charlestown Rd,New Albany,IN,47150,"Care Net, Heartbeat International",http://choiceslrc.org/ Yes,,,,,,,,
PREGNANCY CHOICES INDY - HAMILTON COUNTY CENTER,35-6048441,Community Action of Greater Indianapolis,185 Sheridan Rd,Noblesville,IN,46060,Care Net,http://www.pregnancychoicesindy.com/ Yes,,,,,,,,
MISSION TO UKRAINE,35-2025883,Mission to Ukraine,1900 Pleasant St #1214,Noblesville,IN,46061,,https://missiontoukraine.org/ No,,https://www.facebook.com/MTUkraine?mibextid=LQQJ4d,,https://www.instagram.com/mtukraine?igsh=YnJlNzdoZWI0Ymx0,,,,
CLARITY PREGNANCY SERVICES - NORTH VERNON,35-1691347,Clarity of S Central Indiana,304 Norris Ave,North Vernon,IN,47265,Heartbeat International,http://claritycares.org/ No,,https://www.facebook.com/hCttlaprsi:t/y/otwfSitCteer.nctoramlI/nCdlaiarnitayC/ares,,https://www.instagram.com/claritycares/,,,,
THE WOMEN'S CENTER ILLIANA - OLYMPIA FIELDS,35-1772637,The Women's Center of Northwest Indiana,3214 Vollmer Rd,Olympia Fields,IL,60461,,http://www.thewc.org/ No,,,,,,,,
LIFE FAMILY RESOURCE CENTER OF ORANGE COUNTY,,,1693 W Hospital Road,Paoli,IN,47454,Heartbeat International,https://www.lifefamilyresources.com/ No,,https://www.facebook.com/p/LIFE-Family-Resource-Center-of-Orange-County-100079972756838/,,,,,,
BIRTHRIGHT OF PERU,36-4546863,Birthright of Peru,65 W 6th St,Peru,IN,46970,Birthright International,http://birthright.org/peru No,,,,,,,,
WOMEN'S CARE CENTER OF PLYMOUTH,81-1010873,Womens Care Center-Northeast Indiana,224 North Michigan St,Plymouth,IN,46563,,http://www.womenscarecenter.org/ No,,,,,,,,
PREGNANCY CARE CENTER OF JAY COUNTY,35-1892815,Crisis Pregnancy Center of Jay County,216 S Meridian St,Portland,IN,47371,Heartbeat International,https://pccofjaycounty.com/contact Yes,,,,,,,,
BIRTHRIGHT OF RENSSELAER,35-1725705,Birthright of Rensselaer,331 S College Ave,Rensselaer,IN,47978,Birthright International,https://birthright.org/rensselaer No,,,,,,,,
BIRTHRIGHT OF RICHMOND,35-1584126,Birthright of Richmond,303 S 6th St,Richmond,IN,47374,Birthright International,https://birthright.org/richmond No,,https://www.facebook.com/p/Birthright-of-Richmond-Inc-100069822053514/?paipv=0&eav=AfbC9Vhjme1vXP1E2M3isAG9569QQHvSqhcFtYIZdMm-5uNf2WvIUnc8XPfuCagZRtQ&_Roadr,,,,,,
PARKE VERMILLION COMMUNITY PREGNANCY CENTER - ROCKVILLE,27-3457743,Parke Vermillion Cpc,410 North Erie St,Rockville,IN,47872,Heartbeat International,http://www.parkevermillioncommunitypregnancycenter.comN/o,,https://www.facebook.com/parkevermillionpregnancycenter,,,,,,
CHOICES LIFE RESOURCE CENTER- SALEM,68-0587516,Choices Life Resource Center,1201 North Jim Day Rd,Salem,IN,47167,"Care Net, Heartbeat International",http://choiceslrc.org/ Yes,,,,,,,,
CRADLE PREGNANCY RESOURCE CENTER,35-1929821,Cradle Pregnancy Resource Center,501 Thomas St,Scottsburg,IN,47170,,,,https://www.facebook.com/hCttRpAs:D//LtwEiSttecro.tctosbmu/rCgR/?ArfD=L1E57P3re4g4n0a1n4c296524,,,,,,
CLARITY PREGNANCY SERVICES - SEYMOUR,35-1691347,Clarity of S Central Indiana,325 North Walnut St,Seymour,IN,47274,Heartbeat International,http://claritycares.org/ No,,https://www.facebook.com/hCttlaprsi:t/y/otwfSitCteer.nctoramlI/nCdlaiarnitayC/ares,,https://www.instagram.com/claritycares/,,,,
CLARITY PREGNANCY SERVICES - SHELBYVILLE,35-1691347,Clarity of S Central Indiana,2410 East State Rd 44,Shelbyville,IN,46176,Heartbeat International,http://claritycares.org/ No,,https://www.facebook.com/hCttlaprsi:t/y/otwfSitCteer.nctoramlI/nCdlaiarnitayC/ares,,https://www.instagram.com/claritycares/,,,,
WOMEN'S CARE CENTER- NOTRE DAME AVE,81-1010873,Womens Care Center-Northeast Indiana,360 North Notre Dame Ave,South Bend,IN,46617,,http://www.womenscarecenter.org/ No,,,,,,,,
WOMEN'S CARE CENTER- LINCOLN WAY WEST,81-1010873,Womens Care Center-Northeast Indiana,3530 Lincoln Way West,South Bend,IN,46628,,http://www.womenscarecenter.org/ No,,,,,,,,
HEART TO HEART WOMEN'S RESOURCE CENTER,35-2099757,Heart To Heart Inc A Womens Resource Center,1404 North 4th St,St. Vincennes,IN,47591,Heartbeat International,https://h2hwomenscenter.com/ No,,https://www.facebook.com/here4hearts,,https://www.instagram.com/heart2heartwrcenter/,,,,
THE WOMEN'S CENTER ILLIANA - VALPARAISO,35-1772637,The Women's Center of Northwest Indiana,105 Lafayette St,Valparaiso,IN,46383,,http://www.thewc.org/ No,,,,,,,,
NEW HOPE CENTER - VEVAY,61-1189466,New Hope Center,213 West Main St,Vevay,IN,47043,Heartbeat International,https://newhopecenter.com/ Yes,,https://www.facebook.com/NewHopeCenters,,,,,,
LIFE CENTER,35-1597823,Life Is for Everyone / Life Center,489 Bond St,Wabash,IN,46992,Heartbeat International,http://www.wabashlife.com/ No,,https://www.facebook.com/wabashlife,,https://www.instagram.com/wabash.lifhet.tcpesn:/t/ewr/a?bhal=shelnife.com/donor-home-page/,,,,
HEARTLINE PREGNANCY CENTER,35-1620996,Heartline Pregnancy Center,"1515 Provident Dr, Suite 180",Warsaw,IN,46580,"Care Net, Heartbeat International",http://heartlinepregnancycenter.org/ No,,https://www.facebook.com/HeartlinePregnancyCenter/,,,,,,
FIRST CHOICE SOLUTIONS,76-0723485,"Family Life Services of Washington, Inc.",714 West Walnut St,Washington,IN,47501,Heartbeat International,https://firstchoicewashington.com/ Yes,,https://www.facebook.com/firstchoicewashington,,https://www.instagram.com/firstchoicewashington,,,,
PREGNANCY DECISION RESOURCES,35-1775875,Pregnancy Care Center Of Randolph,103 North Meridian St,Winchester,IN,47394,Care Net,https://pregnancydecisionresources.org/ Yes,,https://www.facebook.com/hPtrtpesg:n//atwncityteCra.croemCe/PnCteCrOoffRRCandolphCounty,,,,,,Pregnancy Decision Resources
ALPHA WOMEN'S CENTER - ANKENY,42-1418563,Alpha Womens Center,114 Southwest State St,Ankeny,IA,50023,NIFLA,http://www.awcdesmoines.org/ No,,https://www.facebook.com/AlphaDSM/,,,,,,
LC CLINIC- ATLANTIC,27-2892072,Lifecare Pregnancy Resources,507 Chestnut St,Atlantic,IA,50022,Heartbeat International,http://www.iowalcclinic.org/home.html No,,,,,,,,
WOMEN'S CHOICE CENTER,37-6358005,Life & Family Educational Trust,"2740 Happy Joe Dr, Suite 2",Bettendorf,IA,52722,Heartbeat International,https://www.womenschoicecenter.org/ Yes,,https://www.facebook.com/WomensChoiceCenterQC/,,https://www.instagram.com/womenschhottipcse:c//ewnwtewrq.wcomenschoicecenter.org/supporters,,,,
BIRTHRIGHT OF BURLINGTON,23-7404785,Birthright of Burlington Iowa,1113 South Main St,Burlington,IA,52601,Birthright International,https://birthright.org/birthright-of-burlington No,,https://www.facebook.com/p/Birthright-of-Burlington-IA-100070581424469/?paipv=0&eav=AfZ_LmTGp8skW8fNvJN07lD6dYP44OilfExkOxHnJwDX9Zq4fPe2RSTuYOYkPHP6750&_Roadr,,,,,,
INFORMED CHOICES MEDICAL CLINIC - BURLINGTON,26-0451761,Obria Medical Clinics / Informed Choice of Iowa Corporation,1013 South Central Ave,Burlington,IA,52601,Obria,https://www.informedchoicesclinic.com/ No,,https://www.facebook.com/InformedChoicesMedicalClinics,,,,,,
CRADLE OF HOPE - BURLINGTON,92-1666887,Cradle Of Hope Pregnancy Resource Center Of Mount Pleasant Iowa,550 Division St,Burlington,IA,52601,Heartbeat International,cradleofhopeiowa.com Yes,,,,,,,,
BIRTHRIGHT OF BLACK HAWK COUNTY,51-0245684,Birthright of Black Hawk County,4113 University Ave,Cedar Falls,IA,50613,Birthright International,http://birthright.org/cedarfalls No,,,,,,,,
ALTERNATIVES PREGNANCY CENTER - CEDAR FALLS,42-1367699,Alternatives Pregnancy Center,2016 Campus St,Cedar Falls,IA,50613,,https://www.alternativescenter.org/ Yes,,,,,,,,
BIRTHRIGHT OF CEDAR RAPIDS,23-7378146,Birthright of Cedar Rapids,"375 Collins Rd NE, Suite 107",Cedar Rapids,IA,52402,Birthright International,http://birthright.org/cedarrapids No,,https://www.facebook.com/birthrightcr/,,,,,,
BRIDGEHAVEN PREGNANCY SUPPORT CENTER,42-1203675,Bridgehaven Pregnancy Support Center,"4250 Glass Rd NE, Suite 100",Cedar Rapids,IA,52402,"Care Net, Heartbeat International",http://bridgehavencr.org/ Yes,,https://www.facebook.com/BridgehavenPregnancySupportCenter,,,,,,
HOPE FAMILY RESOURCE CENTER,81-1450472,Hope for Life Pregnancy Center of Charles City Iowa,"705 North Main St, Suite 3",Charles City,IA,50616,,https://www.hopeforlifepc.com/ No,,,,,,,,
THE PREGNANCY CENTER,42-1260047,New Life Crisis Pregnancy Center Inc,"240 North Bluff Blvd, Suite 105",Clinton,IA,52732,Heartbeat International,http://pregnancycenterclinton.org/ Yes,,https://www.facebook.com/ThePregnancyCenterClinton/,,https://www.instagram.com/pc.clinton/,,,,
GABRIEL'S CORNER PREGNANCY COUNSELING CENTER,20-2661115,Gabriel's Corner Crisis Pregnancy Center,131 South 16th St,Council Bluffs,IA,51501,,http://www.gabrielscorner.com/ No,,https://www.facebook.com/Gabriels-Corner-Pregnancy-Counseling-Center-626423507387089/,,,,,,
LC CLINIC - CRESTON,27-2892072,Lifecare Pregnancy Resources,1109 South Sumner St,Creston,IA,50801,Heartbeat International,http://www.iowalcclinic.org/ No,,https://www.facebook.com/LcClinic/,,https://www.instagram.com/lc_clinic/,,,,
PREGNANCY RESOURCES - DAVENPORT,36-3699951,Pregnancy Resources,2706 West Central Park Ave,Davenport,IA,52804,Heartbeat International,http://www.qcpregnancy.org/ Yes,,,,,,,,
AGAPE - DES MOINES CLINIC,42-1249643,Agape Pregnancy Resource Center,2550 Martin Luther King Jr. Pkwy,Des Moines,IA,50310,Care Net,https://www.agapedsm.com/ No,,https://www.facebook.com/hAtgtpasp:/e/tDwSitMte/r?.ctno-mst/ra=gka*pFedsm,,https://www.instagram.com/agapedsm/,,,,
AGAPE - RESOURCE CENTER,42-1249643,Agape Pregnancy Resource Center,2222 Bennett Ave,Des Moines,IA,50310,Care Net,https://agapedsm.com/ No,,,,,,,,
ALTERNATIVES PREGNANCY CENTER - DES MOINES,42-1367699,Alternatives Pregnancy Center,2725 Merle Hay Rd,Des Moines,IA,50310,,https://www.alternativescenter.org/ Yes,,,,,,,,
INNERVISIONS HEALTHCARE SOUTH,45-3790483,The Human Choice Of Iowa,"500 Army Post Rd, Suite 100",Des Moines,IA,50315,Heartbeat International,http://innervisionshealthcare.org/ Yes,,,,,,,,
ALPHA WOMEN'S CENTER - DES MOINES,42-1418563,Alpha Womens Center,3605 Southeast 14th St,Des Moines,IA,50320,NIFLA,http://www.awcdesmoines.org/ No,,,,,,,,
BIRTHRIGHT OF DUBUQUE,23-7154095,Birthright of Dubuque,221 West 9th St,Dubuque,IA,52001,Birthright International,http://birthright.org/dubuque No,,https://www.facebook.com/p/Birthright-of-Dubuque-100069438481445/,,,,,,
CLARITY CLINIC PREGNANCY CENTER,36-3918188,The Clarity Clinic,3365 Hillcrest Rd,Dubuque,IA,52002,Care Net,http://www.clarityclinic.com/ No,,https://www.facebook.com/hCttlaprsi:t/y/Ctwliinttiecr.com/Clarity_Clinic,,https://www.instagram.com/clarityclinicdbq/,,,,
ALTERNATIVES PREGNANCY CENTER - ELDORA,42-1367699,Alternatives Pregnancy Center,2006 12th Ave,Eldora,IA,50627,,https://www.alternativescenter.org/ Yes,,,,,,,,
CRADLE OF HOPE- FAIRFIELD,92-1666887,Cradle Of Hope Pregnancy Resource Center Of Mount Pleasant Iowa,1700 South Main St,Fairfield,IA,52546,Heartbeat International,cradleofhopeiowa.com Yes,,,,,,,,
CRADLE OF HOPE - FORT MADISON,92-1666887,Cradle Of Hope Pregnancy Resource Center Of Mount Pleasant Iowa,3421 Avenue L,Fort Madison,IA,52627,Heartbeat International,cradleofhopeiowa.com Yes,,,,,,,,
AGAPE - INDIANOLA CLINIC,42-1249643,Agape Pregnancy Resource Center,1700 West 2nd Ave,Indianola,IA,50125,Care Net,https://agapedsm.com/ No,,https://www.facebook.com/AgapeDSM/,https://www.youtube.comht/tcphsa:/n/wnewl/wU.CinOstWagUraAm0u.c7oKm6/ZaWganpae7d1simQb/s8WA,,,,,
BIRTHRIGHT OF IOWA CITY,23-7287845,Birthright of Iowa City,341 East College St,Iowa City,IA,52240,Birthright International,http://birthright.org/iowacity No,,,,,,,,
INFORMED CHOICES MEDICAL CLINIC - IOWA CITY,26-0451761,Obria Medical Clinics / Informed Choice of Iowa Corporation,821 South Gilbert St,Iowa City,IA,52240,Obria,https://www.informedchoicesclinic.com/ No,,https://www.facebook.com/InformedChoicesMedicalClinics,,,,,,
THE LIGHTHOUSE CENTER OF HOPE,42-1466680,Lighthouse Center of Hope,17 Thompson Ave,Iowa Falls,IA,50126,,https://thelighthousecenter.com/ No,,https://www.facebook.com/lighthousecenterofhope,,,,,,
BIRTHRIGHT OF KEOKUK,42-1198338,Birthright of Keokuk,"629 Blondeau St, Suite 206",Keokuk,IA,52632,Birthright International,http://birthright.org/keokuk No,,,,,,,,
BIRTHRIGHT OF KNOXVILLE,42-1356372,Birthright of Knoxville,111 East Marion St,Knoxville,IA,50138,Birthright International,http://birthright.org/knoxville No,,https://www.facebook.com/people/Birthright-of-Knoxville/100069035082506/?locale=hi_IN&paipv=0&eav=AfYb9OYcff1-r61TnNhP14dKIK4NAFRk2D10bvjjinwhcckoifACNtHglrZWy7DpbCg&_Roadr,,,,,,
HER HEALTH WOMEN'S CENTER - LE MARS,42-1282535,Her Health Womens Center,"130 4th Ave NE, Suite 3",Le Mars,IA,51031,"Care Net, Heartbeat International",https://www.herhealthwc.org/ Yes,,https://www.facebook.com/HerHealthWomensCenter/,,https://www.instagram.com/herhealthwc/,,,,
CARING PREGNANCY CENTER,42-1276848,Caring Pregnancy Center,"830 15th St SW, Suite 1",Mason City,IA,50401,"Care Net, Heartbeat International",http://www.cpcmasoncity.org/ Yes,,https://www.facebook.com/cpcmasoncity/,,https://www.instagram.com/cpcmasoncity/,,,,
CRADLE OF HOPE- MT. PLEASANT,92-1666887,Cradle Of Hope Pregnancy Resource Center Of Mount Pleasant Iowa,1400 East Washington St,Mt Pleasant,IA,52641,Heartbeat International,cradleofhopeiowa.com Yes,,,,,,,,
WORD OF HOPE,41-1374293,Lutherans for Life,1101 5th St,Nevada,IA,50201,,https://word-of-hope.org No,,https://www.facebook.com/WoRoadOfHopeHealingHearts/,,,,,,
PREGNANCY CENTER OF CENTRAL IOWA,42-1370682,Pregnancy Center of Central Iowa,709 1st Ave West,Newton,IA,50208,"Care Net, Heartbeat International",http://www.pcciowa.org/ No,,https://www.facebook.com/PregnancyCenterIowa/,,,,,,
BETHANY CHRISTIAN SERVICES - ORANGE CITY,,,"123 Albany Ave SE, Suite 3",Orange City,IA,51041,Bethany Christian Services,https://www.bethany.org/orange-city No,,,,,,,,
HEARTLAND PREGNANCY CENTER,42-1373685,Heartland Pregnancy Center,"101 South Market St, Suite 302",Ottumwa,IA,52501,"Care Net, Heartbeat International",http://ottumwachoices.com/ Yes,,,,,,,,
PATHWAYS OF PELLA,42-1429959,Pathways of Pella,1402 Washington St,Pella,IA,50219,Heartbeat International,http://pathwayspella.org/ Yes,,https://www.facebook.com/profile.php?id=100063632966982,,,,,,
PREGNANCY CENTER OF SOUTHWEST IOWA,30-0035644,Corner Stone Life Foundation,101 East Reed St,Red Oak,IA,51566,Heartbeat International,http://www.pcsi.care/ No,,https://www.facebook.com/pcsi4u/,,,,,,
SHENANDOAH PREGNANCY AND RESOURCE CENTER,83-3114497,Shenandoah Pregnancy and Resource Center,501 West Valley Ave,Shenandoah,IA,51601,Heartbeat International,https://www.shenandoahpregnancyresourcecenter.com/ No,,,,,,,,
HER HEALTH WOMEN'S CENTER - SIOUX CITY,42-1282535,Her Health Womens Center,5732 Sunnybrook Dr,Sioux City,IA,51106,"Care Net, Heartbeat International",https://www.herhealthwc.org/ Yes,,https://www.facebook.com/HerHealthWomensCenter/,,https://www.instagram.com/herhealthwc/,,,,
MARY'S CHOICE,80-0627406,Marys Choice,4415 Stone Ave,Sioux City,IA,51106,,https://www.maryschoice.org/ No,,https://www.facebook.com/hmttaprsy:s//.xc.hcooimce/maryschoiceSC,,,,,,
BIRTHRIGHT OF SPENCER,31-1725739,Birthright of Spencer,"20 West 6th St, Suite 304",Spencer,IA,51301,Birthright International,http://birthright.org/spencer No,,,,,,,,
CORNERSTONE FOR LIFE PREGNANCY RESOURCE CENTER - STORM LAKE,46-2077111,Cornerstone for Life,"800 Oneida St, Suite 4",Storm Lake,IA,50588,Care Net,https://cornerstoneforlifeprc.com/ No,,https://www.facebook.com/CornerstoneforLife/,,,,,,
LC CLINIC- STUART,27-2892072,Lifecare Pregnancy Resources,212 South Division St,Stuart,IA,50250,Care Net,http://www.iowalcclinic.org/ No,,https://www.facebook.com/LcClinic/,,https://www.instagram.com/lc_clinic/,,,,
ALTERNATIVES PREGNANCY CENTER - WATERLOO,42-1367699,Alternatives Pregnancy Center,1006 Decathlon Dr,Waterloo,IA,50701,,http://www.alternativescenter.org/ Yes,,,,,,,,
ALTERNATIVES PREGNANCY CENTER - WAVERLY,42-1367699,Alternatives Pregnancy Center,215 3rd St NW,Waverly,IA,50677,,https://www.alternativescenter.org/ Yes,,,,,,,,
INNERVISIONS HEALTHCARE WEST,45-3790483,The Human Choice Of Iowa,"1355 50th St, Suite 400",West Des Moines,IA,50266,Heartbeat International,http://innervisionshealthcare.org/ Yes,,https://www.facebook.com/innervisionshealthcare,,https://www.instagram.com/innervisionshealthcare/,,,,
BRANCHES PREGNANCY & FAMILY RESOURCE CENTER - AUGUSTA,48-1211844,Branches Pregnancy And Family Center Inc,510 State St,Augusta,KS,67010,Care Net,https://www.pregnancyandfamily.org/ No,,https://www.facebook.com/PregnancyFamilyResourceCenters,,,,,,
HEART CHOICES- BELOIT,48-1248682,Heart Choices Inc,602 West 6th St,Beloit,KS,67420,"Care Net, Heartbeat International",https://www.heartchoicespregnancy.com/ Yes,,https://www.facebook.com/HeartChoicesPRC,,https://www.instagram.com/heartchoicesprc/,,,,
MIDWEST PREGNANCY CARE CENTER - COFFEYVILLE,48-0968949,Midwest Crisis Pregnancy Center,912 Walnut St,Coffeyville,KS,67337,Heartbeat International,http://www.midwestpcc.com/ No,,https://www.facebook.com/midwestpcc/,,,,,,
HEART CHOICES- CONCORDIA,48-1248682,Heart Choices Inc,910 West 11th St,Concordia,KS,66901,"Care Net, Heartbeat International",https://www.heartchoicespregnancy.com/ Yes,,,,,,,,
EMBRACE - DERBY,48-1008621,Embrace of Wichita,520 South Rock Rd,Derby,KS,67037,Heartbeat International,https://embracewichita.org/ Yes,,https://www.facebook.com/embracewichita,,https://www.instagram.com/embracewichita/,,,,
BRANCHES PREGNANCY AND FAMILY RESOURCE CENTER - EL DORADO,48-1211844,Branches Pregnancy And Family Center Inc,214 West Central Ave,El Dorado,KS,67042,Care Net,https://www.pregnancyandfamily.org/ No,,https://www.facebook.com/PregnancyFamilyResourceCenters,,,,,,
INSIGHT WOMEN'S CENTER - EUDORA,20-8595376,Insight Womens Center,710 Main St,Eudora,KS,66025,Heartbeat International,https://insightlawrence.org/en/ Yes,,https://www.facebook.com/LawrenceIWC,,,,,,
ABC PREGNANCY CARE CENTER,48-1153296,Abc Pregnancy Care Center,509 North 6th St,Garden City,KS,67846,Heartbeat International,http://abcpregnancycarecenter.org/ Yes,,https://www.facebook.com/ABCPregnancy/,,https://www.instagram.com/abcpregnancy/,,,,
BIRTHRIGHT OF GREAT BEND,23-7398222,Birthright of Great Bend,1420 Wilson St,Great Bend,KS,67530,Birthright International,http://birthright.org/greatbend No,,,,,,,,
BIRTHRIGHT OF HUTCHINSON,32-0040254,Birthright of Hutchinson,214 East 3rd Ave,Hutchinson,KS,67501,Birthright International,http://birthright.org/hutchinsonks No,,,,,,,,
OPEN DOOR HEALTH SERVICES,48-1237735,Open Door Pregnancy Care Center,315 West 1st Ave,Hutchinson,KS,67501,Heartbeat International,https://www.opendoorhealthservices.com/ Yes,,https://www.facebook.com/hotptpesn:d//otwoirtptecrc./com/OpenDoorPCC,,https://www.instagram.com/opendoorpcc/,,,,
MIDWEST PREGNANCY CARE CENTER - INDEPENDENCE,48-0968949,Midwest Crisis Pregnancy Center,213 East Main St,Independence,KS,67301,Heartbeat International,http://www.midwestpcc.com/ No,,,,,,,,
PREGNANCY RESOURCE CENTER OF SOUTHEAST KANSAS,73-1642933,Pregnancy Resource Center,1 South Jefferson Ave,Iola,KS,66749,Heartbeat International,https://www.pfcsek.org/ No,,https://www.facebook.com/PregnancyAndFamilyCenterServingSEK/,,,,,,
JC PREGNANCY CENTER,83-4506905,Jc Pregnancy Center Inc,823 North Washington St,Junction City,KS,66441,Heartbeat International,https://www.jcpregnancycenter.com/ Yes,,https://www.facebook.com/profile.php?id=100075861224499,,,,,,
KANSAS CITY PREGNANCY CLINIC- KANSAS CITY,84-3126144,Kansas City Pregnancy Clinic,636 Tauromee Ave,Kansas City,KS,66102,"Heartbeat International, NIFLA",https://www.kcpregnancyclinic.org/ Yes,,,,,,,,
WYANDOTTE PREGNANCY CLINIC,20-5048703,Wyandotte Pregnancy Clinic,3021 North 54th St,Kansas City,KS,66104,Heartbeat International,http://wyandottepregnancyclinic.org/ Yes,,https://www.facebook.com/hwttypasn:/d/xo.tcteo.mol/amthperepgrengahnntatcpnyscc:y/li/cnwl1iwn?iwsc=s.y2o1utube.comht/tcphsa:/n/wnewl/wU.CinDstKaVgrvasmE.ncPoTmP/wwypaVnDdxoUttDe.OolnaUth7ewpregclinic/,,,,,,
INSIGHT WOMEN'S CENTER,20-8595376,Insight Womens Center,"3210 Mesa Way, Suite C",Lawrence,KS,66049,Heartbeat International,https://insightlawrence.org/en/ Yes,,https://www.facebook.com/LawrenceIWC,,https://www.instagram.com/insightwomenscenter/,,,,
BIRTHRIGHT OF LEAVENWORTH,48-1044571,Birthright of Leavenworth,221-A Delaware St,Leavenworth,KS,66048,Birthright International,https://birthright.org/leavenworth/ No,,https://www.facebook.com/BirthrightofLeavenworth/,,,,,,
LIFE CHOICE MINISTRIES,48-1032414,Life Choice Ministries,1441 Anderson Ave,Manhattan,KS,66502,,http://www.lifechoiceks.org/ No,,https://www.facebook.com/hLtitfpesC:/h/xo.iccoemKS/L/ifeChoiceKS,,https://www.instagram.com/lifechoiceministries/,,,,
HOPE WOMEN'S CENTER,48-1117056,Heartland Pregnancy Care and Family Life Services,717 North Main St,Newton,KS,67114,,https://www.heartlandpcc.com/ Yes,,,,,,,,
OLATHE PREGNANCY CENTER,20-5048703,Wyandotte Pregnancy Clinic,1313 East Santa Fe St,Olathe,KS,66061,Heartbeat International,https://wyandottepregnancyclinic.org/ Yes,,https://www.facebook.com/wyandotte.olathepregnancyclinics,,https://www.instagram.com/wyandotte.olathepregclinic/,,,,
HEART CHOICES- OSBORNE,48-1248682,Heart Choices Inc,117 North 1st St,Osborne,KS,67473,"Care Net, Heartbeat International",https://www.heartchoicespregnancy.com/ Yes,,,,,,,,
LIFECARE CENTER,74-2839564,Lifecare Center For Women Inc,121 East Second St,Ottawa,KS,66067,"Care Net, Heartbeat International",https://www.lifecarecenter.org/ Yes,,https://www.facebook.com/LifeCareCenterKS,,https://www.instagram.com/lifecarecenterottawa,,,,
TWO LINES PREGNANCY CLINIC,48-1055953,Advice and Aid Pregnancy Centers,10901 Granada Lane,Overland Park,KS,66211,Heartbeat International,https://twolineskc.com/ Yes,,,,,,,https://adviceandaid.com/partner-with-us/,
VIE MEDICAL CLINIC,47-0929496,Vie Medical Clinic,615 North Broadway,Pittsburg,KS,66762,"Care Net, Heartbeat International",http://viemedicalclinic.org/ No,,https://www.facebook.com/viemedicalclinic,,https://www.instagram.com/viemedicalclinic/?hl=en,,,,
BIRTHRIGHT OF SALINA,48-0972000,Birthright of Salina,1125 East Iron Ave,Salina,KS,67401,Birthright International,http://birthright.org/salina No,,,,,,,,
PREGNANCY SERVICE CENTER,31-1743727,Pregnancy Service Center,1101 East Republic Ave,Salina,KS,67401,"Care Net, Heartbeat International",http://pscsalina.com/ Yes,,https://www.facebook.com/pregnancyservicecentersalina/?hc_ref=SEARCH&fref=nf,,,,,,
KANSAS CITY PREGNANCY CLINIC- SHAWNEE MISSION,84-3126144,Kansas City Pregnancy Clinic,"10200 West 75th St, Suite B-275",Shawnee Mission,KS,66104,"Heartbeat International, NIFLA",https://www.kcpregnancyclinic.org/ Yes,,,,,,,,
HEART CHOICES- SMITH CENTER,48-1248682,Heart Choices Inc,120 West Kansas St,Smith Center,KS,66967,"Care Net, Heartbeat International",https://www.heartchoicespregnancy.com/ Yes,,,,,,,,
BIRTHRIGHT OF TOPEKA,23-7190502,Birthright of Topeka,512 SW 7th St,Topeka,KS,66603,Birthright International,http://birthright.org/topeka No,,https://www.facebook.com/BirthrightofTopeka/,,,,,,
LIFELINE WOMEN'S RESOURCE CENTER,48-1098830,Caring Pregnancy Options,2041 SW McAlister Ave,Topeka,KS,66604,Heartbeat International,https://www.lifelinewrc.com/ No,,,,,,,,
MARY'S CHOICES,45-4787341,Mary's Choices,551 NW Broad St,Topeka,KS,66608,Heartbeat International,http://maryschoices.com/ Yes,,https://www.facebook.com/maryschoices/,,,,,,
BIRTHLINE OF WELLINGTON,48-1113136,Birthline of Wellington,317 North F St,Wellington,KS,67152,Birthline,https://www.birthlineofwellington.com/ No,,https://www.facebook.com/birthline,,,,,,
BIRTHLINE OF WICHITA,48-1146607,Birthline Inc,339 North Seneca St,Wichita,KS,67203,Birthline,https://www.birthline.net/ Yes,,,,,,,,
EMBRACE - WICHITA,48-1008621,Embrace of Wichita,1040 North West St,Wichita,KS,67203,Heartbeat International,https://embracewichita.org/ Yes,,https://www.facebook.com/embracewichita,,https://www.instagram.com/embracewichita/,,,,
A BETTER CHOICE,48-1133128,A Better Choice,3007 East Central Ave,Wichita,KS,67214,Heartbeat International,http://www.pregnancywichita.com/ Yes,,https://www.facebook.com/pregnancywichita,,https://www.instagram.com/pregnancywichita,,,,
"CHOICES MEDICAL CLINIC, INC.",48-1141020,Choices Medical Clinic Inc,538 South Bleckley Dr,Wichita,KS,67218,,https://www.choicesmedicalclinic.org/ Yes,,,,,,,,
TWO HEARTS PREGNANCY CARE CENTER,61-1366831,Two Hearts Ashland Area Pregnancy Care Center,2200 29th St,Ashland,KY,41101,"Care Net, Heartbeat International",http://www.twoheartspcc.org/ No,,https://www.facebook.com/profile.php?id=100057737826596,,,,,,
THE NEW LIFE CENTER,61-1339305,New Life Center,202 East Stephen Foster Ave,Bardstown,KY,40004,,https://www.thenewlifecenter.net/ No,,https://www.facebook.com/tnlcBardstown/,,https://www.instagram.com/the_new_life_center/,,,,
H.O.P.E. CLINIC - BENTON,31-1547451,Haven Of Hope Inc,1100 Olive St,Benton,KY,42025,Heartbeat International,https://www.hopeclinicwestky.com/ Yes,,https://www.facebook.com/p/HOPE-Clinic-100064606002694/,,,,,https://www.hopeclinicky.net/,
AFFIRM WOMEN'S HEALTH- BEREA,61-1259237,Madison County Pregnancy Help Center,"133 Plaza Dr, Suite 1",Berea,KY,40403,Heartbeat International,https://affirmwomen.org/ No,,,,,,,,
HOPE PREGNANCY CENTER OF TAYLOR COUNTY,61-1281002,Central Kentucky Pregnancy Support Center Inc,319 East Maple St,Campbellsville,KY,42718,Heartbeat International,http://www.hopepc.org/ No,,https://www.facebook.com/hopepctc,,,,,,
HAVEN OF HOPE PREGNANCY SERVICES,26-2387625,Haven Of Hope Prc Incorporated,"1209 Highland Ave, Suite A",Carrollton,KY,41008,Heartbeat International,https://havenofhopeky.org/ No,,https://www.facebook.com/havenofhopepregnancyservices/,,,,,,
CARE NET PREGNANCY SERVICES OF NORTHERN KENTUCKY - COLD SPRING,61-1351706,Care Net Pregnancy Services of Northern KY,3700 Alexandria Pike,Cold Spring,KY,41035,Care Net,https://pregnantoptionsnky.com/ Yes,,https://www.facebook.com/friendsofCare,Netnky,https://www.instagram.com/friendsofCare,,,Netnky,
NEW HOPE CENTER - COVINGTON,61-1189466,New Hope Center,2501 Madison Ave,Covington,KY,41015,Heartbeat International,http://www.newhopecenter.com/ Yes,,https://www.facebook.com/NewHopeCenters,,,,,,
NEW HOPE CENTER - CRESTVIEW FALLS,61-1189466,New Hope Center,"228 Thomas More Pkwy, Building 2",Crestview Hills,KY,41017,Heartbeat International,http://www.newhopecenter.com/ Yes,,https://www.facebook.com/NewHopeCenters,,,,,,
HAVEN CARE CENTER - DANVILLE,61-1210413,Haven Care Center,464 South 4th St,Danville,KY,40422,"Care Net, Heartbeat International",http://havencarecenter.org/ Yes,,https://www.facebook.com/havenofhopepregnanhctytpses:r/v/wicwesw.youtube.com/@havencarecenter4027,,,,,,
H.O.P.E. CLINIC - EDDYVILLE,31-1547451,Haven Of Hope Inc,260 East Commerce St,Eddyville,KY,42038,Heartbeat International,https://www.hopeclinicwestky.com/ Yes,,,,,,,,
CLARITY SOLUTIONS FOR WOMEN,61-1384944,Clarity Solutions,105 East Memorial Dr,Elizabethtown,KY,42701,Heartbeat International,http://www.clarityky.com/ Yes,,https://www.facebook.com/hCttlaprsi:t/y/KtwYitter.com/clarityky,,https://www.instagram.com/clarityky/,,,,
NEW HOPE CENTER - FALMOUTH,61-1189466,New Hope Center,707 West Shelby St,Falmouth,KY,41040,Heartbeat International,http://www.newhopecenter.com/ Yes,,https://www.facebook.com/NewHopeCenters,,,,,,
CARE NET PREGNANCY SERVICES OF NORTHERN KENTUCKY - FLORENCE,61-1351706,Care Net Pregnancy Services of Northern KY,7129 Price Pike,Florence,KY,41042,Care Net,https://pregnantoptionsnky.com/ Yes,,https://www.facebook.com/friendsofCare,Netnky,https://www.instagram.com/friendsofCare,,,Netnky,
AVENUES CLINIC,20-5948922,Avenues for Women,"73 C. Michael Davenport Blvd, Suite 5",Frankfort,KY,40601,"Care Net, Heartbeat International",https://chooseavenues.com No,,https://www.facebook.com/hAtvtpess:F//otwrWitteorm.ceonm//AvesForWomen,,https://www.instagram.com/Avesforwomen/,,,,
NOT ALONE PREGNANCY CENTER,45-3850261,Not Alone Pregnancy Center Inc,"100 Mary Lynn Dr, Unit 15",Georgetown,KY,40324,,https://www.notalonepregnancycenter.org No,,https://www.facebook.com/NotAlonePregnancyCenter,,,,,,
CROSSROADS LIFE CENTER- GLASGOW,20-1082722,Crossroads Pregnancy Center Inc,123 East Washington St,Glasgow,KY,42141,"Care Net, Heartbeat International",https://crossroadsky.org/ No,,https://www.facebook.com/profile.php?id=100086326130525,,https://www.instagram.com/crossRoadslifectr?igshid=MmlzYWVINDQ5Yg%3D%3D,,,,
PATHWAY OF HOPE,41-2134915,Pathway of Hope,210 South Boggess Ave,Greenville,KY,42345,Care Net,https://pathwayofhopeprc.org/ No,,https://www.facebook.com/profile.php?id=100064652895556,,,,,,
HAVEN CARE CENTER - MERCER,61-1210413,Haven Care Center,900 North College St,Harrodsburg,KY,40330,"Care Net, Heartbeat International",http://havencarecenter.org/ Yes,,,,,,,,
MARSHA'S PLACE PREGNANCY RESOURCE CENTER,61-1225782,Pregnancy Resource Center Inc,235 North Elm St,Henderson,KY,42420,"Care Net, Heartbeat International",http://www.marshasplaceprc.org/ Yes,,https://www.facebook.com/MarshasPlaceHenderson/,,https://www.instagram.com/marshasplacehenderson,,,,
ALPHA PREGNANCY CARE CENTER,61-1185910,Alpha Alternative Crisis Pregnancy Center,500 North Main St,Hopkinsville,KY,42240,Heartbeat International,https://www.alphapcc.org/ Yes,,https://www.facebook.com/Alpha.PCC,,https://www.instagram.com/alphapregnancycare,,,,
CROSSROADS PREGNANCY RESOURCE CENTER,27-4097169,Crossroads Pregnancy Resource Center,120 East Adams St,Lagrange,KY,40031,"Care Net, Heartbeat International",https://mycrossroadsoc.org/ No,,https://www.facebook.com/mycrossRoadsoc,,https://www.instagram.com/crossRoadsocky/,,,,
HAVEN CARE CENTER - GARRARD,61-1210413,Haven Care Center,89 Farra Dr,Lancaster,KY,40444,"Care Net, Heartbeat International",http://havencarecenter.org/ Yes,,,,,,,,
ASSURANCE CARE CENTER,31-1118102,Assurance for Life,"1517 Nicholasville Rd, Doctors Park, Suite 403",Lexington,KY,40503,"Care Net, Heartbeat International",http://assurancecare.org/ No,,,,,,,,
LAUREL COUNTY LIFE CENTER,61-1289548,Laurel County Life Center,"830 South Main St, Suite 4",London,KY,40741,Heartbeat International,https://www.lclifecenter.org/ No,,https://www.facebook.com/LCLifeCenter1/,,https://www.instagram.com/laurelcountylifecenter/,,,,
BSIDEU FOR LIFE,61-1142823,A Choice For Life Inc,701 West Muhammad Ali Blvd,Louisville,KY,40203,Heartbeat International,bsideuforlife.org No,,https://www.facebook.com/BsideUForLifeLouisville,,https://www.instagram.com/bsideu4life/,,,,
LITTLE WAY PREGNANCY RESOURCE CENTER,61-1055060,Little Way Pregnancy Resource Center Inc,515 West Oak St,Louisville,KY,40203,Heartbeat International,https://littleway.org Yes,,https://www.facebook.com/littlewaylou,,https://www.instagram.com/littlewaylou,,,,
"SISTERS FOR LIFE, INC.",33-1061393,Sisters For Life Education Fund Inc,1143 South 6th St,Louisville,KY,40203,,http://sisforlife.org/ No,,https://www.facebook.com/sisforlifeorg/,,,,,,
DOOR OF HOPE,61-1313094,Door of Hope Pregnancy Care Center,1805 South Main St,Madisonville,KY,42431,Heartbeat International,http://www.doorofhope.com/ No,,https://www.facebook.com/doorofhopecarecenter,,,,,,
HEART & SOUL LIFE CENTER,45-2623179,Heart and Soul Life Center,769 Muddy Gap Rd,Manchester,KY,40962,Heartbeat International,https://heartandsoullifecenter.com/ No,,https://www.facebook.com/Heart-and-Soul-Life-Center-14476401891308h7tt/ps://www.instagram.com/heartandsoulpregnancy/,,,,,,
HOPE CENTER,61-1298152,Hope For Life Pregnancy Care Center Inc,1216 Paris Rd,Mayfield,KY,42066,Heartbeat International,http://www.hopemayfield.com/ No,,https://www.facebook.com/hopecentermayfield/https://www.youtube.comht/tupsse:/r//whowpwe.cinesnttaegrrmaamy.fcieolmd/_hopecenter/,,,,,,
HELP PREGNANCY CARE CENTER OF MONTICELLO,26-3299513,H E L P Pregancy Care Center Inc,200 North Main St,Monticello,KY,42633,"Care Net, Heartbeat International",http://www.helppregnancycenter.com/ Yes,,,,,,,,
HOPE PREGNANCY CARE CENTER,61-1324323,Hope Pregnancy Care Center,167 East Main St,Morehead,KY,40351,Heartbeat International,http://www.moreheadpregnancy.com/ Yes,,https://www.facebook.com/profile.php?id=100064658024007&ref=pagesh_tytposu:_//mwwanwa.ignestagram.com/hopepcc,,,,,,
OLIVE BRANCH PREGNANCY CENTER,41-2607727,Olive Branch Pregnancy Center Inc,103 Ashley Plaza,Morgantown,KY,42261,,,,https://www.facebook.com/people/Olive-Branch-Pregnancy-Center/61583607809037/,,,,,,
NEW BEGINNINGS PREGNANCY & RESOURCE CENTER - MT STERLING,61-1180957,Women For Life Of Winchester Inc,"506 North Maysville St, Suite 2",Mt Sterling,KY,40353,Care Net,http://newbeginningsofwinchester.org/ No,,https://www.facebook.com/New-Beginnings-of-Winchester-185402554827969/,,,,,,
CROSSROADS LIFE CENTER- MUNFORDVILLE,20-1082722,Crossroads Pregnancy Center Inc,1226 Main St,Munfordville,KY,42765,"Care Net, Heartbeat International",https://crossroadsky.org/ No,,,,,,,,
LIFE HOUSE CARE CENTER,61-1225208,Life House Crisis Pregnancy Center,602 Poplar St,Murray,KY,42071,Care Net,http://www.lhouse.org/ No,,https://www.facebook.com/lhousecarecenter/,,https://www.instagram.com/lifehousemurray/,,,,
BIRTHRIGHT OF OWENSBORO,61-1038458,Birthright Center of Owensboro,1724 Triplett St,Owensboro,KY,42301,Birthright International,http://birthright.org/owensboro No,,https://www.facebook.com/birthrightofowensoro/,,,,,,
CARE NET OF OWENSBORO,20-0736119,Pregnancy Center Of Owensboro,425 East 18th St,Owensboro,KY,42303,Heartbeat International,https://careneto.org/ No,,https://www.facebook.com/Care,Netowensboro/,,,,,
HOPE UNLIMITED FAMILY CARE CENTER - PADUCAH,61-1180457,Hope Unlimited Family Care Center,1101 Jefferson St,Paducah,KY,42001,"Care Net, Heartbeat International, NIFLA",http://www.hopeunlimitedfcc.org/ No,,https://www.facebook.com/hhtotppse:u//ntwlimittieter.dcfocmc//@hhotptpes_:e//mwwpoww.yeorustube.comht/tupsse:/r//wHwopwe.iUnsntlaimgirtaemdF.caommil/yh/ofepaetuunrelidmitedcenter/,,,,,,
APPALACHIAN PREGNANCY CARE CENTER,20-8757537,Appalachian Pregnancy Care Centers,118 Loraine St,Pikeville,KY,41501,Care Net,http://www.appalachianpregnancycare.com/ No,,,,,,,,
AFFIRM WOMEN'S HEALTH- RICHMOND,61-1259237,Madison County Pregnancy Help Center,227 West Irvine St,Richmond,KY,40475,Heartbeat International,https://affirmwomen.org/ No,,,,,,,,
WOMEN'S CARE CENTER,35-1609945,Womens Care Center Inc,1505 Lexington Rd,Richmond,KY,40475,,https://www.womenscarecenter.org/richmond-kentucky No,,,,,,,https://supportwomenscarecenter.org/,
"ALC A LOVING CHOICE PREGNANCY RESOURCE CENTER, INC.",20-1410531,Loving Choice Pregnancy Resource Center,711 Henry Clay St,Shelbyville,KY,40065,"Care Net, Heartbeat International",https://alckentucky.com/ No,,,,https://www.instagram.com/alckentucky/,,,,
"ALC A LOVING CHOICE PREGNANCY RESOURCE CENTER, INC.",20-1410531,Loving Choice Pregnancy Resource Center,368 North Buckman St,Shepherdsville,KY,40165,"Care Net, Heartbeat International",https://alckentucky.com/ No,,,,https://www.instagram.com/alckentucky/,,,,
FIRST CHOICE CLINIC OF SOMERSET,61-1105713,Aim For Life Inc,111 South Church St,Somerset,KY,42501,Heartbeat International,https://www.fccofsomerset.org/ Yes,,https://www.facebook.com/AIM-Pregnancy-Support-Center-138647190941/,,,,,,First Choice Clinic
HOUSE OF HOPE,61-1372838,House of Hope,226 West Main St,Springfield,KY,40069,Heartbeat International,https://houseofhopespringf.wixsite.com/houseofhopeky/conNtaoct,,https://www.facebook.com/HouseofHopeSpringfieldKY,,https://www.instagram.com/houseofhopeky/?igsh=MXQ4dzM0anpjdDExcQ%3D%3D&utm_source=qr&fbclid=IwAR0kNNBDO-5VL1bNHnvHhvEFKwSipJNGnvhOSzxb_Tq9uVLwgcalFAqZOgo_aem_ASMMRXIFpe5j1i8j6t2diqiD8WfNMBX4MFWNrepoJg6V8Ew1yCb6WxmmDquDoxg_1sDak3HysX-ZK1C0P82aju0T,,,,
HAVEN CARE CENTER - LINCOLN,61-1210413,Haven Care Center,105 Lancaste St,Stanford,KY,40484,"Care Net, Heartbeat International",http://havencarecenter.org/ Yes,,,,,,,,
CARE NET PREGNANCY SERVICES OF NORTHERN KENTUCKY - WILLIAMSTOWN,61-1351706,Care Net Pregnancy Services of Northern KY,"103 Barnes Rd, Suite E",Williamstown,KY,41097,Care Net,https://pregnantoptionsnky.com/ Yes,,https://www.facebook.com/friendsofCare,Netnky,https://www.instagram.com/friendsofCare,,,Netnky,
NEW BEGINNINGS PREGNANCY & RESOURCE CENTER - WINCHESTER,61-1180957,Women For Life Of Winchester Inc,139 Jefferson St,Winchester,KY,40391,Care Net,http://newbeginningsofwinchester.org/ No,,https://www.facebook.com/New-Beginnings-of-Winchester-185402554827969/,,,,,,
LILY OF THE VALLEY MINISTRIES,72-1395745,Lily of the Valley Ministries,PO Box 13601,Alexandria,LA,71302,,http://www.lilyofthevalleyministries.com/ No,,,,,,,,
CENLA PREGNANCY CENTER- ALEXANDRIA,82-1338688,Cenla Pregnancy Center,1254 MacArthur Dr,Alexandria,LA,71303,Heartbeat International,https://cenlapc.com/ Yes,,https://www.facebook.com/cenlapc/,https://www.youtube.comht/t@psc:e//nwlwapwr.eingsntaangcraycme.nctoemrs/cenlapregnancy/,,,,,Avoyelles Pregnancy Center
WOMEN'S LIFE MINISTRIES,74-3232424,Womens Life Ministries,109 East Mulberry St,Amite City,LA,70422,Heartbeat International,https://womenslifeministries.com/ No,,https://www.facebook.com/womenslifeministries/,,,,,,
WOMAN'S NEW LIFE CLINIC - BATON ROUGE,72-1475326,Woman's New Life Clinic,761 Colonial Dr,Baton Rouge,LA,70806,Heartbeat International,https://womansnewlife.com/ Yes,,https://www.facebook.com/hwttopms:a//ntwsnitetewr.licfeocme/nwtoemr/ansnewlife,,,,,,
THE WOMEN'S HELP CENTER,82-4353708,Womens Help Center,7515 Scenic Hwy,Baton Rouge,LA,70807,Heartbeat International,http://thewomenshelpcenter.org/ No,,,,,,,,
PREGNANCY PROBLEM CENTER,,,3005 Florida St,Baton Rouge,LA,70808,Heartbeat International,http://www.pregnancyproblemcenterbr.com/ Yes,,,,,,,,
CATHOLIC CHARITIES DIOCESE OF BATON ROUGE,,,1900 South Acadian Thruway,Baton Rouge,LA,70808,Diocese of Baton Rouge,https://www.adoptccdiobr.org/im-pregnant/,,,,,,,,
CARE PREGNANCY CLINIC,72-0977636,Care Pregnancy Clinic,3813 North Flannery Road,Baton Rouge,LA,70814,Heartbeat International,http://achoice.org/ Yes,,,,,,,,
NORTHLAKE CRISIS PREGNANCY CENTER,72-1024823,Northlake Crisis Pregnancy Center,19348 North 4th St,Covington,LA,70433,Heartbeat International,https://www.northlakecpc.com/ No,,,,,,,,
PREGNANCY CARE CENTER DERIDDER,72-1238811,BeauregaRoad Vernon Crisis Pregnancy Center,422 McMahon St,Deridder,LA,70634,Care Net,https://www.pregnancycarederidder.org/ No,,https://www.facebook.com/PregnancyDeridder/,,https://www.instagram.com/PregnancyCareDeRidder,,,,
WESTBANK PREGNANCY & FAMILY CARE CENTER,72-1483245,Community Center for Life,539 Lafayette St,Gretna,LA,70053,Heartbeat International,https://westbankpregnancy.org/ No,,https://www.facebook.com/wbpregnancy,,https://www.instagram.com/wbpregnancy/,,,,Westbank Pregnancy and Family Care Center
RESTORATION HOUSE PREGNANCY RESOURCE CENTER,58-1753800,Restoration Pregnancy Resource,101 South Spruce St,Hammond,LA,70403,Care Net,http://www.resthse.org/ No,,https://www.facebook.com/therestorationhouse,,,,,,
HOPE RESTORED PREGNANCY RESOURCE CENTER,04-3818262,Hope Restored Pregnancy Resource Center LLC,"1181 West Tunnel Blvd, Suite E",Houma,LA,70360,Heartbeat International,https://hoperestoredprc.org/ Yes,,https://www.facebook.com/hoperestoredprc/,,,,,,
WOMEN'S CENTER OF LAFAYETTE,72-1484266,Desormeaux Foundation,1331 Jefferson St,Lafayette,LA,70501,,http://womenscenteroflafayette.com/ No,,,,,,,,
ACADIANA PREGNANCY CENTER & CLINIC,58-1671248,A Pregnancy Center and Clinic,"913 South College Rd, Suite 206",Lafayette,LA,70503,Heartbeat International,https://apcclafayette.org/ No,,https://www.facebook.com/hatptpcsc:l/a/tfwayitetettre.com/apccpregnancy,,,,,,
ABC PREGNANCY RESOURCE CENTER,75-3052465,Abc Pregnancy Resource Center,600 Belden St,Lake Charles,LA,70601,"Care Net, Heartbeat International",http://abcprc.com/ Yes,,https://www.facebook.com/hAtBtpCs:P//rxe.gconman/RcyeRseosuorcuercAebCcenter,,https://www.instaghrtatpms.:c//owmw/wab.tcik_tporke.cgonman/@cya/bc_pregnancyresources,,,,
"NEW LIFE COUNSELING, INC",72-1005509,New Life Counseling,631 East School St,Lake Charles,LA,70607,Heartbeat International,https://www.newlifemedicallc.org/ Yes,,https://www.facebook.com/newlifecounselinglc,,https://www.instagram.com/newlifemedicallc/,,,,
NEW LIFE CRISIS PREGNANCY CENTER,45-4615208,New Life Crisis Pregnancy Center,302 West Courthouse St,Leesville,LA,71446,Heartbeat International,http://www.newlifecpc.com Yes,,https://www.facebook.com/newlifecpc,,,,,,
CENLA PREGNANCY CENTER- MARKSVILLE,82-1338688,Cenla Pregnancy Center,"221 North Monroe St, Suite 2",Marksville,LA,71351,Heartbeat International,https://cenlapc.com/ Yes,,https://www.facebook.com/cenlapc/,https://www.youtube.comht/t@psc:e//nwlwapwr.eingsntaangcraycme.nctoemrs/cenlapregnancy/,,,,,Avoyelles Pregnancy Center
PREGNANCY CARE CENTER,,,3108 20th St,Metairie,LA,70002,,http://pregnancycarecenternola.org/,,,,,,,,
ACCESS PREGNANCY & REFERRAL CENTERS,72-0408911,Catholic Charities Archdiocese Of New Orleans,"921 Aris Ave, Suite B",Metairie,LA,70005,Heartbeat International,https://www.ccano.org/access-pregnancy-services/,,,,,,,,
SEEDS WOMEN'S CENTER,26-3865866,Northwest Louisiana Pregnancy Care Center,308 Pine St,Minden,LA,71055,Heartbeat International,https://seedswomenscenter.com/ No,,https://www.facebook.com/nwlpcc.org/,,,,,,
LC CENTER,72-1113262,Life Choices Pregnancy Resource Center,2007 Roselawn Ave,Monroe,LA,71201,"Care Net, Heartbeat International",http://lifechoicesofmonroe.com/ Yes,,,,,,,https://www.lifechoicesofmonroe.com/supporters,
WOMEN'S RESOURCE CENTER OF NATCHITOCHES,58-1882982,Womens Resource Center of Natchitoches,107 North St,Natchitoches,LA,71457,"Care Net, Heartbeat International",http://www.wrcnatchitoches.org/ No,,,,,,,,
CELEBRATE LIFE MINISTRIES,72-1151999,Gideon Christian Fellowship,2225 Pleasure St,New Orleans,LA,70122,,http://gideonchristianfellowship.org/new/celebrate-life-ministries/,,,,,,,,
WOMAN'S NEW LIFE CENTER - NEW ORLEANS,72-1475326,Woman's New Life Clinic,4612 South Claiborne Ave,New Orleans,LA,70125,Heartbeat International,https://womansnewlife.com/ Yes,,https://www.facebook.com/hwttopms:a//ntwsnitetewr.licfeocme/nwtoemr/ansnewlife,,,,,,
LIFE CHOICES OF NORTH CENTRAL LOUISIANA,72-1314465,Life Choices of North Central Louisiana,606 Belue Lane,Ruston,LA,71270,Care Net,http://lifechoicesncla.org/ Yes,,https://www.facebook.com/lifechoicesncla/,https://www.youtube.comht/tcphsa:/n/wnewl/wU.CinIs8tAagVrJaDma.McoJmpW/lif3eBchEoZicvePs-Dnc7l8aw/,,,,,
MARY'S HOUSE PREGNANCY CARE CENTER,47-2593937,Marys House Of Louisiana,906 Margaret Place,Shreveport,LA,71101,Heartbeat International,https://maryshouseofla.org/ Yes,,https://www.facebook.com/maryshousenwla/?ref=embed_page,,,,,,
CARE PREGNANCY CENTER,58-2010775,Care Pregnancy Center,921 Shreveport-Barksdale Hwy,Shreveport,LA,71105,Care Net,https://www.carepregnancyhelp.com/ No,,https://www.facebook.com/CAREpregnancyhelp/?ref=aymt_homepage_hptatpnse:l/&/wewidw=A.inRsotaagdrWamy-.xc9ofmoB/cIaGrteMp7rebgwn2a8nwczy2ce-3nWteKr/l5G56L1USvPj67g3KGPvZFKNNo1AD0nEX-xFJa21yrBcbWDtVhtpg,,,,,,
SHREVEPORT PREGNANY CENTER,87-1787995,Shreveport Pregnancy Center,2810 Summer Grove Dr,Shreveport,LA,71118,Heartbeat International,http://shreveportpregnancycenter.com/ Yes,,https://www.facebook.com/spchelpme,,,,,,
PREGNANCY HELP SLIDELL - SPEAKHOPE,72-1186249,Crisis Pregnancy Help Center Of Slidell,550 Gause Blvd,Slidell,LA,70458,Heartbeat International,http://crisispregnancyhelp.org/ No,,,,,,,,
CROSSROADS PREGNANCY RESOURCE CENTER,01-0722568,Crossroads Pregnancy Resource Center,105 St. Louis St,Thibodaux,LA,70301,Heartbeat International,https://www.crossroadsprc.org/ Yes,,https://www.facebook.com/CrossRoadsPRC.org/?eid=ARB-6sDOs_cWMhvttXpsb:7//7wkwrWww.in_slit3algMraSmTG.cNom7D/cEro0sUsxRTol4aMdsZpYrcH/D?h8lq=Qen8CD9O1Zf03OlQgu3OwWMj50o1xIjF4z,,,,,,
CENLA PREGNANCY CENTER- VIDALIA,82-1338688,Cenla Pregnancy Center,4951 Hwy 84 West,Vidalia,LA,71373,Heartbeat International,https://cenlapc.com/ Yes,,https://www.facebook.com/cenlapc/,https://www.youtube.comht/t@psc:e//nwlwapwr.eingsntaangcraycme.nctoemrs/cenlapregnancy/,,,,,Avoyelles Pregnancy Center
OPEN ARMS PREGNANCY CENTER,27-2523678,Open Arms Pregnancy Center,99 Bangor St,Augusta,ME,04330,,http://www.openarmspc.org/ No,,https://www.facebook.com/openarms.pregnancycenter,,,,,,
FIRST STEP PREGNANCY RESOURCE CENTER,01-0428432,First Step Pregnancy Resource Center,"336 Mt. Hope Ave, Suite 11",Bangor,ME,04401,"Care Net, Heartbeat International",http://www.firststepbangor.com/ Yes,,https://www.facebook.com/profile.php?id=100064445634001&fref=ts,,,,,,
CARE NET OF MID-COAST MAINE,01-0533044,Door to Life,7 Cumberland St,Brunswick,ME,04011,"Care Net, Heartbeat International",https://www.carenetme.org/ Yes,,,,,,,,
PREGNANCY CARE CENTER OF AROOSTOOK - FT. KENT,22-2686628,Pregnancy Care Center of Aroostook County,272 West Main St,Fort Kent,ME,04743,Care Net,http://pcc-hope.org/ No,,,,,,,,
PREGNANCY CARE CENTER OF AROOSTOOK - HOULTON,22-2686628,Pregnancy Care Center of Aroostook County,37 North St,Houlton,ME,04730,Care Net,http://pcc-hope.org/ No,,,,,,,,
FREE WOMEN'S HEALTH CLINIC,01-0426091,Hope House Network,91 College St,Lewiston,ME,04240,,http://www.hopehousemaine.com/index.html No,,,,,,,,
ABBA WOMEN'S CHOICE,01-0499592,Abba A Womens Resource Center,"1250 Forest Ave, 2nd Floor",Portland,ME,04103,"Care Net, Heartbeat International",http://abbapregnancychoice.org/ Yes,,https://www.facebook.com/hatbtpbsa:w//xo.mcoemns/acbhboaicweomenchoice,,https://www.instagram.com/abbawomenschoice/,,,,
PREGNANCY CARE CENTER OF AROOSTOOK - PRESQUE ISLE,22-2686628,Pregnancy Care Center of Aroostook County,"830 Main St, A-2",Presque Isle,ME,04769,Care Net,http://pcc-hope.org/ No,,,,,,,,
ALPHA PREGNANCY CENTER,01-0475640,Alpha Pregnancy Resource Center,"6B Washington St, Suite 100",Sanford,ME,04073,Care Net,https://alpha-prc.com/ No,,https://www.facebook.com/hatltpphsa:/p/xrc.c/om/Alpha_Pregnancy,,https://www.instagram.com/alphaprc/,,,,
RESOLVE LIFE CENTER,04-3335128,First Choice Pregnancy Resource Center,257 Main St,Waterville,ME,04901,Care Net,https://www.resolvelife.org/ No,,https://www.facebook.com/resolvelifecenter/,,https://www.instagram.com/resolvelifecenter/,,,,
TOWSON WOMEN'S CARE,52-1724629,Towson Women's Care,"7402 York Rd, Suite 100",Towson,MD,21204,Heartbeat International,https://towsonwomenscare.org/ Yes,,,,,,,,
ALPHA'S GLORY CRISIS PREGNANCY CENTER,52-1699931,Alphas Glory Crisis Pregnancy Center Incorporated,"219 West Bel Air Ave, Suite 2",Aberdeen,MD,21001,Heartbeat International,https://www.alphasglory.org/ Yes,,https://www.facebook.com/profile.php?id=100038066630823,,,,,,
WOMEN'S CLINICS ANNAPOLIS,52-1436787,Bowie Crofton Pregnancy Center,934 West St,Annapolis,MD,21401,"Care Net, Heartbeat International",https://womensclinics.org/ Yes,,https://www.facebook.com/PregnancyClinics,,https://www.instagram.com/helphopehealing/,,,,
CENTER FOR PREGNANCY CONCERNS,52-1192219,Greater Baltimore Center for Pregnancy Concerns,328 North Howard St,Baltimore,MD,21218,Heartbeat International,https://cpcforhelp.org/ Yes,,https://www.facebook.com/hCttepnst:e//rtFwoitrtPerre.cgonma/nccpycCfoornhceelprns/,,https://www.instagram.com/centerforpregnancyconcerns/,,,,
ROCK-A-MY-BABY PREGNANCY SUPPORT CENTER,52-1457200,Agape House,1501 North Dukeland St,Baltimore,MD,21223,,http://www.rockamybabypregnancysupportcenter.org/ No,,,,,,,,
BALTIMORE PREGNANCY CENTER,,,7311 Hartford Road,Baltimore,MD,21234,,,,,,,,,,
WOMEN'S CARE CENTER OF BALTIMORE,47-4122869,Women's Care Center of Maryland Incorporated,7619 Belair Rd,Baltimore,MD,21236,,https://www.womenscarecenter.org/baltimore-maryland No,,,,,,,,
GRACE CENTER FOR MATERNAL AND WOMEN'S HEALTH,27-2789189,Grace Center For Maternal And Womens Health Inc,"10226 Old Ocean City Blvd, Unit 2",Berlin,MD,21811,Heartbeat International,https://gracematernalhealth.org/ No,,https://www.facebook.com/shirleygracepc/,https://www.youtube.com/channel/UCiMBsq51hC2QUQvwzgD5fLQ,,,,,
WOMEN'S CLINICS BOWIE CROFTON,52-1436787,Bowie Crofton Pregnancy Center,4314 Northview Dr,Bowie,MD,20716,"Care Net, Heartbeat International",https://womensclinics.org/ Yes,,https://www.facebook.com/PregnancyClinics,,,,,,
CHRISTLE LIGHTHOUSE PREGNANCY CARE CENTER,52-1938260,Christle Lighthouse Pregnancy Care,"6507 Old Branch Ave, Suite 102A",Camp Springs,MD,20748,,https://www.christlelighthousepcc.org/ No,,https://www.facebook.com/Christle-Lighthouse-Pregnancy-Care-Center-1407882102793494/,,,,,,
PREGNANCY AID CENTER,23-7418649,Pregnancy Aid Centers,4700 Erie St,College Park,MD,20740,,https://pregnancyaidcenter.org/ No,,,,,,,,
COLUMBIA PREGNANCY CENTER,52-1731882,Columbia Pregnancy Center / Howard County Pregnancy Center,"8945 Guilford Rd, Suite 130",Columbia,MD,21046,Heartbeat International,http://www.columbia-pregnancy.org/ No,,https://www.facebook.com/people/Moms-of-CPC/100063480792927/,,https://www.instagram.com/cpcempowhettrpinsg:/w/wowmwe.nc/olumbia-babies.org/,,,,
BETHANY CHRISTIAN SERVICES - CROFTON,,,"2142 Priest Bridge Ct, Suite 1",Crofton,MD,21114,Heartbeat International,https://bethany.org/locations/us/maryland/crofton No,,,,,,,,
1ST WAY PREGNANCY SUPPORT CENTER,52-1338274,1st Way Pregnancy Support Center,310 Race St,Cumberland,MD,21501,"The National Life Center, Inc.",https://1stwaypregnancy.com/ No,,https://www.facebook.com/1stwaypregnancy/,,,,,,
BAYWATER WOMEN'S CLINIC,52-1722184,Choices for Life Pregnancy Center,"505 Dutchmans Lane, Suite B1",Easton,MD,21601,Heartbeat International,https://baywaterwomens.com/ Yes,,,,,,,,
CHOOSE HOPE WOMEN'S CENTER,52-1305958,Choose Hope Womens Center,1924 Pulaski Hwy,Edgewood,MD,21040,Birthright International,https://choosehopetoday.org/ Yes,,https://www.facebook.com/hptetposp:l/e/t/wCihttoeor.sceo-mH/ocphewh-oWttmposem:n//eswncwse-wnCt.eyeronutetur-boef-.Hcoamrhfto/tcpRhsoa:a/n/dwn-ewCl/woUu.CinnHstytFa/1_g0Br0ad0mB9.uc4lo35m338X/c61h9bo35o8fms8e1_h/GoOpeqwHoAmenscenter/?r=nametag,,,,,,
CECIL PREGNANCY AND FAMILY RESOURCE CENTER,52-1302944,Cecil County Pregnancy Center,126 East High St,Elkton,MD,21921,Heartbeat International,https://ccpregnancycenter.org/ Yes,,https://www.facebook.com/ccpregnancycenter,,https://www.instagram.com/ccpregnancycenters/?hl=en,,,,
CATOCIN PREGNANCY CENTER,52-1833597,Pregnancy Center Inc - Catoctin,"130 South Seton Ave, Suite 3",Emmitsburg,MD,21727,,http://www.catoctinpregcenter.org/ No,,,,,,,,
BIRTHRIGHT OF FREDERICK,52-1247451,Birthright of Frederick,250 West Patrick St,Frederick,MD,21701,Birthright International,https://birthright.org/frederick/ No,,,,,,,,
CARE NET PREGNANCY CENTER OF FREDERICK,52-1322581,Care Net Pregnancy Center of Frederick,707 North Market St,Frederick,MD,21701,Care Net,https://www.carenetfrederick.org No,,https://www.facebook.com/hCttaprse:,/N/twetiftrteedr.ecroicmk/Care,NetFredMD https://www.instagram.com/Care,,Netfrederickmd/?hl=en,,
SHADY GROVE PREGNANCY CENTER,52-1308640,Shady Grove Pregnancy Center,"16220 Frederick Rd, Suite 118",Gaithersburg,MD,20877,"Care Net, Heartbeat International",http://www.pregnancy-options.org/ Yes,,,,,,,,
WOMEN'S CARE MARY'S CENTER INC.,,,"898 Airport Park Rd, Suite 109",Glen Burnie,MD,21060,,https://womenscaremc.org/ Yes,,,,,,,,
THE JAMES ISAAC HOUSE - GRANTSVILLE,52-1612228,The James Isaac House Inc,3231 Chestnut Ridge Rd,Grantsville,MD,21536,,https://tjihouse.org/ No,,,,,,,,
HAGERSTOWN AREA PREGNANCY CLINIC,52-0887582,Hagerstown Bible Church,152 West Washington St.,Hagerstown,MD,21740,Heartbeat International,http://hapconline.com/ Yes,,https://www.facebook.com/hapcenter,,,,,,
LAUREL PREGNANCY CENTER,52-1608500,Laurel Pregnancy Center,415 Main St,Laurel,MD,20707,Care Net,https://lpcpartners.org/ No,,https://www.facebook.com/LaurelPregnancyCenter,,https://www.instagram.com/laurelpregnancycenter/,,,,
EL SHADDI CARE CENTER,52-2089345,El Shaddi Care Center,P.O. Box 3035,Laurel,MD,20709,,http://www.elshaddi.org/ No,,,,,,,,
CARE NET PREGNANCY CENTER OF SOUTHERN MARYLAND - LEXINGTON PARK,52-1689564,Care Net Pregnancy Center of Southern Maryland,21562 Thames Ave,Lexington Park,MD,20653,Care Net,https://carenetsomd.org/ Yes,,https://www.facebook.com/hCttaprse:,/N/twetisttoemr.cdo/m/Care,NetSOMD https://www.instagram.com/Care,,Netsomd/,,
THE JAMES ISAAC HOUSE - OAKLAND,52-1612228,The James Isaac House Inc,314 South 2nd St,Oakland,MD,21550,,https://tjihouse.org/ No,,,,,,,,
MARY'S CENTER,52-1710341,Mary's Center,8325 Ventnor Rd,Pasadena,MD,21122,Our Lady of the Chesapeake,https://olchesapeake.org/marys-center,,https://www.facebook.com/hotutprlsa:d//ytwofitttheerc.choemsa/OpeLaCkhee?shacp_eloackaetion=timeline,,,,,,
BIRTHRIGHT OF PRINCE FREDERICK,52-1931286,Birthright of Prince Frederick,"301 Steeple Chase Dr, Suite 405",Prince Frederick,MD,20678,Birthright International,https://birthright.org/princefrederick No,,,,,,,,
CARE NET PREGNANCY CENTER OF SOUTHERN MARYLAND - PRINCE FREDERICK,52-1689564,Care Net Pregnancy Center of Southern Maryland,"2196 Solomons Island Road, Suite 3",Prince Frederick,MD,20678,Care Net,https://carenetsomd.org/ Yes,,https://www.facebook.com/hCttaprse:,/N/twetisttoemr.cdo/m/Care,NetSOMD https://www.instagram.com/Care,,Netsomd/,,
ALPHA PREGNANCY CENTER,52-1402348,Alpha Pregnancy Center Inc,"301 Main St, Suite 1B",Reisterstown,MD,21136,Care Net,http://www.alpha-pregnancycenter.org/ No,,https://www.facebook.com/people/Alpha-Pregnancy-Center/100047725137093/,,,,,,
ROCKVILLE PREGNANCY CLINIC,52-1492325,Rockville Pregnancy Center,"12530 Parklawn Dr, Suite 170",Rockville,MD,20852,"Care Net, Heartbeat International",https://rockvilleclinic.org/ No,,https://www.facebook.com/hRttopcsk:v//itlwleiWtteorm.coemns/Croecnktveilrlewomens,,https://www.instagram.com/rockvillewomens/,,,,
EASTERN SHORE PREGNANCY CENTER,20-0507389,Pregnancy Care Clinic of the Eastern Shore,2604 Old Ocean City Rd,Salisbury,MD,21804,Heartbeat International,http://easternshorepregnancycenter.org/ Yes,,,,,,,https://supporter.easternshorepregnancycenter.org/,
WOMEN'S CLINICS SEVERNA PARK,52-1436787,Bowie Crofton Pregnancy Center,"650 Ritchie Hwy, Suite 307",Severna Park,MD,21146,"Care Net, Heartbeat International",https://womensclinics.org/ Yes,,https://www.facebook.com/PregnancyClinics,,,,,,
BIRTHRIGHT OF ANNAPOLIS,52-1176289,Birthright of Annapolis,770 Ritchie Hwy,Severna Park,MD,21146,Birthright International,https://birthright.org/annapolis/ No,,,,,,,,
CENTRO TEPEYAC WOMEN'S CENTER,52-1838338,Centro Tepeyac,12247 Georgia Ave,Silver Spring,MD,20902,Heartbeat International,https://centrotepeyac.org/ Yes,,https://www.facebook.com/centrotepeyac/,,https://www.instagram.com/centrotepeyac/,,,,
SHIFRA,27-0746302,In Shifras Arms Inc.,PO Box 7212,Silver Spring,MD,20910,Network of Jewish Human Service Agencies,https://jewishpregnancyhelp.org/ No,,https://www.facebook.com/JewishPregnancyHelp?mibextid=LQQJ4d,,https://www.instagram.com/call_shifra?igsh=MWtkbjZja2tkdHp4dQ==,,,,
THE CATHERINE FOUNDATION PREGNANCY RESOURCE CENTER,52-1366150,The Catherine Foundation,3065 Old Washington Rd,Waldorf,MD,20601,"Care Net, Heartbeat International, NIFLA",http://www.catherinefoundation.org/ Yes,,https://www.facebook.com/hctatpthse:/r/itnweitftoeurn.cdoamtio/tnhperccatherinefdn?lang=enhttps://www.instagram.com/catherinefoundationprc/,,,,,,
PREGNANCY SUPPORT CENTER OF CARROLL COUNTY,85-1625528,Pregnancy Support Center of Carroll County,"95 Carroll St, Suite 101",Westminster,MD,21157,Heartbeat International,https://www.carrollpregnancy.org/ Yes,,https://www.facebook.com/PregnancySupportCenterofCarrollCountyMD/https://www.instagram.com/pscofcc/,,,,,,
ABUNDANT HOPE PREGNANCY RESOURCE CENTER,27-3350613,Abundant Hope Pregnancy Resource Center,152 Emory St Unit 4,Attleboro,MA,02703,Heartbeat International,https://ahprc.org/ No,,https://www.facebook.com/AbundantHopePRC,,,,,,
BOSTON PREGNANCY CENTER,22-2474290,Daybreak Inc,"120 Lincoln St, Suite 1A",Boston,MA,02111,Care Net,http://www.bostonpregnancychoices.org/ No,,https://www.facebook.com/BostonPregnancyCenter/,,https://www.instagram.com/bostonpregnancy/,,,,
PREGNANCY HELP - BRIGHTON,,,"77 Warren St, Suite 430",Brighton,MA,02135,Archdiocese of Boston,https://www.pregnancyhelpboston.org/ No,,,,,,,,
PREGNANCY HELP - BROCKTON,,,439 West St,Brockton,MA,02301,Archdiocese of Boston,https://www.pregnancyhelpboston.org/ No,,,,,,,,
YOUR OPTIONS MEDICAL- BROOKLINE,22-3196616,A Womans Concern Inc,"1180 Beacon St, Suite 5D",Brookline,MA,02446,Heartbeat International,https://youroptionsma.org/ Yes,,,,,,,,
HEARTBEAT PREGNANCY HELP CENTER,04-3220314,Heartbeat Ministries,113 Winn St,Burlington,MA,01803,,https://pregnancyma.com/ Yes,,https://www.facebook.com/HeartbeatBurlington,,,,,,
BETHLEHEM HOUSE PREGNANCY CARE CENTER,47-1694824,Bethlehem House,33 Knipfer Ave,Easthampton,MA,01027,Diocese of Springfield,http://www.bethlehemhousewma.org/ No,,,,,,,,
YOUR OPTIONS MEDICAL - FALL RIVER,22-3196616,A Womans Concern Inc,25 North Main St,Fall River,MA,02720,Heartbeat International,https://youroptionsma.org/ Yes,,https://www.facebook.com/YourOptionsMA/,,https://www.instagram.com/youroptionhstmtpes:d//icpaalr/tnersofyom.org/,,,,
BIRTHRIGHT OF FALMOUTH,04-3054871,Birthright of Falmouth,320 Gifford St,Falmouth,MA,02540,Birthright International,https://birthright.org/falmouth No,,,,,,,,
"CARE NET PREGNANCY RESOURCE CENTER OF NORTH CENTRAL MASSACHUSETTS, INC.",04-2597799,Care Net Net Pregnancy Resource Center of North Central Massachusetts,"515 Main St, Suite 1000",Fitchburg,MA,01420,Care Net,https://carenetfitchburg.net/ No,,https://www.facebook.com/Care,NetFitchburg,,,,,
BIRTHRIGHT OF FRAMINGHAM,04-2684933,Birthright of Framingham,79A Main St,Framingham,MA,01702,Birthright International,http://birthright.org/framingham No,,,,,,,,
ALTERNATIVES PREGNANCY CENTER,01-2930736,Alternatives-A Crisis Pregnancy Center,466 Main St,Greenfield,MA,01301,Heartbeat International,https://alternativespregnancy.com/ No,,,,,,,,
PREGNANCY CARE CENTER - HAVERHILL,22-2630861,Pregnancy Care Center of the Merrimack Valley,107 Merrimack St,Haverhill,MA,01830,Heartbeat International,http://www.pccnortheast.org/ No,,,,https://www.instagram.com/pregnancyhctatprse:c//epnctcefrrnieonrtdhse.oarsgt/,,,,
YOUR OPTIONS MEDICAL- HYANNIS,22-3196616,A Womans Concern Inc,"724 Main St, Unit H",Hyannis,MA,02601,Heartbeat International,https://youroptionsma.org/ Yes,,,,,,,,
PREGNANCY CARE CENTER - LAWRENCE,22-2630861,Pregnancy Care Center of the Merrimack Valley,124 Ames St,Lawrence,MA,01841,Heartbeat International,http://www.pccnortheast.org/ No,,,,https://www.instagram.com/pregnancyhctatprse:c//epnctcefrrnieonrtdhse.oarsgt/,,,,
PREGNANCY CARE CENTER - LOWELL,22-2630861,Pregnancy Care Center of the Merrimack Valley,"151 Warren St, Suite 200",Lowell,MA,01852,Heartbeat International,https://pccnortheast.org/ No,,,,https://www.instagram.com/pregnancyhctatprse:c//epnctcefrrnieonrtdhse.oarsgt/,,,,
BETHANY CHRISTIAN SERVICES- MARLBOROUGH,,,"2 Mt Royal Ave, Suite 360",Marlborough,MA,01752,Bethany Christian Services,https://bethany.org/locations/us/ma/marlborough No,,,,,,,,
BIRTHRIGHT OF HUDSON-MARLBOROUGH,51-0201165,Birthright of Hudson-Marlborough,277 Main St,Marlborough,MA,01752,Birthright International,https://birthright.org/marlborough/ No,,https://www.facebook.com/birthrightmarlborough/,,,,,,
FIRST CONCERN PREGNANCY RESOURCE CENTER,04-3091048,First Concern Pregnancy Resource Center,91 Main St Suite 101 & 102,Marlborough,MA,01752,"Care Net, Heartbeat International",https://firstconcern.org/ Yes,,https://www.facebook.com/firstconcern/,,https://www.instagram.com/firstconcernprc/,,,,
BOSTON PREGNANCY CHOICES- NATICK,,,61 South Ave,Natick,MA,01760,Archdiocese of Boston,https://www.pregnancyhelpboston.org/ No,,,,,,,,
BIRTHRIGHT OF NEW BEDFORD,04-6356854,Birthright of New Bedford,110 Summer St,New Bedford,MA,02740,Birthright International,http://birthright.org/newBedford No,,,,,,,,
NEW DIRECTION WOMEN'S CENTER,45-4013930,Northern Berkshire Pregnancy Support Center Inc,11 Grove St,Pittsfield,MA,01201,Heartbeat International,http://www.newdirectionpc.org/ No,,https://www.facebook.com/NewDirectionPC/,,,,,https://friendsofnewdirectionpc.org/about-us/,
PREGNANCY SUPPORT SERVICES OF BERKSHIRE COUNTY,23-7288887,Pregnancy Support Services of Berkshire County,34 Depot St,Pittsfield,MA,01201,,https://www.pregnancysupportservices-berk.com/ No,,https://www.facebook.com/hptrtopfsil:e//.xp.hcpo?mid/P=r1e0g0n0a6n9c6y9S2u2p3S3e8r64,,,,,,
YOUR OPTIONS MEDICAL - REVERE,22-3196616,A Womans Concern Inc,103 Broadway,Revere,MA,02151,Heartbeat International,https://youroptionsma.org/ Yes,,https://www.facebook.com/YourOptionsMA/,,https://www.instagram.com/youroptionhstmtpes:d//icpaalr/tnersofyom.org/,,,,Your Options
CLEARWAY CLINIC- SPRINGFIELD,04-3532986,Clearway Clinic,1259 East Columbus Ave,Springfield,MA,01105,Heartbeat International,http://clearwayclinic.com/ Yes,,,,,,,,
SPRINGFIELD PREGNANCY CARE CENTER,04-2875170,Springfield Pregnancy Care Center,704 Sumner Ave,Springfield,MA,01108,Heartbeat International,http://www.springfieldpcc.org/ No,,https://www.facebook.com/springfieldpcc/?ref=ts,,http://www.springfieldpcc.org/,,,,
BIRTHRIGHT OF TAUNTON,51-0155754,Birthright of Greater Taunton,468 Bay St.,Taunton,MA,02780,Birthright International,https://birthright.org/taunton No,,,,http://birthright.org/taunton,,,,
CLEARWAY CLINIC - WORCESTER,04-3532986,Clearway Clinic,358 Shrewsbury St,Worcester,MA,01604,Heartbeat International,http://clearwayclinic.com/ Yes,,https://www.facebook.com/hCttlepas:r/w/tawyitCtelirn.cico/m/clearwayclinic,,https://www.instagram.com/clearwayclinic/?hl=en,,,,
PROBLEM PREGNANCY,04-2781134,Problem Pregnancy Of Worcester Inc,495 Pleasant St,Worcester,MA,01609,Heartbeat International,http://www.problempregnancy.org/ Yes,,https://www.facebook.com/p/Problem-Pregnancy-of-Worcester-Inc-100054552426031/?paipv=0&eav=AfYpUlYht1tpPs4:L//qpGpwghdIoUn_axtiXowns7.doJrg0/F?pfbzczl2ida=rCIwxZwX2hlv0JbAg1NVh0ZMW30ZCFMg9TkEbA8ArURF1JlQpvMnAut39GtnslVdYbt&Ip_cR-DoazddrXmMKkNHfWo-HrG0pxeCxKm01YJNERbYAx9paB3g_aem_ipsQuMjnBCW_SCcLM8LJOA,,,,,,
CARE PREGNANCY CENTER OF LENAWEE,38-2240041,Care Pregnancy Center of Lenawee,308 North Broad St,Adrian,MI,49221,Care Net,http://cpclenawee.com/ Yes,,https://www.facebook.com/hctptpcso:f/l/etwnaitwteer.ec/om/cpcoflenawee,,,,,,
POSITIVE OPTIONS - ALLEGAN,38-3046882,Lakeshore Pregnancy Center Positive Options LPC,114 Chestnut St,Allegan,MI,49010,"Care Net, Heartbeat International",http://www.mypositiveoptions.org/ Yes,,https://www.facebook.com/hptotpssit:i/v/etwoipttteior.ncso/m/mypositiveoptio,,https://www.instagram.com/positiveophtitotpnss:///www.lpcenters.com/ways-to-donate-now,,,,
POSITIVE OPTIONS - ALLENDALE,38-3046882,Lakeshore Pregnancy Center Positive Options LPC,4623 Lake Michigan Dr,Allendale,MI,49401,"Care Net, Heartbeat International",http://www.mypositiveoptions.org/ Yes,,https://www.facebook.com/hptotpssit:i/v/etwoipttteior.ncso/m/mypositiveoptio,,https://www.instagram.com/positiveophtitotpnss:///www.lpcenters.com/ways-to-donate-now,,,,
PREGNANCY SERVICES OF GRATIOT COUNTY,38-2692260,Pregnancy Services Of Gratiot County,322 East Downie St,Alma,MI,48801,Heartbeat International,https://psgratiot.com/ No,,https://www.facebook.com/pregnancyservicesofgratiotcounty,,https://www.instagram.com/pregnancyservicesgratiot/,,,,
OPTIONS PREGNANCY CENTER,38-2978727,Options Pregnancy Center,233 Cavanaugh St,Alpena,MI,49707,Care Net,http://optionspregnancycenter.org/ Yes,,https://www.facebook.com/optionspregnancycenteralpena/?ref=aymt_homepage_panel,,,,,,
ARBORWOMAN HEALTH,23-7206334,ArborWoman,"24 Frank Lloyd Wright Dr, Suite L2300",Ann Arbor,MI,48104,Heartbeat International,https://emmaushealthpartners.org/arborwoman/ No,,https://www.facebook.com/ArborWoman/,,https://www.instagram.com/arborwoman/,,,,
PREGNANCY HELP CLINIC - ANN ARBOR,38-2091946,Pregnancy Helpline,3125 Professional Dr,Ann Arbor,MI,48104,Heartbeat International,http://www.pregnancyhelpclinic.com/ Yes,,,,,,,,
CROSSROADS CARE CENTER,38-2509159,Crossroads Pregnancy Center Inc,3205 South Blvd,Auburn Hills,MI,48326,Heartbeat International,https://crossroadscarecenter.org/ Yes,,https://www.facebook.com/CrossRoadsCareMI/?hrtetpf=st:s//www.youtube.comht/tupsse:/r//wcrwowss.iRnsotaadgsrparme.gcnoamn/ccyrossRoadscarecenter,,,,,,
POSITIVE ALTERNATIVES - BAD AXE,38-3082355,Positive Alternatives,132 East Huron Ave,Bad Axe,MI,48413,Care Net,http://www.mypositivealternative.com/ No,,https://www.facebook.com/positive.alternatives.9,,https://www.instagram.com/PositiveAlternativesMI,,,,
ALTERNATIVES CARE CENTER - BATTLE CREEK,38-2850563,Alternatives of Kalamazoo Crisis Pregnancy Center,"1346 West Columbia Ave, Suite 106",Battle Creek,MI,49015,Heartbeat International,http://www.alternativescc.org/ No,,,,,,,,
LIFE CLINIC COMMUNITY RESOURCES- BAY CITY,38-2750072,Lifeclinic Community Resources,2360 Midland Rd,Bay City,MI,48706,Heartbeat International,https://lifeclinic.org/ No,,,,,,,,
CARE NET PREGNANCY CENTER - BERKLEY,38-2658986,Care Net Pregnancy Center Berkley,2826 Coolidge Hwy,Berkley,MI,48072,Care Net,https://www.carenetberkleydetroit.org/ Yes,,https://www.facebook.com/hCttaprse:,/N/twetipttreerg.cnoamnc/Cycaeren,tNerebtbeerkrlkedyedtetroit/ https://www.instagram.com/Care,,Netberkleydetroit/,,
LIFE RESOURCES OF NORTHERN MICHIGAN - BIG RAPIDS,38-3580489,Life Resources of Northern Michigan,14321 Northland Dr,Big Rapids,MI,49307,Care Net,https://www.liferesourcesnm.org/ Yes,,,,,,,,
PREGNANCY HELP CLINIC- BRIGHTON,38-2091946,Pregnancy Helpline,"7743 West Grand River Ave, Suite 101",Brighton,MI,48114,Heartbeat International,http://www.pregnancyhelpclinic.com/ Yes,,,,,,,,
LIFE RESOURCES OF NORTHERN MICHIGAN - CADILLAC,38-3580489,Life Resources of Northern Michigan,909 South Carmel St,Cadillac,MI,49601,Care Net,https://www.liferesourcesnm.org/ Yes,,,,,,,,
POSITIVE ALTERNATIVES - CARO,38-3082355,Positive Alternatives,1596 East Caro Road,Caro,MI,48723,Care Net,http://www.mypositivealternative.com/ No,,https://www.facebook.com/positive.alternatives.9,,,,,,
ASSURE WOMEN'S CENTER,20-8220509,Alpha Family Center of Cedar Springs Incorporated,6 North 1st St,Cedar Springs,MI,49319,Heartbeat International,https://assurewomen.org/ Yes,,https://www.facebook.com/AlphafamilycenterCS/,,,,,,Assure Women's Center
COMPASSION PREGNANCY CENTER,38-3130795,Compassion Pregnancy Center,"37540 Gratiot Ave, Suite 100",Clinton Township,MI,48036,Heartbeat International,https://compassionpregnancy.org/ No,,,,,,,https://compassionpregnancyfriends.org/,
BEGINNINGS CARE FOR LIFE CENTER,38-3349217,Beginnings Care for Life Center,16 North Clay St,Coldwater,MI,49036,"Care Net, Heartbeat International",http://www.beginningscare.com/ No,,https://www.facebook.com/hbtetpgsin:/n/tgwsicttaerre.cfoormlif/eBceegn_tCera/?refr_e4f=_tLsife,,https://www.instagram.com/beginningscareforlifecenter/,,,,
LENNON PREGNANCY CENTER,38-3079057,The Lennon Pregnancy Center,24275 Ann Arbor Trail,Dearborn Heights,MI,48127,Heartbeat International,http://lennoncenter.org/ No,,,,,,,https://support-lennoncenter.org/,
CARE NET PREGNANCY CENTER - DETROIT,38-2658986,Care Net Pregnancy Center Berkley,13864 Grand River Ave,Detroit,MI,48227,Care Net,https://www.carenetberkleydetroit.org/ Yes,,https://www.facebook.com/hCttaprse:,/N/twetipttreerg.cnoamnc/Cycaeren,tNerebtbeerkrlkedyedtetroit/ https://www.instagram.com/Care,,Netberkleydetroit/,,
BETHANY CHRISTIAN SERVICES - EAST LANSING,,,"612 West Lake Lansing Rd, Suite 600",East Lansing,MI,48823,Heartbeat International,https://bethany.org/locations/us/michigan/east-lansing No,,,,,,,,
SP WOMEN'S CENTER - DOWNTOWN,38-2205571,Pregnancy Services of Greater Lansing,831 North Washington Ave,East Lansing,MI,48823,Heartbeat International,https://spwomenscenter.com/ No,,https://www.facebook.com/people/SP-Womens-Center/10005705774588h3tt/ps://www.instagram.com/sp_womens_center/,,,,,,
HARBOR LIGHTS PREGNANCY AND INFORMATION CENTER,27-2783569,Harbor Lights Pregnancy and Information Center,310 Newman St,East Tawas,MI,48730,Heartbeat International,https://www.pregnancyhelpandsupport.org/ No,,https://www.facebook.com/harborlightspregnancycenter,,,,,,
PREGNANCY AID DETROIT,23-7377830,Pregnancy Aid of Eastern Wayne County,15847 East 8 Mile Rd,Eastpointe,MI,48021,Heartbeat International,http://www.pregnancyaiddetroit.org/ No,,,,,,,,
GOOD SAMARITAN FAMILY SERVICES,38-3469219,Good Samaritan Family Services,9100 Pleasant Hill Rd,Ellsworth,MI,49729,,http://www.thegoodsam.org/services/ No,,,,,,,,
PREGNANCY SERVICES OF DELTA COUNTY,38-2579636,Pregnancy Services of Delta County,2501 1st Ave North,Escanaba,MI,49829,Heartbeat International,http://www.pregnancyservicesdc.org/ Yes,,https://www.facebook.com/FriendsofPregnancyServicesDC/,,,,,,
ANOTHER WAY PREGNANCY CENTER,38-2563847,Another Way Pregnancy Center,"28552 Orchard Lake Rd, Suite 300",Farmington Hills,MI,48334,Care Net,http://answers4pregnancy.com/ No,,,,,,,https://awpcfriends.org/,
HEARTBEAT OF GREATER FLINT,23-7164409,Heart Beat of Greater Flint,320 East 4th St,Flint,MI,48502,,https://heartbeatflint.com/ No,,https://www.facebook.com/Heartbeat-of-Greater-Flint-592792484084540/,,,,,,
PREGNANCY RESOURCE CENTER OF FLINT,38-2669723,Pregnancy Resource Center of Flint,3404 South Saginaw St,Flint,MI,48503,,https://prcflint.org/ No,,,,,,,,
PREGNANCY HELP CLINIC - FLINT,38-2091946,Pregnancy Helpline,3388 Flushing Rd,Flint,MI,48504,Heartbeat International,http://www.pregnancyhelpclinic.com/ Yes,,,,,,,,
INSIGHT PREGNANCY & FAMILY SERVICES,20-5937038,Alpha Family Center Of Newaygo,1007 West Main St,Fremont,MI,49412,,https://www.insightpregnancy.com/ Yes,,https://www.facebook.com/InsightPregnancy,,https://www.instagram.com/insight_pregnancy_services/,,,,
NEW LIFE PREGNANCY RESOURCE CENTER,38-2879908,Crossroads Ministries Inc,705 South Otsego Ave,Gaylord,MI,49735,Heartbeat International,https://gaylordnewlife.com/ No,,https://www.facebook.com/newlifeprc.Gaylord/,,https://www.instagram.com/newlifeprch/ttps://friendsofnewlife.com/,,,,
POSITIVE OPTIONS - GRAND HAVEN,38-3046882,Lakeshore Pregnancy Center Positive Options LPC,"700 Washington Ave, Suite 130",Grand Haven,MI,49417,"Care Net, Heartbeat International",http://www.mypositiveoptions.org/ Yes,,https://www.facebook.com/positiveoptions/,,https://www.instagram.com/positiveophtitotpnss:///www.lpcenters.com/ways-to-donate-now,,,,
BETHANY CHRISTIAN SERVICES - GRAND RAPIDS,,,901 Eastern Ave NE,Grand Rapids,MI,49501,Bethany Christian Services,https://www.bethany.org/grand-rapids No,,,,,,,,
PREGNANCY RESOURCE CENTER,38-2591608,Pregnancy Resource Center,415 Cherry St SE,Grand Rapids,MI,49503,"Care Net, Heartbeat International",https://prcgr.org/ Yes,,https://www.facebook.com/prcgrandrapids/,,https://www.instagram.com/prcgrandrahpttipdss://?/phrlc=feonrlife.org/,,,,
HELP PREGNANCY AID,23-7314063,Help Pregnancy Crisis Aid Inc,705 Bridge St NW,Grand Rapids,MI,49504,Heartbeat International,http://helppregnancy.org/ Yes,,https://www.facebook.com/hHtteplps:P//rtewgitntearn.ccoym/HelpPCA,,https://www.instagram.com/helppca/https://supporthelppregnancy.org/705-happenings/,,,,
ALPHA GRAND RAPIDS,38-2867495,Alpha Grand Rapids,1725 Division Ave South,Grand Rapids,MI,49507,Heartbeat International,https://alphagrandrapids.org/ No,,,,,,,,
ALPHA FAMILY SERVICES OF GREENVILLE,20-8016914,Alpha Family Services of Greenville,705 North Hillcrest St,Greenville,MI,48838,Heartbeat International,https://www.alphafamilyservices.org/ Yes,,https://www.facebook.com/alphafamilyservices,,https://www.instagram.com/alphagforkhidttsp/s://partner.alphafamilyservices.org/,,,,
CARE CLINIC - GWINN,38-2160326,Care Clinic,330 Fortress St,Gwinn,MI,49841,Heartbeat International,http://www.careclinicmqt.org/ Yes,,https://www.facebook.com/CareClinicMqt,,https://www.instagram.com/careclinicmhtqtpt/s://partner.careclinicmqt.org/,,,,
LIFE OUTREACH CENTER - HANCOCK,38-2422975,Life Outreach Center of Houghton County,300B Quincy St,Hancock,MI,49930,Heartbeat International,http://www.lifeoutreachcenter.org/ Yes,,,,,,,,
HOPE PREGNANCY CENTER,35-2350081,Hope Pregnancy Center,3287 N Clare Ave,Harrison,MI,48625,Heartbeat International,http://www.hopeinharrison.org/ Yes,,,,,,,,
ALPHA WOMEN'S CENTER,14-1987397,ALPHA WOMENS CENTER OF BARRY COUNTY,533 West State St,Hastings,MI,49058,,https://www.alphabarrycounty.org/ No,,https://www.facebook.com/alphabarrycounty/?paipv=0&eav=AfYmgqNIVtDDPvO2nSz9LeAs_5DHbcwJHtD3f8qKbSZOAkJx84hSwE3sv9O3VviELj8&_Roadr,,,,,,
HELPING HANDS PREGNANCY RESOURCE CENTER,38-2680162,Crisis Pregnancy Center Of Hillsdale County Inc,46 South Howell St,Hillsdale,MI,49242,,https://helpinghandsprc.org/ No,,https://www.facebook.com/hhprchillsdale,,,,,,Helping Hands PRC
POSITIVE OPTIONS - HOLLAND,38-3046882,Lakeshore Pregnancy Center Positive Options LPC,339 South River Ave,Holland,MI,49423,"Care Net, Heartbeat International",https://www.mypositiveoptions.org/ Yes,,https://www.facebook.com/positiveoptions/,,https://www.instagram.com/positiveophtitotpnss:///www.lpcenters.com/ways-to-donate-now,,,,
BETHANY CHRISTIAN SERVICES - HOLLAND,,,11335 James St,Holland,MI,49424,Bethany Christian Services,https://www.bethany.org/holland No,,,,,,,,
PREGNANCY SERVICES OF IONIA COUNTY,38-2994938,Pregnancy Services of Ionia County,217 West Main St,Ionia,MI,48846,Care Net,http://www.psicionia.org/ No,,https://www.facebook.com/PositiveSolutionsInformedChoices,,https://www.instagram.com/psicpositivesolutions/,,,,
WALK OF LIFE PREGNANCY SERVICES,65-1288814,Walk of Life Pregnancy Services,1018 Cedar Ave,Iron Mountain,MI,49801,Heartbeat International,http://www.wolpregnancyservices.com/ Yes,,https://www.facebook.com/profile.php?id=100064283816107,,,,,,
NEW BEGINNINGS PREGNANCY SUPPORT SERVICES,06-1753587,New Beginnings Pregnancy Support Services,126 West Aurora St,Ironwood,MI,49938,"Care Net, Heartbeat International",http://ironwoodpregnancy.org/ No,,https://www.facebook.com/NewBeginningspregnancy,,,,,,
CARE CLINIC - ISHPEMING,38-2160326,Care Clinic,325 South Pine St,Ishpeming,MI,49849,Heartbeat International,http://www.careclinicmqt.org/ Yes,,https://www.facebook.com/CareClinicMqt,,,,,,
CENTER FOR WOMEN PREGNANCY SERVICES,38-2753494,Center for Women Pregnancy Counseling Services,500 Lansing Ave,Jackson,MI,49201,,http://www.jacksonpregnancy.com/ No,,,,,,,,
BIRTHLINE PREGNANCY & PARENTING CENTER,23-7181147,Birthline of Jackson,"1000 East Porter St, Suite 1",Jackson,MI,49202,Heartbeat International,http://www.birthlinejackson.org/ No,,https://www.facebook.com/hbtitrpthsl:i/n/tewjaitctekrs.oconm?r/eBf=irtshtrJeaacmkson,,,,,,
ALTERNATIVES CARE CENTER- KALAMAZOO,38-2850563,Alternatives of Kalamazoo Crisis Pregnancy Center,"4200 West Michigan Ave, Suite 100",Kalamazoo,MI,49006,Heartbeat International,http://www.alternativescc.org/ No,,,,,,,,
BETHANY CHRISTIAN SERVICES - SOUTHWEST MICHIGAN,,,6687 Seeco Dr,Kalamazoo,MI,49009,Bethany Christian Services,https://bethany.org/locations/us/michigan/southwest-michigNaon,,,,,,,,
ALPHA CARE CENTER- LAKE ODESSA,06-1809255,Alpha Care Center,1040 Fourth Ave,Lake Odessa,MI,48849,Heartbeat International,https://alphacarecenter.org/ Yes,,https://www.facebook.com/afclowell,,,,,,
SP WOMEN'S CENTER - SOUTH,38-2479382,Pregnancy Services of Greater Lansing,5525 South MLK Jr. Blvd,Lansing,MI,48911,"Care Net, Heartbeat International",https://spwomenscenter.com/ No,,https://www.facebook.com/people/SP-Womens-Center/10005705774588h3tt/ps://www.instagram.com/sp_womens_center/,,,,,,SP Women's Center
SP WOMEN'S CENTER - DOWNTOWN,38-2479382,Shared Pregnancy Women's Center,831 North Washington Ave,Lansing,MI,48933,"Care Net, Heartbeat International",https://spwomenscenter.com/ No,,https://www.facebook.com/sharedpregnancy,,https://www.instagram.com/sharedpregnancy/,,,,
PREGNANCY RESOURCE CENTER OF LAPEER,38-2857827,Pregnancy Resource Center of Lapeer,1715 Imlay City Rd,Lapeer,MI,48446,Care Net,https://www.pregnancycenteroflapeer.org/ Yes,,,,,,,,
LINCOLN PARK CRISIS PREGNANCY CENTER,38-2498632,Crisis Pregnancy Center,1760 Fort St,Lincoln Park,MI,48146,,,,https://www.facebook.com/p/CPC-Crisis-Pregnancy-Center-100043103607061/,,,,,,
AAA PREGNANCY RESOURCE CENTER,23-7299199,Aaa Crisis Pregnancy Center,32080 Schoolcraft Rd,Livonia,MI,48150,"Care Net, NIFLA",https://aaapregnancyinfo.org/ No,,https://www.facebook.com/hatatpasp:r/e/tgwnitatenrc.cyoctmr/aaapregctr,,,,,https://friendsofaaaprc.com/,
ALPHA CARE CENTER- LOWELL,06-1809255,Alpha Care Center,519 East Main St,Lowell,MI,49331,Heartbeat International,https://alphacarecenter.org/ Yes,,https://www.facebook.com/afclowell,,,,,,
WEST SHORE FAMILY SUPPORT,31-1437532,West Shore Family Support,603 East Tinkham Ave,Ludington,MI,49431,Heartbeat International,https://westshorefamilysupport.org/ No,,,,,,,,
LIGHTHOUSE PREGNANCY CARE CENTER,75-3067267,Lighthouse Pregnancy Care Center,215 Maple St,Manistee,MI,49660,Heartbeat International,http://www.lighthousepcc.org/ No,,,,,,,,
CARE CLINIC - MARQUETTE,38-2160326,Care Clinic,1213 North Third St,Marquette,MI,49855,Heartbeat International,http://www.careclinicmqt.org/ Yes,,https://www.facebook.com/CareClinicMqt,,https://www.instagram.com/careclinicmhtqtpt/s://partner.careclinicmqt.org/,,,,
LIFE CLINIC COMMUNITY RESOURCES- MIDLAND,38-2750072,Lifeclinic Community Resources,4818 North Saginaw Road,Midland,MI,48640,Heartbeat International,https://lifeclinic.org/ No,,,,,,,,
HIS LOVE FAMILY RESOURCES,26-4619284,His Love Family Resources,203 South Morenci Ave,Mio,MI,48647,Heartbeat International,http://www.hislovemio.org/ No,,,,,,,,
HEARTBEAT OF MONROE,38-2219995,Heartbeat of Monroe,123 West 1st St,Monroe,MI,48161,Heartbeat International,https://www.heartbeatofmonroe.org/ No,,https://www.facebook.com/heartbeatofmonroe/?ref=aymt_homepage_pahnttepl&s:e//iwd=wAwR.iAnsJtQag_r5a_mX.bczolm4O/hQeCar3tboeaaEtvoYfmYo4n2r2o5eN/Pybg5k-yQh6LlRi8vDfGrHUx8x01vB2oGeAEMmIOvsZMFLhsj8QU,,,,,,
LIFE CHOICES OF CENTRAL MICHIGAN,38-2728543,Life Choices of Central Michigan,1985 Parkland Dr,Mt. Pleasant,MI,48858,"Heartbeat International, NIFLA",http://lifechoicescm.com/ No,,https://www.facebook.com/Life-Choices-of-Central-Michigan-164113563h6t0tp2s4:7//8w/ww.instagram.com/lifechoicescm/,,,,,,
BETHANY CHRISTIAN SERVICES - MUSKEGON,,,175 West Apple Ave,Muskegon,MI,49440,Bethany Christian Services,https://bethany.org/locations/us/michigan/muskegon No,,,,,,,,
MUSKEGON PREGNANCY SERVICES,38-2611744,Muskegon Pregnancy Services,1775 Wells Ave,Muskegon,MI,49442,Care Net,http://www.muskegonpregnancyservices.org/Splash No,,https://www.facebook.com/friendsofmuskegonpregnancyservices/,,https://www.instagram.com/mpsbestoptions?fbclid=IwZXh0bgNhZW0CMTAAAR0rVesZfzJJNDinMtcxuhe_FPVS-L7P2DlYv8IJ0Rox72aI9TUjVrMUFds_aem_AbBOb9EjKCApIHRTp9y2qRUx9IAtO_jN3w4RqNwEE0J30x1WY6AwyCp9BvlTsvLpP5aVVHt4VZrQHjPA2CEhjMbA,,,,
WOMEN'S CARE CENTER OF NILES,35-1609945,Womens Care Center Inc,621 East Main St,Niles,MI,49120,,https://www.womenscarecenter.org/niles-michigan No,,,,,,,https://supportwomenscarecenter.org/,
BELLA WOMEN'S CENTER,38-2671218,Family Life Services,224 North Ball St,Owosso,MI,48867,Care Net,https://bellawomenowosso.org/ No,,,,,,,,
OXFORD PREGNANCY CENTER,38-2614249,Orion Oxford Mother and Unborn Baby Care,8 North Washington St,Oxford,MI,48371,Heartbeat International,http://www.oxfordpregnancycenter.org/ Yes,,,,,,,,
PREGNANCY CARE CENTER OF PETOSKEY,38-2779069,Crisis Pregnancy Center of Char-Em,"2206 Mitchell Park Dr, Unit 9",Petoskey,MI,49770,Care Net,https://www.petoskeypcc.org/ No,,https://www.facebook.com/petoskeypcc,,https://www.instagram.com/petoskeyphctctp/s://supportersofpcc.org/,,,,
NEXT STEP PREGNANCY CENTER,38-2694187,Women and Teens Crisis Pregnancy Center,263 Cesar E. Chavez Ave,Pontiac,MI,48342,Care Net,https://nextsteppregnancycenter.org/ No,,,,,,,,Next Step Pregnancy Center
SPERO CENTER,38-2774182,Spero Center,1211 Griswold St,Port Huron,MI,48060,"Care Net, Heartbeat International",https://sperocenter.com/ No,,https://www.facebook.com/SperoCenter,,https://www.instagram.com/sperocenthetrt/p?sh:l/=/belnuewaterbabies.org/about/services/,,,,
REDFORD PREGNANCY CARE CENTER,38-2514671,Wels Lutherans For Life Of Michigan,25545 West 5 Mile Rd,Redford,MI,48239,,http://www.Redfordpcc.com/ No,,https://www.facebook.com/profile.php?id=100057542406123,,,,,,
PREGNANCY CARE CENTER - SAGINAW,36-3557132,Christian Life Resources Saginaw Valley,916 Gratiot Ave,Saginaw,MI,48602,,http://saginawpcc.org/index.php/saginaw-center No,,https://www.facebook.com/SaginawPCC/,,,,,,
LIFE CLINIC COMMUNITY RESOURCES- SAGINAW,38-2750072,Lifeclinic Community Resources,4364 State St,Saginaw,MI,48603,Heartbeat International,https://lifeclinic.org/ No,,https://www.facebook.com/LifeClinicCommunityResources,,https://www.instagram.com/lifecliniccommunityresources/,,,,
COMPASS PREGNANCY & FAMILY RESOURCE CENTER,38-2440188,Care Net Pregnancy Center Of Chippewa County,1420 Ashmun St,Sault Ste. Marie,MI,49783,Care Net,http://euppregnancyoptions.com/ Yes,,https://www.facebook.com/cnpcofeup/,,https://www.instagram.com/Care,,Netohfettupps://www.euppregnancyoptions.com/supporters,,
PROBLEM PREGNANCY CENTER,38-2604598,Mother and Unborn Baby Care,24500 Southfield Rd,Southfield,MI,48075,Heartbeat International,https://www.problempregnancycenter.com/ No,,https://www.facebook.com/ProblemPregnancyCenter,,https://www.instagram.com/problempregnancy/,,,,
BIRTHRIGHT OF ST. JOSEPH,38-2182914,Birthright of St Joseph,2700 Niles Ave,St. Joseph,MI,49085,Birthright International,https://birthright.org/stjosephmi No,,,,,,,,
STURGIS PREGNANCY HELPLINE,38-3009999,Pregnancy Helpline of St Joseph County,1125 North Nottawa St,Sturgis,MI,49091,Heartbeat International,http://sturgispregnancyhelpline.com/ No,,https://www.facebook.com/sturgispregnancyhelpline/,,,,,,
PREGNANCY HELPLINE OF THREE RIVERS,38-3393518,Pregnancy Helpline of Three Rivers,172 East Michigan Ave,Three Rivers,MI,49093,Heartbeat International,http://pregnancyhelpline.org/ Yes,,https://www.facebook.com/PregnancyHelplineTR/,,https://www.instagram.com/pregnancyhelpline_TR/,,,,
BETHANY CHRISTIAN SERVICES - TRAVERSE CITY,,,"1055 Carriage Hill Dr, Suite 2",Traverse City,MI,49686,Bethany Christian Services,https://bethany.org/locations/us/michigan/traverse-city No,,,,,,,,
THRIVE MEDICAL CLINIC,38-2786269,Thrive Medical Clinic,"121 South Garfield Ave, Suite C",Traverse City,MI,49686,"Care Net, Heartbeat International",https://thrivemedicalclinic.org/ Yes,,https://www.facebook.com/thrivemedicalclinictc,,https://www.instagram.com/thrivemedicalclinic_tc/,,,,
OPTIONS RESOURCE CLINIC,38-2617257,Life Choices Resource Center,"575 Court St, Suite 2",West Branch,MI,48662,Care Net,https://lcrcclinic.org/ Yes,,https://www.facebook.com/LCRCWB/,,https://www.instagram.com/lcrc_wbhttps://chooselifeconnection.org/,,,,
WOMEN'S CARE CENTER OF ANOKA,26-3178709,WomenSource,"1902 5th Ave, Suite 3","Anoka, MN 5530",,,,https://www.womenscarecenter.org/anoka-minneapolis-minNnoesota,,,,,,,,
PREGNANCY CHOICES,20-5272922,Pregnancy Choices Lifecare Center,"15010 Glazier Ave, Suite 104",Apple Valley,MN,55124,Heartbeat International,http://mypregnancychoices.com/ Yes,,https://www.facebook.com/pregnancychoicesAV,,https://www.instagram.com/pregnancychoicesmn/,,,,
RACHEL'S HOPE,41-1907342,Southern Minnesota Women Center,313 2nd Ave NE,Austin,MN,55912,Care Net,https://www.rachelshopemn.org/ No,,https://www.facebook.com/profile.php?id=100041733754449,,,,,,
NORTHWOODS PREGNANCY CENTER,27-4478008,Northwoods Pregnancy Care Center,2300 Bemidji Ave North,Bemidji,MN,56601,Care Net,https://northwoodspregnancy.com/ Yes,,https://www.facebook.com/hBtetpms:id//jtiwPirtetegrn.caonmcy/bOepmtioidnjisoptions,,,,,,Bemidji Pregnancy Options
LAKES AREA PREGNANCY SUPPORT CENTER - BRAINERD,41-1795735,Lakes Area Pregnancy Support Center,"315 East River Rd, Suite 1",Brainerd,MN,56401,"Care Net, Heartbeat International",http://www.lakesareapregnancy.org/ No,,https://www.facebook.com/ginny.rogers.laps,https://www.youtube.comht/tcp/sL:a//kwewsAwr.einasPtareggranman.ccoymSu/lpapkeosrtaCreenatperregnancysupport/?hl=en,,,,,
BIRTHRIGHT OF BRAINERD,36-3599871,Emergency Pregnancy Service Of Brainerd Operating As Birthright,"401 West Laurel St, Suite B",Brainerd,MN,56401,Birthright International,https://birthright.org/brainerd/ No,,,,,,,,
AMNION WOMEN'S CENTER,41-1666474,Amnion Pregnancy Center,13775 South Nicollet Ave,Burnsville,MN,55337,Care Net,http://amnioncpc.org/ Yes,,https://www.facebook.com/amnionpregnancy,,https://www.instagram.com/amnionpregnancy/,,,,
METRO WOMEN'S CENTER,41-1665834,Metro Women's Center,"6418 Bass Lake Rd, Suite 2",Crystal,MN,55428,,http://metrowomenscenter.org/ Yes,,https://www.facebook.com/MetroWomensCenter,,,,,,
CRYSTAL WOMEN'S CLINIC,94-1762082,Crystal Women's Clinic,"5640 West Broadway, Suite D",Crystal,MN,55428,,https://mychoicetwincities.com/ No,,,,,,,,
CRYSTAL WOMEN'S CLINIC,94-1762082,Robbinsdale Womens Center,3826 West Broadway Ave,Crystal,MN,55428,Heartbeat International,https://mychoicetwincities.com/ No,,https://www.facebook.com/MyChoiceTwinCites/,,https://www.instagram.com/crystal_womens_clinic/,,,,Crystal Women's Clinic
NEW BEGINNINGS PREGNANCY CARE CENTER- DEER RIVER,03-0579091,New Beginnings Pregnancy Care Center,17 1st St NE,Deer River,MN,56636,Care Net,https://newbeginningspregnancy.com/ No,,,,,,,,
HEALTH RESOURCES - DETROIT LAKES,41-1461232,Health Resources Lifecare Center Inc,904 Lake Ave,Detroit Lakes,MN,56501,Heartbeat International,https://hrcdl.org/ Yes,,https://www.facebook.com/hrcff/,,https://www.instagram.com/health_resources_ff/,,,,
WOMEN'S CARE CENTER OF DULUTH,45-5168432,Womens Care Center Duluth Inc,103 East 1st St,Duluth,MN,55802,,http://www.womenscarecenter.org/ No,,https://www.facebook.com/p/Womens-Care-Center-Duluth-100064277756122/,,,,,,
LEX SPECIALTY CLINIC FOR PREGNANCY & SEXUAL HEALTH- EAST BETHEL,41-1757917,Pregnancy Resource Center Of Cambridge,18553 MN-65 NE,East Bethel,MN,55011,Care Net,https://lexspecialtyclinic.com/ No,,,,,,,,
LEX SPECIALTY CLINIC FOR PREGNANCY & SEXUAL HEALTH- CAMBRIDGE,41-1757917,Pregnancy Resource Center Of Cambridge,"140 Buchanan St North, Suite 138",East Central,MN,55008,Care Net,https://lexspecialtyclinic.com/ No,,https://www.facebook.com/LexSpecialtyClinicMNCambridge/,,,,,,
SOUTHWEST OPTIONS FOR WOMEN,41-1687653,Southwest Options For Women,574 Prairie Center Dr,Eden Prairie,MN,55344,Heartbeat International,https://myswow.org/ No,,https://www.facebook.com/Southwestoptionsforwomen/,,https://www.instagram.com/Southwestoptionsforwomen/,,,,
OPTIONS PREGNANCY CENTER,36-3348569,Caring Pregnancy Center Inc,322 East Blue Earth Ave,Fairmont,MN,56031,Heartbeat International,https://www.fairmontpregnancyoptions.org/ No,,https://www.facebook.com/FairmontOptionsPregnancyCenter/,,,,,,
PREGNANCY OPTIONS,36-3502556,Pregnancy Options Lifecare Center,18 2nd St NW,Faribault,MN,55021,Heartbeat International,https://pregnancyoptionsfbo.org/ No,,https://www.facebook.com/lifecarepregnancycenter,,,,,,
HEALTH RESOURCES - FERGUS FALLS,41-1461232,Health Resources Lifecare Center Inc,126 East Lincoln Ave,Fergus Falls,MN,56537,Care Net,http://hrcff.org/ Yes,,https://www.facebook.com/hrcff/,,,,,,
LAKES LIFE CARE CENTER,41-1686950,Lakes Life Care Center Inc,"840 West Broadway Ave, Suite 100",Forest Lake,MN,55025,Heartbeat International,http://www.lakeslifecarecenter.org/ Yes,,,,https://www.instagram.com/lakes_lifechattrpes_:c//efrnietenrd/?sholf=laekneslifecarecenter.org/,,,,
NEW BEGINNINGS PREGNANCY CARE CENTER- GRAND RAPIDS,03-0579091,New Beginnings Pregnancy Care Center,605 NW 4th St,Grand Rapids,MN,55744,Care Net,http://newbeginningspregnancy.com/ No,,https://www.facebook.com/NewBeginningsPregnhattnpcsy:C//warwewC.eynotuetru/be.comht/t@psn:/e/wwwbewg.iinnnstinaggsrapmre.gcnoamn/cnyecwabree5g8in8n5in/agbsopuretgnancy/,,,,,,NEW BEGINNINGS PREGNANCY & FAMILY SUPPORT
TLC OF HASTINGS,38-3785288,Hastings Total Lifecare Center Inc,"1125 South Frontage Rd, Suite 2",Hastings,MN,55033,Heartbeat International,https://tlchastings.com/ No,,https://www.facebook.com/tlchastings,https://www.youtube.com/@tlcofhastings805,,,,,
FAMILY LIFE CENTER- HIBBING,90-0051079,Pregnancy Lifecare Center,"802 East Howard St, Suite 3",Hibbing,MN,55746,Heartbeat International,https://www.familylifecenterrange.org/ No,,https://www.facebook.com/familylifecenterrange/,,,,,,Options For Women Iron Range
BIRTHRIGHT OF HUTCHINSON,41-1718701,Hutchinson Emergency Pregnancy Service,"218 Main St South, Suite 132",Hutchinson,MN,55350,Birthright International,https://birthrighthutchinson.com/ No,,https://www.facebook.com/birthrighthutchinson/,,,,,,
NORTHERN OPTIONS FOR WOMEN,41-1484589,NORTHERN LIFE CARE CENTER INC,923 5th St,International Falls,MN,56649,Heartbeat International,https://northernoptions.org/ No,,https://www.facebook.com/northernoptionsforwomen.org/,,,,,,
NEW DAY PREGNANCY & FAMILY RESOURCE CENTER,36-3184207,Christian Life Ministries,2756 Lake Shore Ave,Little Canada,MN,55117,Christian Life Ministries,http://www.newdaycenter.org/ No,,https://www.facebook.com/newdayhelp,,,,,,
PREGNANCY AND LIFE RESOURCE CENTER,82-1916334,Pregnancy And Life Resource Center,"22 2nd St North, Suite 2",Long Prairie,MN,56347,Heartbeat International,https://preg-resources.com Yes,,https://www.facebook.com/PregnancyResourceCenterStCloud,,https://www.instagram.com/PRCStCloud/,,,,PREGNANCY RESOURCE CENTER - LONG PRAIRIE
BIRTHRIGHT OF MANKATO,27-1225767,Emergency Pregnancy Services of Mankato,"330 Stadium Rd, Suite 201B",Mankato,MN,56001,Birthright International,https://www.birthrightmankato.org/ No,,https://www.facebook.com/BirthrightOfMankato,,,,,,
OPTIONS MANKATO,46-5505142,OPTIONS FOR WOMEN - MANKATO,"11 Civic Center Plz, Suite 011",Mankato,MN,56001,Heartbeat International,http://optionsmankato.org/ Yes,,https://www.facebook.com/hOttpptsio:/n/tswMitatenrk.caotom/optionsmankato,,https://www.instagram.com/optionsmankato/?hl=en,,,,
BIRTHRIGHT OF MARSHALL,,,348 West Main St,Marshall,MN,56258,Birthright International,http://birthright.org/marshall No,,,,,,,,
CHOICES PREGNANCY CENTER - MARSHALL,41-1741111,Choices Pregnancy Center,"1212 East College Dr, Suite 2",Marshall,MN,56258,Heartbeat International,http://www.choicespregnancycenter.com/ Yes,,https://www.facebook.com/hcthtposic:/e/tswpirtetegr/.com/choicespreg,,,,,,
RUM RIVER LIFE CHOICES CENTER - MILACA,41-1502922,Rum River Life Choices Center,1006 5th St. SE,Milaca,MN,56353,Care Net,https://rumriverlifechoices.org/ No,,https://www.facebook.com/RumRiverLifeChoicesCenter/,,https://www.instagram.com/rumriverlifechoicescenter/,,,,
LOVE LINES CRISIS CENTER,23-7401464,Love Lines Inc,2538 Hennepin Ave South,Minneapolis,MN,55405,,http://lovelines.org/ No,,https://www.facebook.com/Newlovelinesint/,,,,,,
ABRIA PREGNANCY RESOURCES - NORTHSIDE,41-1278207,University Life Care Center,2232 West Broadway Ave,Minneapolis,MN,55412,Heartbeat International,https://abria.org/ No,,https://www.facebook.com/AbriaPregnancyResources/,,https://www.instagram.com/abriastrong/,,,,
FIRST CARE PREGNANCY CENTER - MINNEAPOLIS,51-0153937,New Life Family Services,2015 Chicago Ave,Minneapolis,MN,55414,New Life Family Services,http://www.firstcaremn.com/ Yes,,https://www.facebook.com/FirstCareMN,,https://www.instagram.com/firstcaremn/,,,,
FIRST CARE PREGNANCY CENTER - UNIVERSITY,51-0153938,New Life Family Services,2900 University Ave SE,Minneapolis,MN,55414,New Life Family Services,https://firstcaremn.org/ Yes,,https://www.facebook.com/FirstCareMN,,https://www.instagram.com/firstcaremn/,,,,
WOMEN'S CARE CENTER OF MOORHEAD,26-3178709,WomenSource,220 Hwy 75 North,Moorhead,MN,56560,,https://www.womenscarecenter.org/moorhead-minnesotaNo,,,,,,,,
BIRTHRIGHT OF FARGO - MOORHEAD,23-7346471,Birthright of Fargo Moorhead,715 11th St North,Moorhead,MN,56560,Birthright International,http://birthrightfm.org/ No,,,,,,,,
"MORA CRISIS PREGNANCY CENTER, INC.",41-1983535,Mora Crisis Pregnancy Center Inc,"114 Maple Ave West, Suite 2",Mora,MN,55051,Care Net,http://www.moracpc.org/ No,,,,,,,,
OPTIONS FOR WOMEN - MORRIS,41-1857045,MORRIS LIFE-CARE PREGNANCY CENTER,615 Atlantic Ave,Morris,MN,56267,Heartbeat International,https://optionsmorris.com/ No,,https://www.facebook.com/OptionsForWomenMorris/,,,,,,
FIRST CHOICE PREGNANCY SERVICES,27-2497518,First Choice Pregnancy Services,1223 South Broadway St,New Ulm,MN,56073,Heartbeat International,http://consideryouroptions.org/ Yes,,https://www.facebook.com/pages/First-Choice-Pregnancy-Services/202219619826689,,,,,,
OPTIONS FOR WOMEN - CHISAGO COUNTY,41-1921727,Chisago County Life Care Center,6344 Elm St,North Branch,MN,55056,Heartbeat International,https://www.pregoptions.org/ No,,https://www.facebook.com/optionsforwomenchisagocounty/,,,,,https://www.pregoptionsfriends.org/,
NORTHFIELD WOMEN'S CENTER,41-1990299,Northfield Womens Center,314 Washington St,Northfield,MN,55057,Care Net,http://www.northfieldwomenscenter.org/ No,,https://www.facebook.com/hNttoprsth:/f/itewlditWtero.mcoemn/sNCoernthtefire/ldWC/,,,,,,
OPTIONS FOR WOMEN - ORTONVILLE,41-1857045,MORRIS LIFE-CARE PREGNANCY CENTER,25 2nd St NW,Ortonville,MN,56278,Heartbeat International,https://optionsmorris.com/ No,,https://www.facebook.com/OptionsForWomenMorris/,,,,,,
PREGNANCY RESOURCE CENTER OF THE PARK RAPIDS AREA,411823487,Pregnancy Resource Center Of The Park Rapids Area,200 6th St West,Park Rapids,MN,56470,Care Net,http://www.prcparkrapids.org/ Yes,,https://www.facebook.com/Pregnancy-Resource-Center-of-the-Park-Rapids-Area-203133729738132/,,,,,,
PREGNANCY RESOURCE CENTER OF PINE CITY,41-1427989,Pregnancy Resource Center Of Pine City,162 Evergreen Sq SW,Pine City,MN,55063,Care Net,http://www.pregornot.org/ No,,https://www.facebook.com/315PRCPC,,,,,,
RUM RIVER LIFE CHOICES CENTER - PRINCETON,41-1502922,Rum River Life Choices Center,712 South Rum River Dr,Princeton,MN,55371,Care Net,https://rumriverlifechoices.org/ No,,https://www.facebook.com/ANewStoryBirth/,,,,,,
FIRST CHOICE CLINIC,41-2071396,New Beginnings Family Services,1614 West Third St,Red Wing,MN,55066,Heartbeat International,https://firstchoiceclinic.org/ No,,https://www.facebook.com/firstchoiceclinicrw/,,,,,,
CHOICES PREGNANCY CENTER- REDWOOD FALLS,41-1741111,Choices Pregnancy Center,231 East 2nd St,Redwood Falls,MN,56283,Heartbeat International,http://www.choicespregnancycenter.com/ Yes,,https://www.facebook.com/hcthtposic:/e/tswpirtetegr/.com/choicespreg,,,,,,
FIRST CARE PREGNANCY CENTER - RICHFIELD,51-0153938,New Life Family Services,6517 Nicollet Ave South,Richfield,MN,55423,New Life Family Services,http://www.firstcaremn.org Yes,,https://www.facebook.com/FirstCareMN,,https://www.instagram.com/firstcaremn/,,,,
BIRTHRIGHT OF ROCHESTER,41-1637582,Emergency Pregnancy Service of Rochester,830 NW 18th Ave,Rochester,MN,55904,Birthright International,https://birthright.org/rochester No,,https://www.facebook.com/FirstCareMN,,https://www.instagram.com/firstcaremn/,,,,
FIRST CARE PREGNANCY CENTER - ROCHESTER,51-0153938,New Life Family Services,40 16th St SE,Rochester,MN,55904,New Life Family Services,http://www.firstcaremn.org Yes,,,,,,,,
NORTH REGION PREGNANCY CARE CENTER,01-0742379,North Region Pregnancy Care Center,"1307 3rd St NE, Suite 101",Roseau,MN,56751,Care Net,http://www.northregionpcc.com/ Yes,,https://www.facebook.com/northregionpcc/,,,,,,
SANDSTONE OPTIONS FOR WOMEN,46-1533370,Sandstone Options For Women,927 State Hwy 23 North,Sandstone,MN,55072,Heartbeat International,http://www.sandstoneoptions.org/ No,,https://www.facebook.com/p/Sandstone-Options-for-Women-100057096474544/?locale=ms_MY&paipv=0&eav=Afa1DjmJz3nfofipjhlE2om0-CJV42FaY0fl7Ix2YSrRfh3ygJHuvmm41XqAtwhp0dI&_Roadr,,,,,,
OPTIONS FOR WOMEN - CENTRAL MINNESOTA,52-2422382,Central Minnesota Life Care Center Inc,"1225 Timberlane Dr, Suite 5",Sauk Centre,MN,56378,Heartbeat International,http://optionsforwomen.us/ No,,https://www.facebook.com/profile.php?id=100063476443269,,https://www.instagram.com/optionsforwomenmn/,,,,
PREGNANCY RESOURCE CENTER - DOWNTOWN ST. CLOUD,41-1650725,Pregnancy Resource Center,"305 5th Ave South, Suite 170",St. Cloud,MN,56301,Heartbeat International,http://preghelp.com/ Yes,,https://www.facebook.com/PregnancyResourceCenterStCloud,,https://www.instagram.com/prcstcloud/,,,,
OPTIONS FOR WOMEN - CORNERSTONE,45-3801536,Cornerstone Women's Center,204 Central Ave East,St. Michael,MN,55376,Heartbeat International,https://www.cornerstoneoptions.com/ Yes,,https://www.facebook.com/hctotprnse:/r/stwtoitnteerw.coomme/nOsFcWen_tCero/rnerstone,,https://www.instagram.com/ofw_cornerstone/,,,,
BIRTHRIGHT OF ST. PAUL,41-1560288,Birthright of St Paul,299 Snelling Ave North,St. Paul,MN,55104,Birthright International,http://birthright.org/stpaul No,,https://www.facebook.com/birthrightstpaul/,,,,,,
OPTIONS FOR WOMEN - EAST,41-1714652,OPTIONS FOR WOMEN EAST,891 White Bear Ave,St. Paul,MN,55106,Heartbeat International,http://www.optionsforwomeneast.com/ No,,https://www.facebook.com/optionsforwomeneast,,,,,,
FIRST CARE PREGNANCY CENTER - ST. PAUL,51-0153938,New Life Family Services,1706 White Bear Ave North,St. Paul,MN,55109,New Life Family Services,https://firstcaremn.org/ Yes,,https://www.facebook.com/FirstCareMN,,https://www.instagram.com/firstcaremn/,,,,
ABRIA PREGNANCY RESOURCES - ST PAUL,41-1278207,University Life Care Center,"2200 University West, Suite 160",St. Paul,MN,55114,Heartbeat International,http://abria.org/ No,,https://www.facebook.com/TAbriaPregnancyResohutrtcpess:///www.youtube.comht/tcphsa:/n/wnewl/wU.CinLsVtaxgJrBamn1.csohmZ9/aCbAriSa5s2tr8oxnag6/Uw,,,,,,
WOMEN'S LIFE CARE CENTER,41-1649273,Women's Life Care Center,2870 Middle St,St. Paul,MN,55117,Heartbeat International,http://womenslifecarecenter.org/ No,,https://www.facebook.com/hwttopms:e//ntwsliitfteecra.croemm/nWomensLifeCare1,,https://www.instagram.com/womenslifecarecenter,,,,
LAKES AREA PREGNANCY SUPPORT CENTER - STAPLES,41-1795736,Lakes Area Pregnancy Support Center,616 4th St NE,Staples,MN,56479,"Care Net, Heartbeat International",http://www.lakesareapregnancy.org/ No,,,,,,,,
FAMILY LIFE CENTER- VIRGINIA,90-0051079,Pregnancy Lifecare Center,"820 North 9th St, Suite 130",Virginia,MN,55746,Heartbeat International,https://www.familylifecenterrange.org/ No,,,,,,,,
LAKES AREA PREGNANCY SUPPORT CENTER - WADENA,41-1795737,Lakes Area Pregnancy Support Center,15 Dayton Ave SE,Wadena,MN,56482,"Care Net, Heartbeat International",http://www.lakesareapregnancy.org/ No,,,,,,,,
ELEVATE PREGNANCY & FAMILY RESOURCE CENTER,23-7401466,Elevate Life,376 3rd St NE,Waite Park,MN,56387,Heartbeat International,https://elevatestcloud.org/ Yes,,https://www.facebook.com/hEtltepvsa:/t/etwSittCtelro.ucodm/Elehvtatptes_:/S/wtCwlowu.ydoutube.comht/tcphsa:/n/wnewl/wU.CinYstFaCgrYacmQ._coEmXA/EKleTvsagtTep_pSIt4CElovugd/,,,,,,Elevate Pregnancy and Family Resource Center; Birthline
PREGNANCY RESOURCE CENTER - WAITE PARK,41-1650725,Pregnancy Resource Center,141 Waite Ave North,Waite Park,MN,56387,Heartbeat International,http://preghelp.com/ Yes,,https://www.facebook.com/PregnancyResourceCenterStCloud,,https://www.instagram.com/prcstcloud/,,,,
WALKER AREA PREGNANCY SUPPORT CENTER,27-3472963,Walker Area Pregnancy Support Center,102 8th St North,Walker,MN,56484,Care Net,http://www.pregnancyhelpmn.com/ No,,https://www.facebook.com/profile.php?id=100064363343276&checkpoint_src=any,,,,,,
GUIDING STAR WAKOTA,41-1279340,GUIDING STAR WAKOTA,1140 Robert St South,West St. Paul,MN,55118,,https://guidingstarwakota.org/ Yes,,https://www.facebook.com/hgtutpidsi:n//gtwstiattrewr.ackoomta/G/SWakota,,https://www.instagram.com/GuidingStarWakota/,,,,
HOPE PREGNANCY CENTER,41-1641235,Hope Pregnancy Center,1520 Mavis Ln,Willmar,MN,56201,Heartbeat International,http://findhopepc.com/ No,,https://www.facebook.com/hopepregnancy/?fref=ts,,https://www.instagram.com/hpc_willmar/,,,,
BIRTHRIGHT OF WINONA,36-3488228,Emergency Pregnancy Service of Winona Minnesota,920 West 5th St,Winona,MN,55987,Birthright International,https://birthrightwinona.com/ No,,,,,,,,
OPTIONS FOR WOMEN - WOODBURY,26-3431073,Woodbury Life Resource Center,"1000 Radio Dr, Suite 200",Woodbury,MN,55125,Heartbeat International,https://woodburyoptionsforwomen.com/ No,,https://www.facebook.com/woodburyoptionsforwomen/,,,,,https://www.woodburymissionpartners.com/home,
HELPING HAND PREGNANCY CENTER,41-1651817,Helping Hand Pregnancy Center Inc,910 3rd Ave,Worthington,MN,56187,Care Net,http://www.helpinghandworthington.org/ Yes,,https://www.facebook.com/HelpingHandPC,,,,,,
"SAV-A-LIFE BATESVILLE, INC.",30-0002735,Sav A Life Batesville,305 Keating Rd,Batesville,MS,38606,,,,https://www.facebook.com/SavALifeBatesville,,,,,,
WOMEN'S RESOURCE CENTER - CLARKSDALE,72-1392808,Womens Resource Center of Cleveland,200 Old Rd Lyon,Clarksdale,MS,38645,"Care Net, Heartbeat International",https://wrcdelta.org/ Yes,,https://www.facebook.com/wrcdelta1,,https://www.instagram.com/wrcdelta/,,,,
WOMEN'S RESOURCE CENTER - CLEVELAND,72-1392808,Womens Resource Center of Cleveland,1410 Hwy 8 West,Cleveland,MS,38732,"Care Net, Heartbeat International",https://wrcdelta.org/ Yes,,https://www.facebook.com/wrcdelta1,,https://www.instagram.com/wrcdelta/,,,,
LIFE CHOICES PREGNANCY CARE CENTER,64-0701743,Life Choices Pregnancy Care Center,1124 Main St.,Columbus,MS,39701,"Care Net, Heartbeat International",http://mslifechoices.org/ Yes,,https://www.facebook.com/Life-Choices-Pregnancy-Care-Center-288181884572042/,,,,,,
OASIS MEDICAL CENTER,64-0853469,Oasis Medical Center,2421 Proper St,Corinth,MS,38834,"Care Net, Heartbeat International",https://oasiscorinth.com/ Yes,,https://www.facebook.com/OasisCorinth/,,,,,,
CENTER OF HOPE,20-1143746,Center of Hope Pregnancy Resource Center,520 Airport Rd,Forest,MS,39074,"Care Net, Heartbeat International",https://www.foresthopeprc.org/ Yes,,https://www.facebook.com/CenterOfHopeForest,,,,,,
PROMISS PREGNANCY CARE CENTER- GAUTIER,61-1423841,Promiss,3001 Ladnier Rd,Gautier,MS,39553,"Heartbeat International, NIFLA",http://www.promiss4u.com/ No,,https://www.facebook.com/gautierpregnancycenter/,,,,,https://www.promissdonor.com/,
WOMEN'S RESOURCE CENTER,20-0554354,Women's Resource Center / Sav-A-Life of the Mississippi Gulf Coast Inc,9155 Lorraine Rd,Gulfport,MS,39503,"Care Net, Heartbeat International",https://www.wrcgulfport.org/ Yes,,https://www.facebook.com/WrcGulfport,,https://www.instagram.com/wrc.gulfpohrtt/tps://www.friendsofwrcgulfport.org/,,,,
HOPE CLINIC,46-3666844,Hope Clinic,808 South 28th Ave,Hattiesburg,MS,39401,Heartbeat International,http://www.hopeclinicms.com/ Yes,,https://www.facebook.com/hopeclinicms/,,,,,https://www.hcfriends.com/,
CENTER FOR PREGNANCY CHOICES METRO AREA,64-0757399,Center For Pregnancy Choices Metro Area,"2685 Crane Ridge Dr, Suite B",Jackson,MS,39216,Care Net,https://cpcmetro.org/ No,,https://www.facebook.com/pages/Center-for-Pregnancy-Choices-Rankin/116827538378826,,,,,,
CHOICES CLINIC OF LAUREL,64-0871224,Choices Clinic of Laurel,115 South Magnolia St,Laurel,MS,39440,Heartbeat International,https://choiceslaurel.com/ No,,https://www.facebook.com/ChoicesClinicofLaurel/,,https://www.instagram.com/choiceslaurel/?hl=en,,,,
PROMISS PREGNANCY CARE CENTER- LUCEDALE,61-1423841,Promiss,11293 Old Hwy 63 South,Lucedale,MS,39452,"Heartbeat International, NIFLA",http://www.promiss4u.com/ No,,,,,,,,
CENTER FOR PREGNANCY CHOICES,64-0946353,Center For Pregnancy Choices Of Meridian,1000 20th Ave.,Meridian,MS,39301,Heartbeat International,https://www.cpcofmeridian.com/ Yes,,https://www.facebook.com/hctptpcso:f/m/tweritidteiar.ncom/cpcofmeridian,,https://www.instagram.com/cpcofmeridian/,,,,
CENTER FOR PREGNANCY CHOICES OF LAWRENCE COUNTY,55-0855733,Center for Pregnancy Choices of Lawrence County,214 4th St,Monticello,MS,39654,Care Net,https://cpclawrence.org/ No,,https://www.facebook.com/Center-for-Pregnancy-Choices-of-Lawrence-County-172143252804147/,,,,,,
FIRST CHOICE CENTER FOR WOMEN,76-0745649,First Choice Center for Women,723 Coulter Dr,New Albany,MS,38652,Care Net,http://www.firstchoicecenter.com/ Yes,,https://www.facebook.com/FirstChoiceCenter,,https://www.instagram.com/firstchoicecenter/,,,,
PREGNANCY CENTER OF OXFORD,72-1387255,Sav-A-Life of Lafayette County,1943 North Lamar Blvd,Oxford,MS,38655,Care Net,https://www.pregnancyoxford.org/ No,,https://www.facebook.com/CPCOxfordMS/,,,,,,
CPC - PREGNANCY AND FAMILY RESOURCE CENTER,64-0807962,CPC Pregnancy and Family Resource Center,913 Valley View Dr,Philadelphia,MS,39350,Heartbeat International,http://www.cpcphillyms.com/ Yes,,https://www.facebook.com/cpcphillyms/,,,,,,
PRC PREGNANCY SUPPORT,64-0896175,Sav A Life of the Pearl River Area,1101 Goodyear Blvd,Picayune,MS,39466,Care Net,https://prcpregnancysupport.com/ Yes,,https://www.facebook.com/PRCPregnancySupport,,,,,,
BIRTHRIGHT OF JACKSON,64-0592393,Birthright of Jackson,855 South Pear Orchard,Ridgeland,MS,39157,Birthright International,https://birthright.org/jackson No,,https://www.facebook.com/birthrightofjackson/,,,,,,
MY CHOICES,20-8196150,My Choices Pregnancy Help Clinic,109 Bails Rd,Ripley,MS,38663,"Care Net, Heartbeat International",https://www.supportmychoices.org/ No,,https://www.facebook.com/My-Choices-Pregnancy-Help-Clinic-259197211556/,,,,,,
PREGNANCY TEST CENTER,30-0002735,Sav A Life Batesville,822 Scott St,Senatobia,MS,38668,,,,https://www.facebook.com/PTCSenatobia,,,,,,
CARE CENTER,13-4245282,Sav-A-Life of Desoto County,1277 Main St,Southaven,MS,38671,"Care Net, Heartbeat International",http://www.careprc.org/ Yes,,https://x.com/CarePregnancy,,,,,,
1ST STEPS CLINIC,45-4396929,Starkville Pregnancy Care Center,402 University Dr,Starkville,MS,39759,Heartbeat International,https://1ststepsclinic.com/ Yes,,https://www.facebook.com/hstttaprsk:v//itllweipttcecr.com/starkvillepcc,,https://www.instagram.com/1st.stepschlitntpics/://starkvillepccfriends.org/,,,,
PARKGATE CLINIC,64-0678049,Parkgate Health Services Inc,150 South Industrial Rd,Tupelo,MS,38801,"Care Net, Heartbeat International",https://parkgateclinic.org/ Yes,,https://www.facebook.com/parkgatepregnancyclinic,,https://www.instagram.com/parkgatehealthservices/,,,,
CENTER FOR PREGNANCY CHOICES,57-0897070,Center for Pregnancy Choices,1401 Adams St,Vickburg,MS,39183,Heartbeat International,http://www.vicksburgpregnancy.com/ No,,https://www.facebook.com/VicksburgPregnancy/,,https://www.instagram.com/vicksburgpregnancy/,,,,
THE PREGNANCY CARE CENTER,30-0645046,Tri-County Pregnancy Resource Center,315 South Madison Ave,Aurora,MO,65605,"Monticello, MS 39654",https://www.thepregnancycarecenter.com/ No,,https://www.facebook.com/tricountypregnancyresourcecenter/,,https://www.instagram.com/pregnancycarecenter_?fbclid=IwZXh0bgNhZW0CMTAAAR0S7Hfa83pvuDSL0ASwJX8537QkA72F5SKHTdSsvH9LubSC0FC4dz-u8uk_aem_ZmFrZWR1bW15MTZieXRlcw,,,,
OPTIONS PREGNANCY CENTER OF AVA,72-1602834,Options Pregnancy Clinic of Ava,131 East Lincoln Ave,Ava,MO,65608,Heartbeat International,https://optionsofava.org/ No,,https://www.facebook.com/opcofava,,,,,,
HAND 'N HAND WOMEN'S CENTER,20-8630190,Hand N Hand Pregnancy Help Center,7024 US Hwy 61/67,Barnhart,MO,63012,Heartbeat International; Care Net; NIFLA,http://www.pregnancybarnhart.com/ Yes,,https://www.facebook.com/handnhandwc,,https://www.instagram.com/handnhanhdtwtpcs/://hnhcenter.org/,,,,
ALPHA HOUSE PREGNANCY RESOURCE CENTER,43-1859422,Alpha House,419 West Broadway,Bolivar,MO,65613,Care Net,http://www.alphahouseprc.org/ No,,https://www.facebook.com/alphahousePRC/,,https://www.instagram.com/alphahoushetptpr:c///ahprcfriends.org/home,,,,
OPTIONS FOR WOMEN - BOWLING GREEN,47-4101740,Options for Women of Pike County,1420 US-61 BUS B,Bowling Green,MO,63334,Heartbeat International,http://calloptionsforwomen.com/ No,,https://www.facebook.com/hctatpllos:p//txio.cnosmfo/rOwpotmioenns_Women,,https://www.instagram.com/optionsforhwtotpmse:/n/spuikpepcoortmlifoe/573.com/,,,,
PREGNANCY LIFE LINE,34-1991474,Pregnancy Life Line,19621 State Hwy 413,Branson West,MO,65737,Heartbeat International,pllwomensresourcecenter.com Yes,,https://www.facebook.com/mylifeclinic/,https://www.youtube.comht/tcphsa:/n/wnewl/wU.Cindsctangaraaumft.YcoAmh_/pKlljbixrFa7nysBon2hwwttepsst:///pregnancylifeline.com/,,,,,
OPTIONS PREGNANCY CLINIC- BRANSON,43-1642900,Living Alternatives Pregnancy Services,"192 Expressway Lane, Suite 100",Branson,MO,65616,Care Net,https://optionspregnancyclinic.com/ No,,https://www.facebook.com/OptionsPregnancyClinicBranson,,https://www.instagram.com/pregnancy_options/,,,,
PREGNANCY HELP CENTER LAKE OF THE OZARKS,43-1711390,Pregnancy Help Center Serving the Lake of the Ozarks,948 East US Hwy 54,Camdenton,MO,65020,Heartbeat International,http://www.pregnancyhelpcenters.org/ No,,https://www.facebook.com/phcpartners/,,,,,https://phclozpartners.com/,
WILLOWBROOK WOMEN'S CENTER - CAMERON,20-4729330,Pregnancy Resource Clinic Inc,210 North Main St,Cameron,MO,64429,,http://www.willowbrookwomenscenter.com/ No,,,,,,,,
BIRTHRIGHT OF CAPE GIRARDEAU,43-6218052,Birthright of Cape Girardeau,2633 Hopper Rd,Cape Girardeau,MO,63701,Birthright International,http://birthright.org/capeGirardeau No,,https://www.facebook.com/CapeBirthright/,,,,,,
OPTIONS FOR WOMEN,46-1828740,Options for Women,2436 Myra Dr,Cape Girardeau,MO,63703,Heartbeat International,http://www.optionsforwomencape.com/ No,,,,,,,,
BIRTHRIGHT OF CHILLICOTHE,27-0053015,Birthright,703 Webster St,Chillicothe,MO,64601,Birthright International,http://birthright.org/chillicothe No,,,,,,,,
GOLDEN VALLEY DOOR OF HOPE,26-3492814,Golden Valley Door of Hope,205 South Washington St,Clinton,MO,64735,Heartbeat International,http://gvdoorofhope.org/ Yes,,https://www.facebook.com/GVDoorofHope/,,https://www.instagram.com/gvdoorofhope?fbclid=IwAR1Ugr-bqP2vJYSSjhehEtVaBNqYJedMlBYLNLEqFNJaaUkBVjpTujF1Wg,,,,
MY LIFE CLINIC,43-1709674,Life Network Of Central Missouri,"802 North Providence Rd, Suite 2",Columbia,MO,65203,Heartbeat International,http://www.mylifeclinic.org/ Yes,,https://www.facebook.com/mylifeclinic/,,https://www.instagram.com/mylifeclinichttps://www.lifenetworkfriends.com/,,,,
LIFELINE PREGNANCY CARE CENTER,65-1230810,Lifeline Pregnancy Care Center,201 Lucia Ave,Cuba,MO,65453,Care Net,http://www.lifelinepcc.com/ No,,,,,,,,
TRI-COUNTY BIRTHRIGHT,43-1108045,Tri-County Birthright Counseling,"300 West 4th St, Suite E",Eureka,MO,63025,Birthright International,https://tricountybirthright.org/ No,,https://www.facebook.com/profile.php?id=100057234198345,,,,,,
MY LIFE HEALTH CLINIC - FARMINGTON,20-2704258,Parkland Pregnancy Resource Center,1565 Ste Genevieve Ave,Farmington,MO,63640,,https://www.mylifehealthclinic.com No,,https://www.facebook.com/hMttypLsi:f/e/xH.ceoamlth/MClyinLiicfe?_reCf=linhilc,,,,,,
OPTIONS PREGNANCY CLINIC - FORSYTH,43-1642900,Living Alternatives Pregnancy Services,10726 State Hwy. 76 Suite F,Forsyth,MO,65653,Care Net,https://optionspregnancyclinic.com/ No,,https://www.facebook.com/OptionsPregnancyClinicBranson,,https://www.instagram.com/pregnancy_options/,,,,
OPTIONS PREGNANCY CENTER OF AVA- GAINESVILLE,72-1602834,Options Pregnancy Clinic of Ava,418 3rd St,Gainesville,MO,65655,Heartbeat International,https://optionsofava.org/ No,,https://www.facebook.com/opcofava,,,,,,
OPTIONS FOR WOMEN - HANNIBAL,47-4101740,Options for Women of Pike County,7A Northport Plaza,Hannibal,MO,63401,Heartbeat International,http://calloptionsforwomen.com/ No,,,,,,,,
BIRTHRIGHT OF HANNIBAL,43-1220081,Birthright of Hannibal,116 South Arch St,Hannibal,MO,63401,Birthright International,http://www.birthrighthannibal.org/ No,,https://www.facebook.com/p/Birthright-of-Hannibal-100057057896521/,,,,,,
CLARA WOMEN'S CENTER,43-1657696,Shiloh Center,208 Oriole St,Harrisonville,MO,64701,"Care Net, Heartbeat International",https://clarawomenscenter.com/ No,,https://www.facebook.com/ShilohCenter/,,,,,https://partner.shilohcenter.org/,
BIRTHRIGHT COUNSELING ST. LOUIS - NORTH COUNTY,23-7189946,Birthright Counseling St Louis,5494 Brown Rd Suite 102,Hazelwood,MO,63042,Birthright International,https://birthrightstl.org/ No,,https://x.com/birthright_stl?lang=en,,,,,,
BIRTHRIGHT OF HERMANN,43-1277078,Birthright of Hermann Missouri,132A East 4th St,Hermann,MO,65041,Birthright International,https://birthright.org/hermann/ No,,https://www.facebook.com/birthrightofhermann/,,,,,,
MYLIFE MEDICAL & RESOURCE CENTER,20-5042684,Jefferson County Pregnancy Care Center,2608 Gravois Rd,High Ridge,MO,63049,Heartbeat International,http://www.mylifemrc.com/ No,,https://www.facebook.com/hMttypLsi:f/e/xM.cRoCm/mylifemedical?s=21&t=BWGYFshjt-tZpGs:U//wQwlowL.lihnXsataXgjrwam.com/mylifemedhicttaplsre:/s/wouwrwce.jccepnctce.cr/om/,,,,,,
BIRTHRIGHT OF HILLSBORO,43-1294512,Birthright of Hillsboro,407 East 3rd St,Hillsboro,MO,63050,Birthright International,https://birthrightofhillsboro.org/ No,,https://www.facebook.com/birthrightofhillsboro/,,,,,,
PREGNANCY RESOURCE CENTER OF SOUTH CENTRAL MISSOURI,81-0828783,Pregnancy Resource Center of South Central Missouri,107 East Pine St,Houston,MO,65483,Heartbeat International,https://prcsouthcentral.org/ No,,https://www.facebook.com/PRCofSCM/,,,,,,
RESOURCE HEALTH - INDEPENDENCE,43-1808105,Rachel House Pregnancy Resource Centers Inc,815 North Noland Rd,Independence,MO,64050,Heartbeat International,https://www.resourcehealth.org/ No,,https://www.facebook.com/hrettsposu:/r/ctweihtteear.ltchokmc/_ResourceHealth,,https://www.instaghrtatpms.:c//owmw/wre.stiokutorkc.echoema/l@thkrec/sourcehealth,,,,
MY LIFE HEALTH CLINIC - IRONTON,20-2704258,Parkland Pregnancy Resource Center,109 North Main St,Ironton,MO,63650,,https://www.mylifehealthclinic.com No,,,,,,,,
BIRTHRIGHT OF JEFFERSON,43-1149633,Birthright of Mid-Missouri,1006 East High St,Jefferson City,MO,65101,Birthright International,http://birthright.org/jeffersoncity No,,,,,,,,
PREGNANCY HELP CENTER OF CENTRAL MISSOURI,45-2157669,Pregnancy Help Center of Central Missouri,1433 Southwest Blvd,Jeffferson City,MO,65109,Heartbeat International,http://www.phcjeffersoncity.com/ Yes,,https://www.facebook.com/hpthtpcsje:/f/fxe.rcsoomnc/PityhCJeffCity,,,,,https://friendsofphc.org/,
CHOICES MEDICAL SERVICES - JOPLIN,43-1518912,Lifechoices,531 East 7th St,Joplin,MO,64801,"Heartbeat International, Care Net",http://choicesmedical.org/ Yes,,https://www.facebook.com/choicesjoplin,,,,,,
BIRTHRIGHT OF KANSAS CITY,43-1098909,Birthright of Greater Kansas City,6309 Walnut St,Kansas City,MO,64113,Birthright International,http://birthright.org/kansascity No,,https://www.facebook.com/BirthrightKansasCity/,,,,,,
RESOURCE HEALTH - NORTHLAND,43-1808105,Rachel House Pregnancy Resource Centers Inc,4110 NE Vivion Rd,Kansas City,MO,64119,Heartbeat International,https://www.resourcehealth.org/leessummit No,,https://www.facebook.com/hrettsposu:/r/ctweihtteear.ltchokmc/_ResourceHealth,,https://www.instaghrtatpms.:c//owmw/wre.stiokutorkc.echoema/l@thkrec/sourcehealth,,,,
RESOURCE HEALTH - CITY CENTER,43-1808105,Rachel House Pregnancy Resource Centers Inc,4403 Dr. MLK Jr. Blvd,Kansas City,MO,64130,Heartbeat International,https://www.resourcehealth.org/leessummit No,,https://www.facebook.com/hrettsposu:/r/ctweihtteear.ltchokmc/_ResourceHealth,,https://www.instaghrtatpms.:c//owmw/wre.stiokutorkc.echoema/l@thkrec/sourcehealth,,,,
PARKVILLE WOMEN'S CLINIC,20-0324474,Parkville Womens Clinic,5731 NW 72nd St,Kansas City,MO,64151,Care Net,http://www.parkvillewomensclinic.com/ Yes,,https://www.facebook.com/PWCfriends/,,,,,https://pwc4life.us/,
LIFELINE PREGNANCY HELP CLINIC,43-1773653,Lifeline Pregnancy Help Clinic,1515 North New St,Kirksville,MO,63501,Heartbeat International,http://www.lifelinepregnancyhelp.org/ Yes,,,,,,,https://friendsoflifelinephc.org/,
PREGNANCY SUPPORT CENTER,43-1693970,Laclede County Pregnancy Support Center,525 South Washington Ave,Lebanon,MO,65536,Heartbeat International,https://pregnancyhelplebanon.com/ Yes,,https://www.facebook.com/Pregnancy-Support-Center-of-Lebanon-165715136014/,,,,,https://psclebanon.org/,
FOUND AND WOVEN,26-1809875,If Not for Grace Ministries,5950 NE Lakewood Way,Lee's Summit,MO,64064,,https://foundandwoven.com/ No,,https://www.facebook.com/FoundandWoven?mibextid=LQQJ4d,,https://www.instagram.com/found_and_woven?igsh=NnF2Y25ia2szdnhw,,,,
RESOURCE HEALTH - LEE'S SUMMIT,43-1808105,Rachel House Pregnancy Resource Centers Inc,1240 NE Windsor Dr,Lee's Summit,MO,64086,Heartbeat International,https://www.resourcehealth.org/leessummit No,,https://www.facebook.com/hrettsposu:/r/ctweihtteear.ltchokmc/_ResourceHealth,,https://www.instaghrtatpms.:c//owmw/wre.stiokutorkc.echoema/l@thkrec/sourcehealth,,,,
LIBERTY WOMEN'S CLINIC,43-1896695,Liberty Womens Clinic,"1532 NE 96th St, Suite B",Liberty,MO,64068,"Care Net, Heartbeat International",http://www.experiencingfreedom.com/ Yes,,https://www.facebook.com/LibertyWC,,,,,https://strides4life.com/,
CHOICES PREGNANCY CENTER,37-1665716,Choices Pregnancy Center,"1350 Spur Dr, Suite 160",Marshfield,MO,65706,Heartbeat International,http://www.choicespc.org/ Yes,,https://www.facebook.com/choicespc/,,,,,https://friendsofchoicespc.com/,
THE SOURCE MEDICAL CLINIC,,,2613 South Main St,Maryville,MO,64468,,http://www.thesourcemedical.org/ Yes,,https://www.facebook.com/hthttepsso:/u/trwceittmere.dcoicmal/source_medical,,https://www.instagram.com/source_medical/,,,,
BIRTHRIGHT OF MOBERLY,43-1386945,Birthright of Moberly,101 South 4th St,Moberly,MO,65270,Birthright International,http://birthright.org/moberly No,,https://www.facebook.com/birthrightmoberly85/,,,,,,
BIRTHRIGHT OF MONTGOMERY CITY,46-3657078,Birthright of Montgomery City Mo,110 West 2nd St,Montgomery City,MO,63361,Birthright International,http://birthright.org/montgomerycity No,,https://www.facebook.com/birthrightofmontgomerycitymo/,,,,,,
PREGNANCY RESOURCE CENTER OF MOUNTAIN GROVE,26-1885060,Pregnancy Resource Center of Mountain Grove,600 East State St,Mountain Grove,MO,65711,Heartbeat International,https://prcofmg.net/ Yes,,https://www.facebook.com/prcofmg,,https://www.instagram.com/prcofmountaingrove/,,,,
CARE NET PREGNANCY RESOURCE CENTER OF NEOSHO,26-3880313,Care Net Pregnancy Resource Center of Neosho Incorporated,1245 Southard Dr,Neosho,MO,64850,"Care Net, Heartbeat International",https://carenetneosho.org/ Yes,,https://www.facebook.com/profile.php?id=100048828353596&hc_ref=SEARCH&fref=nf,,,,,,
OPTIONS FOR WOMEN - PERRYVILLE,61-1680486,Ste Genevieve Area Center For Life,1019 North Kingshighway,Perryville,MO,63775,,https://optionsforwomenmo.com/ Yes,,,,,,,,
CARING HEARTS PREGNANCY RESOURCE CENTER,46-2011754,Caring Hearts Pregnancy Resource Center,"828 East High St, Suites 18-20",Potosi,MO,63664,Heartbeat International,https://caringheartsprc.org/ No,,https://www.facebook.com/Caring-Hearts-Pregnancy-Resource-Center-492477527515087/,,,,,,
REPUBLIC PREGNANCY RESOURCE CENTER,11-3780005,House of Ruth Women's Resource Clinic,291 US Hwy 60,Republic,MO,65738,Heartbeat International,http://www.republicprc.org/ No,,https://www.facebook.com/RepublicPregnancyResourceCenter/,,,,,https://reppregnancyresourcefriends.org/,
PREGNANCY RESOURCE CENTER OF ROLLA,20-5144034,Rolla Pregnancy Resource Center,1210 Missouri 72,Rolla,MO,65401,Heartbeat International,http://www.prcrolla.com/ Yes,,https://www.facebook.com/prcrolla/,,,,,https://supportmyprc.com/,
RIVERWAYS PREGNANCY & FAMILY RESOURCE CENTER,74-3069491,Riverways Pregnancy Resource Center,1600 Doss Rd,Salem,MO,65560,Heartbeat International,http://www.riverwaysprc.org/ Yes,,https://www.facebook.com/riverwayspregnancyandfamilyresourcecenter/https://www.instagram.com/riverwayspregnancyandfamily/,,,,,,
LOVING HEARTS PREGNANCY HELP CENTER,99-4811484,Loving Hearts Pregnancy Center Inc,1810 West 11th St,Sedalia,MO,65301,,https://www.lovingheartsphc.com/ No,,https://www.facebook.com/birthrightofsedalia/,,,,,,Birthright of Sedalia
ASPIRE WOMEN'S CENTER,46-4139849,The Pregnancy Resource Center AKA Aspire Women's Center,918 South Kingshighway,Sikeston,MO,63801,Heartbeat International,https://aspirewomenscenter.org/ No,,https://www.facebook.com/aspirewomenscentersikeston/,,,,,,Aspire Women's Center
PREGNANCY CARE CENTER,43-1786978,Pregnancy Care Center,"1342 East Primrose St, Suite C",Springfield,MO,65804,Care Net,https://417pcc.org/ No,,https://www.facebook.com/SpringfieldPregnancyhCttaprse:C//wenwtwer./youtube.com/user/417Choices,,,,,https://417pcc.org/,
BIRTHRIGHT OF ST. CHARLES,27-3681883,Birthright of St Charles,2125 Bluestone Dr,St. Charles,MO,63301,Birthright International,http://www.birthrightstcharles.org/ Yes,,https://www.facebook.com/hBtitrpths:r/i/gxh.ctSotmC/hBairrtlhersi/ghhtSttptCs://www.youtube.comht/t@psb:/ir/wthwrigwh.itnsstctahgarralems.com/birthrightstcharles/,,,,,,
OPTIONS FOR WOMEN - STE GENEVIEVE,61-1680486,Ste Genevieve Area Center For Life,615 Kiefer St,St. Genevieve,MO,63670,,https://optionsforwomenmo.com/ Yes,,,,,,,,
BIRTHRIGHT OF ST. JOSEPH,43-1423752,Birthright of St Joseph Missouri,1018 North 19th St,St. Joseph,MO,64501,Birthright International,http://birthright.org/stjosephmo No,,,,,,,,
WILLOWBROOK WOMEN'S CENTER - ST JOSEPH,20-4729330,Pregnancy Resource Clinic Inc,"1502 North 36th St, Suite A",St. Joseph,MO,64506,,http://www.willowbrookwomenscenter.com/ No,,https://www.facebook.com/willowbrookwomenscenter,,https://www.instagram.com/willowbrook.womenscenter/,,,,
ST. LOUIS PREGNANCY COUNSELING - MIDTOWN,23-7189946,Birthright Counseling St Louis,3946 Lindell Blvd,St. Louis,MO,63108,Birthright International,https://birthrightstl.org/ No,,https://www.facebook.com/hBtitrpths:r/i/gxh.ctComou/bnisrethlirnigghStt_Lsotlu/is/,,https://www.instagram.com/birthright_stl/,,,,
THRIVE ST LOUIS,43-1304395,Thrive St Louis,4331 Lindell Blvd,St. Louis,MO,63108,Care Net,http://thrivestlouis.org/ No,,https://www.facebook.com/hTthtprisV:/e/tSwtiLttoeur.isc/om/thrivestlouis,,https://www.instagram.com/thrivestlouis/,,,,
PREGNANCY HELP CENTER,30-0418869,South County Pregnancy Help Center,4150 Crescent Dr,St. Louis,MO,63129,Care Net,http://thepregnancyhelpcenter.com/ Yes,,https://www.facebook.com/pregnancyhelpstlouis/,,https://www.instagram.com/Scountypregnancy/?hl=en,,,,
ST. LOUIS PREGNANCY COUNSELING - BRENTWOOD,23-7189946,Birthright Counseling St Louis,"2525 South Brentwood Blvd, Suite 102",St. Louis,MO,63144,Birthright International,https://birthrightstl.org/ No,,https://www.facebook.com/hBtitrpths:r/i/gxh.ctComou/bnisrethlirnigghStt_Lsotlu/is/,,https://www.instagram.com/birthright_stl/,,,,
PREGNANCY HELP CENTER,43-1711390,Pregnancy Help Center Serving the Lake of the Ozarks,203 Westview,Versailles,MO,65084,Heartbeat International,https://pregnancyhelpcenters.org/ No,,https://www.facebook.com/pregnancyloz/,,,,,https://phclozpartners.com/,
NEW BEGINNINGS WOMEN'S CENTER,52-2445340,New Beginnings Womens Center,208 East Gay St,Warrensburg,MO,64093,Heartbeat International,http://www.nbwburg.org/ Yes,,https://www.facebook.com/newbeginningsburg,,https://www.instagram.com/newbeginnings_burg/,,,,
CROSSROADS PREGNANCY RESOURCE CENTER,43-1931871,Crossroads Family Ministries,1220 Commercial St,Warsaw,MO,65355,,https://crossroadsprc.wordpress.com/ No,,https://www.facebook.com/InspirePregnancyOutreachCenter,,,,,,
PREGNANCY ASSISTANCE CENTER,43-1410177,Pregnancy Assistance Center,310 International Ave,Washington,MO,63090,,,,https://www.facebook.com/pregnancyassistancecenter/,,,,,,
FREE WOMEN'S CENTER OF PULASKI COUNTY,27-3346342,Free Womens Center Of Pulaski County,2009 Historic Route 66 West,Waynesville,MO,65583,Heartbeat International,http://www.freewomenscenter.com/ No,,,,https://www.instagram.com/freewomehntstcpesn:/t/esurppuploarstkmicyofw/c.com/,,,,
BIRTHRIGHT OF WENTZVILLE,43-1448351,Birthright of Wentzville,10 East Pitman Ave,Wentzville,MO,63385,Birthright International,https://birthright.org/wentzville No,,https://www.facebook.com/birthrightofwentzville/,,,,,,
PREGNANCY RESOURCE CENTER OF WEST PLAINS,87-3246857,Pregnancy Resource Center of West Plains,"306 Davis Dr, LL1",West Plains,MO,65775,Heartbeat International,https://prcofwestplains.org/ Yes,,https://www.facebook.com/prcofwestplains/,,,,,https://supporters.prcofwestplains.org/,
LA VIE HEALTH,81-0465159,Billings Crisis Pregnancy Center Inc,2501 4th Ave,Billings,MT,59101,Care Net,http://laviebillings.com/ Yes,,https://www.facebook.com/laviebillings/,https://www.youtube.com/user/LaViePregnancyCenter,,,,,
ZOECARE,81-0466507,Pregnancy Caring Center Of Gallatin Valley Inc,"2251 West Kagy Blvd, Suite 2",Bozeman,MT,59718,Heartbeat International,http://www.gotozoe.org/ No,,https://www.facebook.com/zoecarebozeman/,,https://www.instagram.com/zoecarebohztetpms:a//nwww.friendsofzoecare.org/index.php,,,,
NEW HOPE CLINIC,81-0478594,New Hope Pregnancy Clinic,320 South Idaho St,Butte,MT,59701,Heartbeat International,https://newhopebutte.com/ No,,https://www.facebook.com/newhopemontana,,,,,,
NEW HOPE PREGNANCY SUPPORT CENTER,81-0542364,New Hope Pregnancy Support Center of Dillon,730 North Montana St,Dillon,MT,59725,Care Net,https://www.newhopelife.org/ No,,https://www.facebook.com/NewHopePSCofDillon/,,https://www.instagram.com/newhopedillon/,,,,
WE CARE FAMILY LIFE CENTER,81-0430685,We Care Unplanned Pregnancy Center,"602 Dewey Ave, Suite 5",Eureka,MT,59917,,http://www.wecareeureka.org/ No,,https://www.facebook.com/WeCareFLC,,,,,,
ECHOZ PREGNANCY CARE CENTER,20-1728956,Echoz,1323 9th Ave South,Great Falls,MT,59405,Care Net,http://www.echoz.org/ No,,https://www.facebook.com/EchozPregnancyCareCenter,,https://www.instagram.com/echozpcc/https://www.friendsofechoz.org/,,,,
BIRTHRIGHT OF THE BITTERROOT,81-0402451,Birthright of Bitterroot,259 Van Blaricom St,Hamilton,MT,59840,Birthright International,https://www.abortionalternativesmontana.com/birthright.htmNlo,,,,,,,,
HI-LINE PREGNANCY RESOURCE CENTER,36-3496540,Hi-Line Pregnancy Resource Center,315 1st St,Havre,MT,59501,Care Net,http://www.hilineprc.com/ No,,https://www.facebook.com/hilineprc,,https://www.instagram.com/hi.line.prc/,,,,
OPTIONS CLINIC,26-1339005,Pregnancy Resource Center Of Helena,1005 Partridge Place,Helena,MT,59602,Care Net,http://optionshelena.org/ No,,https://www.facebook.com/optionshelena/,,,,,,
CLEAR CHOICE CLINIC,43-2005890,Hope Pregnancy Ministries of Kalispell Montana,1281 Burns Way,Kalispell,MT,59901,,http://clearchoiceclinic.com/ No,,https://www.facebook.com/clearchoiceclinic,,https://www.instagram.com/clearchoiceclinic/,,,,
INSPIRE PREGNANCY OUTREACH CENTER,81-0434458,Inspire Pregnancy Outreach Center of Central Montana,108 6th Ave N,Lewistown,MT,59457,Heartbeat International,https://inspireoutreachcenter.org/ No,,https://www.facebook.com/InspirePregnancyOutreachCenter,,,,,,
LIBBY PREGNANCY CARE CENTER,81-0465428,Pregnancy Care Center,711 California Ave,Libby,MT,59923,,https://libbypcc.com/ No,,https://www.facebook.com/libbypregnancycarecenter,,,,,,
PREGNANCY OUTREACH CLINIC OF MILES CITY,27-1713093,Pregnancy Outreach Clinic Of Miles City,516 Pleasant St,Miles City,MT,59301,,https://outreachclinicmc.com/ Yes,,https://www.facebook.com/outreachclinicmc,,https://www.instagram.com/outreachclinic/,,,,
CARE NET PREGNANCY CENTER OF MISSOULA,81-0485750,Life Net of Missoula,"1515 Fairview Ave, Suite #250",Missoula,MT,59801,Care Net,http://Care Netmissoula.org/ No,,https://www.facebook.com/Care,NetMissoula/,https://www.instagram.com/Care,,Netmhsttop/s://www.Care,Netofmissoulasupporters.com/,
SPARROW'S VINE PREGNANCY RESOURCE CENTER,35-2357791,Sparrows Vine,"3195 MT Hwy 83, Unit 7",Seeley Lake,MT,59868,,https://www.sparrowsvine.org/ No,,https://www.facebook.com/SparrowsVine/,,https://www.instagram.com/sparrowsvine,,,,
SUNRISE PREGNANCY RESOURCES,27-1057012,Sunrise Pregnancy Resource Center,203 14th St SE,Sidney,MT,59270,Heartbeat International; NIFLA,http://www.sunrisepregnancy.org/ Yes,,https://www.facebook.com/hStutpnsr:i/s/etw-Witteorm.ceonms-/PCrlienhgitcHtp-4es6l:p/7/Sw2i7dw1nw4e.4yy6o6u2tu0b1e2.2co/m/channel/UCIfh88rF-Dis84PHZtjGeDhgttps://friendsofsunrise.org/overview/who-we-are,,,,,,
WILLOW CENTER,36-4522239,The Pregnancy Resource Center of Beatrice,2205 N 6th St,Beatrice,NE,68310,Care Net,willowcenter.net No,,https://www.facebook.com/willowcenterbeatrice,,,,,,
ESSENTIAL PREGNANCY SERVICES - BELLEVUE,23-7300162,Eps Essential Pregnancy Services,908 West Mission Ave,Bellevue,NE,68005,Heartbeat International,https://essentialps.org/ Yes,,https://www.facebook.com/epsnebraska/,,https://www.instaghrtatpms.:c//owmw/wep.tsiknteobkr.caoshmktat/p/@s:e//sfrsieenndtisaolpfesp_sn.eorg/,,,,
LIFE CHOICES PREGNANCY RESOURCE CENTER,47-0660258,United Family Service Inc,"230 E 22 St, Suite 2",Fremont,NE,68026,Care Net,https://fremontpregnancy.com/ Yes,,https://www.facebook.com/lifechoices.fremont.ne,,https://www.instagram.com/lifechoiceshftrtepms:o//nwtww.fremontpregnancy.com/supporters,,,,
OPTIONS PREGNANCY CENTER OF WESTERN NEBRASKA,84-2549647,Options Pregnancy Center,2035 10th St,Gering,NE,69341,Heartbeat International,http://opcnebraska.org/ Yes,,https://www.facebook.com/optionspregnancycenterofwesternnebraska/,,,,,https://partner.opcnebraska.extend.website/overview/who-we-are,
COLLAGE CENTER - GRAND ISLAND,36-3756851,Collage Center,822 North Diers Ave,Grand Island,NE,68803,Heartbeat International,http://collagecenter.com/ No,,https://www.facebook.com/hCttopllsa:g//etwCitetenrte.crom/CollageCenter,,https://www.instagram.com/collage_center/,,,,
WELLSPRING PREGNANCY & HEALTH CENTER,47-0728954,Answers And Alternatives Pregnancy Resource Center Inc,747 N Burlington Ave,Hastings,NE,68901,Heartbeat International,http://wellspringhastings.com/ No,,https://www.facebook.com/AaaPregnancyResourceCenterHastings/,,,,,,
COLLAGE CENTER - KEARNEY,36-3756851,Collage Center,"3000 2nd Ave, Suite #100",Kearney,NE,68847,Heartbeat International,http://collagecenter.com/ No,,https://www.facebook.com/hCttopllsa:g//etwCitetenrte.crom/CollageCenter,,https://www.instagram.com/collage_center/,,,,
BIRTHRIGHT OF LINCOLN,23-7176720,Birthright Incorporated,4770 Linden St,Lincoln,NE,68510,Birthright International,http://birthright.org/lincoln No,,https://www.facebook.com/profile.php?id=61556515282105,,,,,,
PREGNANCY CENTER,47-0662813,Pregnancy Center,111 Piazza Terrace,Lincoln,NE,68510,Care Net,http://pregnancycenterlincoln.org/ No,,https://www.facebook.com/hptrtepgsn:/a/tnwcitytecer.nctoemrli/nLcinoclno?lnfrCehf=otisce,,,,,https://pregnancycenterpartners.org/,
ABC PREGNANCY HELP CENTER,36-3496239,Abc Pregnancy Help Center,"110 W C St, McCook, NE",McCook,NE,69001,Heartbeat International,,,https://www.facebook.com/ABC-Pregnancy-Help-Center-McCook-NE-168427559834373/timeline/,,,,,,
BIRTHRIGHT OF NORFOLK,47-0603505,Birthright of Norfolk,"301 N 4th St, Suite 260",Norfolk,NE,68701,Birthright International,http://birthright.org/norfolkne No,,,,,,,,
WOMEN'S RESOURCE CENTER,47-0699423,Birthline,209 McNeel Lane,North Platte,NE,69101,Care Net,http://www.pregnancynorthplatte.com/ No,,https://www.facebook.com/p/Womens-Resource-Center-North-Platte-100h0tt6p4s:2//4w4w48w7.i0n6s4ta/gram.com/wrc_np_ne/,,,,,,
PATHWAYS PREGNANCY & RESOURCE CENTER,20-0378766,Pathways Pregnancy Center of Ogallala,118 E B St,Ogallala,NE,69153,Heartbeat International,https://pathwaysogallala.com/ Yes,,,,,,,,
ESSENTIAL PREGNANCY SERVICES - MAPLE VILLAGE,23-7300162,Eps Essential Pregnancy Services,3029 North 93rd St,Omaha,NE,68134,Heartbeat International,http://www.essentialps.org/index.php Yes,,,,,,,,
ASSURE WOMEN'S CENTER - WEST,47-0700371,Assure Women's Center,"14225 Dayton Circle, Suite 2",Omaha,NE,68137,Heartbeat International,https://assureomaha.com/ No,,https://www.facebook.com/AssureWomensCenter/,,,,,,
BETHANY CHRISTIAN SERVICES - OMAHA,,,7905 L St Ste 320,Omaha,NE,68137,Heartbeat International,https://www.bethany.org/omaha No,,,,,,,,
ASSURE WOMEN'S CENTER - NORTH,47-0700371,Assure Women's Center,6510 Sorensen Pkwy,Omaha,NE,68152,Heartbeat International,https://assureomaha.com/ No,,https://www.facebook.com/AssureWomensCenter/,,,,,,
HOPE PREGNANCY CENTER,43-2108575,Hope Pregnancy Center Inc,1109 Washington St,Superior,NE,68978,,http://www.superiorhope.org/ No,,https://www.facebook.com/HPCFamilyResourceServices/,,,,,,
YORK CRISIS PREGNANCY CENTER,47-0800136,York Crisis Pregnancy Center,618 Lincoln Ave,York,NE,68467,,http://www.yorkcpc.com/ No,,https://www.facebook.com/yorkpregnancyandfamilysupport/,,,,,,
LIFE CHOICES COMMUNITY PREGNANCY CLINIC - CARSON,94-2921836,Community Pregnancy Center Of Carson City,"1201 North Stewart St, Suite 110",Carson City,NV,89706,Care Net,https://lifechoicescarson.com/ No,,https://www.facebook.com/LifeChoicesCommunityPregnancyClinic/,,https://www.instagram.com/lifechoicescc/,,,,
"CARE NET PREGNANCY CARE CENTER OF CHURCHILL COUNTY, INC.",88-0276513,Care Net Pregnancy Care Center of Churchill County Inc.,75 North Ada St,Fallon,NV,89406,"Care Net, Heartbeat International",https://www.carenetpcc.org/ Yes,,,,,,,,
ALLYFE PREGNANCY CLINIC,94-2944732,Womens Resource Medical Centers Of Southern Nevada Inc,"1701 West Charleston Blvd, Suite 130",Las Vegas,NV,89102,Care Net,https://allyfe.org/ No,,https://www.facebook.com/FreePregTest/,,https://www.instagram.com/freepregtehsttt/ps://savealifeclub.com/,,,,
FIRST CHOICE PREGNANCY SERVICES,16-1706155,A Better Choice Pregnancy Services,860 East Sahara Ave,Las Vegas,NV,89104,Heartbeat International,https://firstchoicelv.com/ Yes,,https://www.facebook.com/hfcttppssf:r/i/etwnditstelvr./com/fcps_friends,,https://www.instagram.com/fcps_friendhstt/ps://fcpschampions.org/donate/,,,,
FIRST CHOICE PREGNANCY CENTER,31-1676315,First Choice Pregnancy Center,2240 East Calvada Blvd,Pahrump,NV,89060,Care Net,https://pregnancypahrump.com/ No,,,,,,,,
REAL CHOICES WOMEN'S CENTER,94-2919954,Pregnancy Counseling Center Inc,853 Haskell St,Reno,NV,89509,Care Net,https://www.realchoicesnv.org/ Yes,,https://www.facebook.com/RCWCMidtown,,https://www.instagram.com/rcwomenscenter/,,,,
LIFE CHOICES COMMUNITY PREGNANCY CLINIC - YERINGTON,94-2921836,Community Pregnancy Center Of Carson City,214 North Main St,Yerington,NV,89447,Care Net,https://lifechoicescarson.com/ No,,,,,,,,
LIGHTHOUSE PREGNANCY CRISIS CENTER,02-0452900,Lighthouse Pregnancy Crisis Center,40 Hidden Springs Rd,Alton,NH,03809,St. Katharine Drexel Parish,https://www.stkdrexel.org/lighthouse,,,,,,,,
BIRTHRIGHT OF MANCHESTER,23-7219486,Birthright of Manchester Inc.,448 Donald St,Bedford,NH,03110,Birthright International,https://birthright.org/manchester No,,https://www.facebook.com/people/Birthright-of-Manchester/100064857544238/?paipv=0&eav=AfZPvI7rN_ghw4WY_ImN3maUr_1zDez2fZZJA3XKDhf1iD6mq_8mVUbkMchpX-rRuEc&_Roadr,,,,,,
PREGNANCY CENTER OF THE UPPER VALLEY - CLAREMONT,22-2811483,Dayspring Pregnancy Care Center,4 Second St,Claremont,NH,03743,,https://pc-uv.com/ No,,https://www.facebook.com/pregnancycenteruv,,,,,,
CARE WOMEN'S CENTER OF CONCORD,02-0393952,Care Net Pregnancy Center Of Greater Concord,13 West St,Concord,NH,03301,Care Net,https://www.carewomenscenter.com/ Yes,,https://www.facebook.com/carewomenscenter,,https://www.instagram.com/carewomenscenter/,,,,
BIRTHRIGHT OF DERRY,22-2757349,Birthright of Southern New Hampshire,"37 Crystal Ave, Unit #10",Derry,NH,03038,Birthright International,http://birthright.org/derry No,,,,,,,,
SEACOAST BIRTHRIGHT,02-0343286,Seacoast Birthright,278 Washington St,Dover,NH,03820,Birthright International,https://birthright.org/seacoast/ No,,https://www.facebook.com/theseacoastbirthright/,,https://www.instagram.com/seacoastbirthrightnh/,,,,
PREGNANCY RESOURCE CENTER OF THE MONADNOCK REGION,02-0434898,Pregnancy Resource Center of the Monadnock Region,100 Washington St,Keene,NH,03431,"Care Net, NIFLA, Heartbeat International",http://www.pregnancyresourcekeene.org/ Yes,,,,https://www.instagram.com/prc_keene,,,,
ASPIRE WOMEN'S CENTER,22-2571173,Lakes Region Pregnancy Care Center Inc,506 Union Ave,Laconia,NH,03246,Heartbeat International,http://aspirelaconia.org/ Yes,,https://www.facebook.com/aspirewomenscenter,,https://www.instagram.com/aspirelaconia,,,,
PATHWAYS PREGNANCY CARE CENTER,02-0493872,Pathways Pregnancy Care Center,70 Redington St,Littleton,NH,03561,,http://www.pathwayscarecenter.org/ No,,https://www.facebook.com/profile.php?id=61552205943217,,,,,,
REAL OPTIONS MANCHESTER,02-0389031,Care Net Pregnancy Ctr Of M&N,"340 Granite St, Unit 202",Manchester,NH,03102,Real Options,https://www.realoptionsnh.org/ Yes,,https://www.facebook.com/realoptionsmanchester,,https://www.instagram.com/realoptions_nh,,,,
PENNACOOK PREGNANCY CENTER,46-2631077,Pennacook Pregnancy Center,657B Chestnut St,Manchester,NH,03104,Heartbeat International,https://www.pennacookpregnancy.org/ No,,https://www.facebook.com/nhpregnancyhelp/,,,,,,
REAL OPTIONS NASHUA,02-0389031,Care Net Pregnancy Ctr Of M&N,"30 Temple St, Suite 315",Nashua,NH,03060,Real Options,https://www.realoptionsnh.org/ Yes,,https://www.facebook.com/realoptionsmanchester,,https://www.instagram.com/realoptions_nh,,,,
HAVEN PREGNANCY SERVICES,02-0435656,Care Net Pregnancy Center Of The White Mountains,"12 Yeaton Road, Suite C1",Plymouth,NH,03264,Care Net,https://www.havenpregnancyservices.com/ Yes,,https://www.facebook.com/havenpregnancyservices,,https://www.instagram.com/havenpreghnttapnsc:/y/wsewrvwic.ferise/ndsofhavenpregnancyservices.com/,,,,
OPTIONS FOR WOMEN,02-0391160,Options For Women A Pregnancy Help Center,"120 Washington St, Suite LL01",Rochester,NH,03839,Heartbeat International,optionsnh.org Yes,,https://www.facebook.com/optionsnh/,,https://www.instagram.com/options_nh/,,,,
PREGNANCY CENTER OF THE UPPER VALLEY - WEST LEBANON,22-2811483,Dayspring Pregnancy Care Center,One Main St,West Lebanon,NH,03784,,https://pc-uv.com/ No,,https://www.facebook.com/pregnancycenteruv,,,,,,
1ST WAY LIFE CENTER OF BURLINGTON,52-1052094,National Life Center Inc,500 High St,Burlington,NJ,08016,"The National Life Center, Inc.",http://www.1stwaylifecenter.com/ No,,,,,,,,
OPTIONS FOR HER- CHERRY HILL,22-2624026,Pregnancy Care Center Inc,329 Marlton Pike West,Cherry Hill,NJ,08034,,https://optionsforher.org/ Yes,,https://www.facebook.com/hotptptiso:n//stwfoirttweor.mcoemnc/Oheprthriotytnhpsisllf:o//rwWwowm.yeonutube.com/user/OptionsforWomenNJ,,,,,,Options for Women
1ST WAY LIFE CENTER OF COLLINGSWOOD,52-1052094,National Life Center Inc,527 Richey Ave,Collingswood,NJ,08107,"The National Life Center, Inc.",http://www.1stwaylifecenter.com/ No,,,,,,,,
CRISIS PREGNANCY SERVICES,84-1980232,Crisis Pregnancy Services Inc,1307 White Horse Pike,Egg Harbor City,NJ,08215,Heartbeat International,https://crisispregnancyservices.com/ No,,https://www.facebook.com/CrisisPregnancyService,,,,,,
GATEWAY PREGNANCY CENTER,22-3027500,Gateway Pregnancy Center Inc,"65 Jefferson Ave, 4th Floor",Elizabeth,NJ,07201,Heartbeat International,https://gateway.org/ No,,https://www.facebook.com/hgtatptesw://atwypitrteegr.ncaonmc/yCceenntteerrsGateway,,https://www.instagram.com/gatewayprhetgtpnsa:/n/gcyacteewntaeyr./org/friends_of_gateway/,,,,
OUR GIFT OF HOPE SONOGRAM CENTER,22-2368937,Several Sources Shelters Inc,"15 Engle St, Suite 200",Englewood,NJ,07631,Several Sources Foundation,https://www.severalsources.org/our-gift-of-hope-sonogram-Ncoenter/,,https://www.facebook.com/hstetpvse:r/a/tlwsoitutercr.ecsosmh/esletevresr/a?lrseof=urbcre_srs,,https://www.instagram.com/severalsources/,,,,
BETHANY CHRISTIAN SERVICES - FAIR LAWN,22-2767728,Bethany Christian Services New Jersey,12-19 River Rd,Fair Lawn,NJ,07410,Bethany Christian Services,https://bethany.org/locations/us/nj/fair-lawn No,,,,,,,,
FRIENDSHIP CENTER FOR NEW BEGINNINGS,22-2492357,Friendship Center For New Beginnings Inc,162 Main St,Flemington,NJ,08822,Heartbeat International,https://www.friendship-center.org/ Yes,,https://www.facebook.com/p/Friendship-Center-for-New-Beginnings-100080672766844/?paipv=0&eav=AfaKQYTq-p8T2KNaNtNGsRkOBPvmP7umr60ClqNfaz5hpISvql57oxal2kiJQMNyjGY&_Roadr,,,,,,
SOLUTIONS PREGNANCY & HEALTH CENTER - FREEHOLD,22-2599385,Solutions Health And Pregnancy Center Inc,58 West Main St,Freehold,NJ,07728,Care Net,http://solutionsphc.com/ No,,https://www.facebook.com/SolutionsHPC/,,https://www.instagram.com/solutionshpc/,,,,
BIRTHRIGHT OF FREEHOLD,23-7452924,Freehold Birthright Inc,"41 East Main St, Suite 2",Freehold,NJ,07728,Birthright International,https://birthright.org/freehold No,,https://www.facebook.com/birthright.freehold/,,,,,,
LIGHTHOUSE PREGNANCY RESOURCE CENTER - HACKENSACK,22-2589831,Lighthouse Pregnancy Resource Center Inc,809 Main St,Hackensack,NJ,07601,Heartbeat International,http://lighthouseprc.org/ No,,https://www.facebook.com/profile.php?id=100076128756726,,https://www.instagram.com/lighthouse.prc/?hl=en,,,,
CARE NET PREGNANCY RESOURCES OF WARREN COUNTY,22-2712268,Care Net Pregnancy Resources Of Warren County Inc,"108 Bilby Road, Suite 307",Hackettstown,NJ,07840,Care Net,http://options4women.com/ Yes,,https://www.facebook.com/Care,NetPregnancyResources/,,,,https://friendsofCare Netwarrenco.com/#,
LIGHTHOUSE PREGNANCY RESOURCE CENTER - HAWTHORNE,22-2589831,Lighthouse Pregnancy Resource Center Inc,297 Lafayette Ave,Hawthorne,NJ,07506,Heartbeat International,http://www.lighthouseprc.org/ No,,,,,,,,
FIRST CHOICE WOMEN'S RESOURCE CENTERS - JERSEY CITY,22-2560940,First Choice Women's Resource Centers Inc,10 Paterson St,Jersey City,NJ,07307,Care Net,http://www.1stchoice.org/ Yes,,https://www.facebook.com/FirstChoiceWRC/,,https://www.instagram.com/firstchoicewrc/,,,,
MYCHOICEONE PREGNANCY + SEXUAL HEALTH RESOURCE CENTERS - LAWRENCEVILLE,22-2408766,Choiceone Pregnancy & Sexual Health Resource Centers Inc,1764 Brunswick Ave,Lawrenceville,NJ,08648,Care Net,https://www.mychoiceone.org/contact-5 No,,https://www.facebook.com/mychoiceone/,,,,,https://www.mychoiceone.org/,
BIRTHRIGHT OF BERGEN COUNTY,52-1763421,Birthright of Bergen County Inc,19 West Pleasant Ave,Maywood,NJ,07607,Birthright International,https://birthright.org/bergencounty/ No,,https://www.facebook.com/BirthrightofBergenCounty/,,,,,,
CHOICES OPTIONS FOR WOMEN'S HEALTH,22-2672203,Life Choices Resource Center Inc,503 Main St,Metuchen,NJ,08840,Heartbeat International,http://www.choicesoptionsforwomen.com/ Yes,,https://www.facebook.com/choices.optionsforwomen,,,,,,
FIRST CHOICE WOMEN'S RESOURCE CENTERS - MONTCLAIR,22-2560940,First Choice Women's Resource Centers Inc,180 Bloomfield Ave,Montclair,NJ,07042,Care Net,http://www.1stchoice.org/ Yes,,https://www.facebook.com/FirstChoiceWRC/,,https://www.instagram.com/firstchoicewrc/,,,,
FIRST CHOICE WOMEN'S RESOURCE CENTERS - MORRISTOWN,22-2560940,First Choice Women's Resource Centers Inc,82 Speedwell Ave,Morristown,NJ,07960,Care Net,http://www.1stchoice.org/ Yes,,https://www.facebook.com/FirstChoiceWRC/,,https://www.instagram.com/firstchoicewrc/,,,,
FIRST CHOICE WOMEN'S RESOURCE CENTERS - NEW BRUNSWICK,222560940,First Choice Women's Resource Centers Inc,116 New St,New Brunswick,NJ,08901,Care Net,http://www.1stchoice.org/ Yes,,https://www.facebook.com/FirstChoiceWRC/,,https://www.instagram.com/firstchoicewrc/,,,,
FIRST CHOICE WOMEN'S RESOURCE CENTERS - NEWARK,22-2560940,First Choice Women's Resource Centers Inc,35 Halsey St,Newark,NJ,07102,Care Net,http://www.1stchoice.org/ Yes,,https://www.facebook.com/FirstChoiceWRC/,,https://www.instagram.com/firstchoicewrc/,,,,
TODAY'S CHOICE WOMEN'S CENTER,22-2815391,Helping Hand Preganancy Center Of Sussex County Inc,49 High St,Newton,NJ,07860,Heartbeat International,http://www.todayschoice.org/ Yes,,https://www.facebook.com/todayschoicewomenscenter,,https://www.instagram.com/todayschohicttepws:o//mwewnws.cmenyetegri/ving.com/App/Form/60ca6b4d-8a70-4c11-862f-346c99e4a1c8,,,,
OPTIONS FOR HER - OCEAN CITY,22-2624026,Pregnancy Care Center Inc,321 West Ave,Ocean City,NJ,08226,Care Net,https://optionsforher.org/ Yes,,https://www.facebook.com/hhtotppse:p//ctwnji/tter.com/HopePregnancyNJ,,,,,,HOPE PREGNANCY CENTER - OCEAN CITY
ABBA PREGNANCY CENTER,22-2633181,Abba Crisis Pregnancy Center Inc,257 West Broad St,Palmyra,NJ,08065,,www.abbapregnancy.com No,,,,,,,,
LIGHTHOUSE PREGNANCY RESOURCE CENTER - PATERSON,22-2589831,Lighthouse Pregnancy Resource Center Inc,75 Ellison St,Paterson,NJ,07505,Heartbeat International,http://lighthouseprc.org/ No,,https://www.facebook.com/profile.php?id=100076128756726,,https://www.instagram.com/lighthouse.prc/?hl=en,,,,
LIFE CHOICES,22-3703602,Life Choices Inc,411 South Main St,Phillipsburg,NJ,08865,Heartbeat International,http://www.lifechoicesonline.org/ No,,https://www.facebook.com/LifeChoicesPhillipsburg/,,https://www.instagram.com/grandmashouseforwomen/,,,,
PREGNANCY AID & INFORMATION CENTER,22-2539714,Pregnancy Aid And Information Center Inc,59 Thompson St,Raritan,NJ,08869,,https://pregnancyaidcenter.wixsite.com/raritan No,,https://www.facebook.com/PACRaritan,,,,,,
BIRTHRIGHT OF RED BANK,22-2378925,Birthright Greater Red Bank Area,294 Broad St,Red Bank,NJ,07701,Birthright International,https://birthright.org/redbank No,,https://www.facebook.com/birthright.redbank/,,,,,,
CORNERSTONE WOMEN'S RESOURCE CENTERS,22-2674655,Crisis Pregnancy Center Of South Jersey Inc,567 Salem-Quinton Rd,Salem,NJ,08079,Heartbeat International,http://www.cornerstonewrc.org/ Yes,,https://facebook.com/Cornerstone.S.Jersey,,https://instagram.com/p/BXN1_Hwgj8Xht/tps://pathtolifepartners.org/,,,,
SOLUTIONS PREGNANCY & HEALTH CENTER- SHREWSBURY,22-2599385,Solutions Health And Pregnancy Center Inc,837 Broad St,Shrewsbury,NJ,07702,Care Net,http://solutionsphc.com/ No,,https://www.facebook.com/SolutionsHPC/,,https://www.instagram.com/solutionshpc/,,,,
BIRTHRIGHT OF TOMS RIVER,23-7435185,Birthright of Ocean County,59 Hooper Ave,Toms River,NJ,08753,Birthright International,https://birthright.org/tomsriver No,,,,,,,,
THE OPEN DOOR PREGNANCY CENTER,22-2563190,Open Door Pregnancy Center,533 Lakehurst Rd,Toms River,NJ,08755,Care Net,http://www.theopendoor.com/ No,,https://www.facebook.com/TheOpenDoorPregnancyCenter/,,,,,https://www.opendoorfriends.org/newhome,
OPTIONS FOR HER- TRENTON,22-2624026,Pregnancy Care Center Inc,945 West State St,Trenton,NJ,08618,,https://optionsforher.org/ Yes,,,,,,,,
TRUE WOMEN'S CENTER,22-3435920,Haven Crisis Pregnancy Center Inc,133 Ganttown Rd,Turnersville,NJ,08012,Heartbeat International,https://truewomenscenter.com/ No,,https://www.facebook.com/hcthtposic:/e/tswhiettaerrt.com/ChoicesNJ,,https://www.instagram.com/choicesheart/,,,,
LIFE CHOICES MEDICAL,22-3703602,Life Choices Inc,115 East Washington Ave,Washington,NJ,07882,Heartbeat International,http://www.lifechoicesmedical.org/ No,,,,,,,,
LIGHTHOUSE PREGNANCY RESOURCE CENTER - WAYNE,22-2589831,Lighthouse Pregnancy Resource Center Inc,"2025 Hamburg Pike, Suite L",Wayne,NJ,07470,Heartbeat International,http://www.lighthouseprc.org/ No,,https://www.facebook.com/profile.php?id=100076128756726,,https://www.instagram.com/lighthouse.prc/?hl=en,,,,
NEW HOPE PREGNANCY RESOURCE CENTER,22-2688243,New Hope Inc,149 3rd Ave,Westwood,NJ,07675,,http://www.newhopeprc.org/ No,,https://www.facebook.com/NewHopePRC/,,https://www.instagram.com/newhope149/?hl=en,,,,
1ST WAY LIFE CENTER OF GLOUCESTER COUNTY,52-1052094,National Life Center Inc,686 North Broad St,Woodbury,NJ,08096,"The National Life Center, Inc.",http://www.1stwaylifecenter.com/ No,,https://www.facebook.com/h1tstptws:a//ytwwoittoedrb.cuormy/1stwaylife,,,,,,
PREGNANCY RESOURCES PLUS,45-3638529,Southern New Mexico Outreach,108 Cottonwood Dr,Alamogordo,NM,88310,,https://www.prpalamo.org/ No,,https://www.facebook.com/people/Pregnancy-Resources-Plus-AlamogoRoado/100077644115532/,,,,,,
BIRTHRIGHT OF ALBUQUERQUE,85-0216532,Birthright of Albuquerque Inc,3228 Candelaria Rd NE,Albuquerque,NM,87107,Birthright International,https://birthright.org/albuquerque No,,,,,,,,
LA LUZ WOMEN'S CENTER- ALBUQUERQUE,41-2199203,Project Defending Life,729 San Mateo Blvd NE,Albuquerque,NM,87108,Heartbeat International,https://www.laluzwc.org/ No,,https://www.facebook.com/pregnantabq,,https://www.instagram.com/wpoabq/,,,,
CARE NET PREGNANCY CENTER OF ALBUQUERQUE - ALBUQUERQUE,85-0312055,Care Net Pregnancy Center Of Albuquerque,3701 Paseo del Norte Rd NEnSuite 100,Albuquerque,NM,87113,Care Net,https://carenetabq.com/ Yes,,https://www.facebook.com/Care,Netabq?sk=wallhttps://www.youtube.comht/tupsse:/r//wCwarwe.,,iNnsettangmram.com/Care,Netahbtqtp/s://Care,Netabq.com/donate/#mb-formbuilder-container,
OASIS WOMEN'S SERVICES,46-4318803,Pregnancy Help Center Of Artesia,610 West Quay Ave,Artesia,NM,88210,Heartbeat International,https://oasiswomensservices.com/ No,,,,,,,https://give.cornerstone.cc/pregnancyhelpcenterofartesia,
PREGNANCY RESOURCE CENTER EASTERN NEW MEXICO - CLOVIS,35-2311974,Life Choice Center,1427 Sutter Place,Clovis,NM,88101,Care Net,https://prcenm.com/ Yes,,https://www.facebook.com/PregnancyResourceCenterENM,,https://www.instagram.com/prcenm/,,,,
CARE NET PREGNANCY CENTER OF ALBUQUERQUE - EDGEWOOD,85-0312055,Care Net Pregnancy Center of Albuquerque,7 Pioneer Park Rd,Edgewood,NM,87015,Care Net,https://carenetabq.com/ Yes,,https://www.facebook.com/Care,Netabq?sk=wallhttps://www.youtube.comht/tupsse:/r//wCwarwe.,,iNnsettangmram.com/Care,Netabq/,,
BIRTHRIGHT OF FARMINGTON,51-0190919,Birthright Of San Juan County Inc,609 North Butler Ave,Farmington,NM,87401,Birthright International,https://birthright.org/farmington/ No,,https://www.facebook.com/p/Birthright-of-Farmington-100063911901233/,,,,,,
GRACE PLACE FAMILY HEALTH CENTER,85-0373304,Grace Place For Women Inc,"4801 North Butler Ave, Suite 3102",Farmington,NM,87401,Care Net,https://graceplacecenter.org/ Yes,,https://www.facebook.com/graceplacecenter/,,https://www.instagram.com/graceplacepc/,,,,
LA LUZ WOMEN'S CENTER- GALLUP,41-2199203,Project Defending Life,911 US-491,Gallup,NM,87301,Heartbeat International,https://www.laluzwc.org/ No,,https://www.facebook.com/pregnantabq,,https://www.instagram.com/wpoabq/,,,,
LEGACY PREGNANCY RESOURCE CENTER,45-4737631,Legacy Pregnancy Resource Center Inc,301 East Clinton St,Hobbs,NM,88240,Heartbeat International,http://www.legacyprc.com/ Yes,,https://www.facebook.com/legacypregnancycenter/,,,,,https://www.legacyoflifehobbs.com/,
CARE NET PREGNANCY CENTER OF LAS CRUCES,85-0401589,Mesilla Valley Pregnancy Resource Center Crisis Pregnancy Center Inc — Care Net,605 South Solano Dr,Las Cruces,NM,88001,Care Net,https://www.carenetlascruces.com/ No,,http://facebook.com/carenetlascruces,,,,,,
TURNING POINT OF LAS CRUCES,27-0597544,Turning Point of Las Cruces Inc,"3201 South Main St, Suite C",Las Cruces,NM,88005,Heartbeat International,https://pregnancylascruces.com/ No,,https://www.facebook.com/turningpointlc,,https://www.instagram.com/turningpointoflc/,,,,
CARE NET OF LAS VEGAS NEW MEXICO,36-4577987,Care Net of Las Vegas NM,1617 7th St,Las Vegas,NM,87701,Care Net,https://carenetlasvegas.org/ No,,https://www.facebook.com/p/Care-Net-of-LVNM-100046839532583/,,,,,,
HOPE PREGNANCY CENTER,85-0423290,Hope Pregnancy Center,1650 Trinity Dr Suite 107,Los Alamos,NM,87544,Care Net,http://www.hpcla.org/ No,,https://www.facebook.com/hhtptpcsla:///x.com/LosAlamosHOPE,,https://www.instagram.com/losalamoshope,,,,
CARE NET PREGNANCY CENTER OF ALBUQUERQUE - LOS LUNAS,85-0312055,Care Net Pregnancy Center of Albuquerque,"601 Main St SE, Suite 26",Los Lunas,NM,87031,Care Net,https://carenetabq.com/ Yes,,https://www.facebook.com/Care,Netabq?sk=wall,,,,,
PREGNANCY RESOURCE CENTER EASTERN NEW MEXICO - PORTALES,35-2311974,Life Choice Center,"1412 South Ave O, Suite A",Portales,NM,88130,Care Net,https://prcenm.com/ Yes,,https://www.facebook.com/PregnancyResourceCenterENM,,https://www.instagram.com/prcenm/,,,,
LA LUZ WOMEN'S CENTER- RIO RANCHO,41-2199203,Project Defending Life,2704 Southern Blvd SE,Rio Rancho,NM,87124,Heartbeat International,https://www.laluzwc.org/ No,,https://www.facebook.com/pregnantabq,,https://www.instagram.com/wpoabq/,,,,
CARE NET PREGNANCY CENTER OF ALBUQUERQUE - RIO RANCHO,85-0312055,Care Net Pregnancy Center of Albuquerque,2451 Monterrey Rd NE,Rio Rancho,NM,87144,Care Net,https://carenetabq.com/ Yes,,https://www.facebook.com/Care,Netabq?sk=wallhttps://www.youtube.comht/tupsse:/r//wCwarwe.,,iNnsettangmram.com/Care,Netabq/,,
CHAVES COUNTY PREGNANCY RESOURCE CENTER,,,2003 S Main St,Roswell,NM,88203,,,,https://www.facebook.com/PRCchaves/,,,,,,
LIFE-WAY OF LINCOLN COUNTY,46-5262490,Life Way of Lincoln County,270A Country Club Dr,Ruidoso,NM,88345,,http://ruidosopregnancy.com/ No,,https://www.facebook.com/ruidosopregnancy,,https://www.instagram.com/ruidosopregnancy/,,,,
LA LUZ WOMEN'S CENTER- SANTA FE,41-2199203,Project Defending Life,511 Alicia St,Santa Fe,NM,87505,Heartbeat International,https://www.laluzwc.org/ No,,https://www.facebook.com/pregnantabq,,https://www.instagram.com/wpoabq/,,,,
DESERT ROSE WOMEN'S RESOURCE CENTER,20-4172018,Desert Rose Womens Resource Center,4001 Office Court Dr Suite 705,Santa Fe,NM,87507,Care Net,https://desertrosewrc.com/ Yes,,https://www.facebook.com/hptetposp:l/e/t/wDiettseer.rct-oRmo/sPer-eWgnoamnecnysS-FR?elsaonugr=ceen-Cenhtettrp/1s0:/0/w0w83w1.6in6s3ta7g0r5a2m8./com/desertrosehwttopms:/e/dnesrseesrotruorsceefcrieenntde.rc/om/,,,,,,
NEW LIFE PREGNANCY CENTER,86-1159311,New Life Pregnancy Center,"210 Bendix Dr, Suite 4",Taos,NM,87571,Heartbeat International,http://www.pregnancytaos.com/ Yes,,,,,,,https://newlifetaos.com/,
OPEN ARMS PREGNANCY CENTER,47-1054137,Open Arms Pregnancy Center,518 North Date,Truth Or Consequences,NM,87901,Heartbeat International,http://www.openarmspcnm.com/ No,,https://www.facebook.com/openarmspcNM/,,,,,,
ALPHA PREGNANCY CARE CENTER - ALBANY,14-1703551,Alpha Pregnancy Care Center Inc,518 Clinton Ave,Albany,NY,12206,Heartbeat International,http://alphacare.org/ No,,https://www.facebook.com/alphacarecenters,https://www.youtube.comht/tcphsa:/n/wnewl/wU.CinvsLtarKgrDa7m4.Gco_mR/1aKlp8hpaZcCa1revcBe_nmteArs/,,,,,
CARE NET CENTER OF GREATER ORLEANS,16-1353647,Care Net Center Of Greater Orleans,"168 South Main St, Suite 2",Albion,NY,14411,Care Net,https://www.carenetorleans.net/ No,,https://www.facebook.com/Care,Netorleans/,,,,,
PREGNANCY CARE CENTER,26-1597515,Pregnancy Care Center Of Cayuga County,75 Genesee St,Auburn,NY,13021,Heartbeat International,https://www.auburnpcc.com/ No,,https://www.facebook.com/auburnpcc,,https://www.instagram.com/pregnancy_care_center,,,,
BIRTHRIGHT OF THE CAPITAL DISTRICT,22-2511752,Birthright Inc Of Saratoga County,1490 Saratoga Rd,Ballston Spa,NY,12020,Birthright International,http://birthright.org/ballstonspa No,,https://www.facebook.com/birthrightcapitaldistrict/,,,,,,
ALL BABIES CHERISHED,16-1459107,All Babies Cherished Inc,445 Ellicott St,Batavia,NY,14020,Heartbeat International,https://www.allbabiescherished.com/ No,,https://www.facebook.com/All-Babies-Cherished-Pregnancy-Assistance-Center-Batavia-NY-14020-1207228432745119/,,,,,,
PRC OF THE VALLEYS - BATH,16-1509256,Pregnancy Resource Center Of The Valleys Inc,22 Liberty St,Bath,NY,14810,Care Net,https://be-prcv.org/ No,,https://www.facebook.com/prcotv/,,https://www.instagram.com/beprcv/,,,,
LIFE CHOICES CENTER,16-1498124,Life Choices Center Inc,93 Oak St,Binghamton,NY,13905,Care Net,https://lifechoicescenter.org/ No,,https://www.facebook.com/LifeChoicesCenter/,,https://www.instagram.com/lifechoicescenter/?hl=en,,,,
WILLOW NETWORK- BOONVILLE,16-1296752,Care Net Pregnancy Center Of Central New York,44 East Schuyler St,Boonville,NY,13309,Care Net,https://www.willownetwork.org/ Yes,,https://www.facebook.com/Care-Net-Pregnancy-Center-of-Central-New-hYtotprks-:2//0w5w5w9.6in9s2t5a1g3ra7m98.c8o9m/carenet_cny/?hl=en,,,,,,Willow Network
COMPASSCARE PREGNANCY SERVICES- BRONX,16-1157181,Crisis Pregnancy Services Inc,"930 Grand Concourse, Suite 1H",Bronx,NY,10451,Heartbeat International,https://www.compasscare.info/ Yes,,,,,,,,
FREE ABORTION ALTERNATIVES - BROOKLYN CLINIC,,,"44 Court St, Suite 915",Brooklyn,NY,11201,,http://freeabortionalternatives.com/ No,,,,,,,,
LIFE CENTER OF NEW YORK,11-2743816,Life Center Of New York Inc,6802 5th Ave,Brooklyn,NY,11220,,http://www.lifecenterofny.org/ No,,,,,,,,
COMPASSCARE PREGNANCY SERVICES- BROOKLYN,16-1157181,Crisis Pregnancy Services Inc,1957 Flatbush Ave,Brooklyn,NY,11234,Heartbeat International,https://www.compasscare.info/ Yes,,,,,,,,
ST. GIANNA MOLLA PREGNANCY OUTREACH CENTER- CHEEKTOWAGA,16-1517131,Foundation Of The Roman Catholic Diocese Of Buffalo N Y,76 Church St,Buffalo,NY,14202,Diocese of Buffalo,https://www.olvcharities.org/saintgianna No,,https://www.facebook.com/groups/144970707946/,,,,,,
COMPASSCARE PREGNANCY SERVICES- BUFFALO,46-2165959,Northtown Pregnancy Center Inc,1230 Eggert Rd,Buffalo,NY,14226,Heartbeat International,https://www.compasscare.info/ Yes,,,,,,,,
WILLOW NETWORK- CAMDEN,16-1296752,Care Net Pregnancy Center Of Central New York,20 Main St,Camden,NY,13316,Care Net,https://www.willownetwork.org/ Yes,,https://www.facebook.com/Care-Net-Pregnancy-Center-of-Central-New-hYtotprks-:2//0w5w5w9.6in9s2t5a1g3ra7m98.c8o9m/Care,,,,Net_cny/?hl=en,,
CARE NET PREGNANCY CENTER OF CANANDAIGUA,20-8275816,Care Net Pregnancy Center Ofcanandaigua Inc,"120 North Main St, Suite 28",Canandaigua,NY,14424,Care Net,https://www.carenetcan.org/ Yes,,https://www.facebook.com/Care,Netcan,https://www.instagram.com/care_net_can/,,,,
EMMANUEL HOUSE INTERNATIONAL,46-3425857,Emmanuel House International Inc,PO Box 478,Carmel,NY,10512,Heartbeat International,http://emmanuelhouseinternational.org/ No,,https://www.facebook.com/EmmanuelHouseNY/,,https://www.instagram.com/emmanuelhouseinternational/,,,,
SOUNDVIEW PREGNANCY SERVICES - CENTEREACH,11-3001793,The Care Center Inc,"1919 Middle Country Rd, Suite 100",Centereach,NY,11720,Heartbeat International,https://soundviewpregnancy.com/ Yes,,https://www.facebook.com/SoundviewPregnancyServices/,,https://www.instagram.com/soundview_pregnancy/,,,,
ST. GIANNA MOLLA PREGNANCY OUTREACH CENTER- BUFFALO,16-1517131,Foundation Of The Roman Catholic Diocese Of Buffalo N Y,921 Cleveland Dr,Cheektowaga,NY,14225,Diocese of Buffalo,https://www.olvcharities.org/saintgianna No,,,,,,,,
ALPHA PREGNANCY CARE CENTER - COHOES,14-1703551,Alpha Pregnancy Care Center Inc,159B Remsen St,Cohoes,NY,12047,Heartbeat International,http://alphacare.org/ No,,https://www.facebook.com/alphacarecenters,https://www.youtube.comht/tcphsa:/n/wnewl/wU.CinvsLtarKgrDa7m4.Gco_mR/1aKlp8hpaZcCa1revcBe_nmteArs/,,,,,
BRIDGE WOMEN'S SUPPORT CENTER,11-3100048,Bridge To Life Inc,14-02 124th St,College Point,NY,11356,Heartbeat International,https://www.bwscny.org/ Yes,,https://www.facebook.com/thebridgetolife,,https://www.instagram.com/thebridgetolife/,,,,
PRC OF THE VALLEYS - CORNING,16-1509256,Pregnancy Resource Center Of The Valleys Inc,"300 Nasser Civic Center Plaza, Suite 230",Corning,NY,14830,Care Net,https://be-prcv.org/ No,,https://www.facebook.com/prcotv/,,https://www.instagram.com/beprcv/,,,,
FINGER LAKES PREGNANCY CENTER- CORTLAND,16-1303705,Crisis Pregnancy Center of the Finger Lakes Inc- Ithaca Pregnancy Center,4 Church St,Cortland,NY,13045,Heartbeat International,https://fingerlakespc.com/ No,,https://www.facebook.com/cortlandpregnancycenter/,,https://www.instagram.com/ithacapregnancy/,,,,ITHACA OR CORTLAND PREGNANCY CENTER
WOMEN FIRST PREGNANCY OPTIONS- DEER PARK,11-2767098,Mother And Unborn Babycare Of Long Island Inc,1767 Deer Park Ave,Deer Park,NY,11729,Heartbeat International,https://womenfirstpregnancyoptions.org/ Yes,,https://www.facebook.com/womenfirstpregnancyoptions/,,,,,,THE LIFE CENTER OF LONG ISLAND INC
SOUNDVIEW PREGNANCY SERVICES - EAST MEADOW,11-3001793,The Care Center Inc,"1975 Hempstead Turnpike, Suite 304",East Meadow,NY,11554,Heartbeat International,https://soundviewpregnancy.com/ Yes,,https://www.facebook.com/SoundviewPregnancyServices/,,https://www.instagram.com/soundview_pregnancy/,,,,
MOSAIC OF THE SOUTHERN TIER- ELMIRA,16-1272179,Southern Tier Pregnancy Resource Center Inc,375 West Water St,Elmira,NY,14901,Care Net,https://www.mosaicsoutherntier.org/ Yes,,https://www.facebook.com/hStTtpPsR://CtwEiltmteirr.ac/o?mre/fS=ohulthernTierPRC,,https://www.instagram.com/Southern_tier_prc,,,,Southern Tier Crisis Pregnancy
MOSAIC OF THE SOUTHERN TIER - LIFE CENTER,16-1272179,Southern Tier Pregnancy Resource Center Inc,224 William St,Elmira,NY,14901,Care Net,https://www.mosaicsoutherntier.org/ Yes,,https://www.facebook.com/STPRCElmira/?ref=hl,,,,,,
BIRTHRIGHT OF BINGHAMTON,51-0172060,Birthright Of Binghamton Inc,609 East Main St,Endicott,NY,13760,Birthright International,https://birthright.org/binghamton No,,https://www.facebook.com/p/Birthright-of-Binghamton-Inc-100067205029129/,,,,,,
BORO PREGNANCY COUNSELING CENTER,11-3044576,Boro Pregnancy Counseling Center Inc,142-04 Bayside Avenue L1,Flushing,NY,11354,,http://www.bpcc.org/ No,,https://www.facebook.com/BoroPregnancyCounselingCenter/,,,,,,
ST. GIANNA MOLLA PREGNANCY OUTREACH CENTER- FREEDONIA,16-1517131,Foundation Of The Roman Catholic Diocese Of Buffalo N Y,32 Moore Ave,Fredonia,NY,14063,Diocese of Buffalo,https://www.olvcharities.org/saintgianna No,,,,,,,,
FAMILY RESOURCE CENTER OF OSWEGO COUNTY - FULTON,16-1271613,Family Resource Center Of Oswego County Inc,616 Oneida St,Fulton,NY,13069,,https://www.familyresourcecenter.life/ No,,https://www.facebook.com/hfrtctposfo:/s/twweitgteorc.cooumnt/yOswegoPregnancy,,,,,,
SOLUTIONS CENTER,20-1274640,Life Saver Ministries Inc,16 East Pine St,Gloversville,NY,12078,,http://www.lifesaverheartbeat.com/ No,,https://www.facebook.com/lifesaverssoulutions,,,,,,
"BIRTHRIGHT OF PECONIC, HAMPTON BAYS",11-3263728,Birthright Of The Peconic Inc,99 West Montauk Hwy,Hampton Bays,NY,11946,Birthright International,http://birthright.org/hamptonbays No,,https://www.facebook.com/birthrighthb/,,,,,,Birthright of Hampton Bays
WOMEN FIRST PREGNANCY OPTIONS- HEMPSTEAD,11-2767098,Mother And Unborn Babycare Of Long Island Inc,474 Fulton Ave,Hempstead,NY,11550,Heartbeat International,https://womenfirstpregnancyoptions.org/ Yes,,,,,,,,
ST. GIANNA MOLLA PREGNANCY OUTREACH CENTER- HOLLEY,16-1517131,Foundation Of The Roman Catholic Diocese Of Buffalo N Y,13 South Main St,Holley,NY,14470,Diocese of Buffalo,https://www.olvcharities.org/saintgianna No,,,,,,,,
PRC OF THE VALLEYS - HORNELL,16-1509256,Pregnancy Resource Center Of The Valleys Inc,282 Canisteo St,Hornell,NY,14843,Care Net,https://be-prcv.org/ No,,https://www.facebook.com/prcotv/,,https://www.instagram.com/beprcv/,,,,
ALIGHT CENTER,14-1742767,Alight Center Inc,199 Fairview Ave,Hudson,NY,12534,"Care Net, Heartbeat International",http://alightpc.org/ Yes,,https://www.facebook.com/AlightCenterInc,,https://www.instaghrtatpms.:c//owmw/wal.itgikhttopkre.cgonma/n@cyacliegnhtteprr/egnancycenter?_t=8iD3A7EXr1a&_r=1,,,,
WILLOW NETWORK - ILION,16-1296752,Care Net Pregnancy Center Of Central New York,12 West St,Ilion,NY,13357,Care Net,https://www.willownetwork.org/ Yes,,https://www.facebook.com/Care-Net-Pregnancy-Center-of-Central-New-hYtotprks-:2//0w5w5w9.6in9s2t5a1g3ra7m98.c8o9m/Care,,,,Net_cny/?hl=en,,
BIRTHRIGHT OF ISLIP,,,533 Main St,Islip,NY,11751,Birthright International,https://birthright.org/islip No,,,,,,,,
BIRTHRIGHT OF ITHACA,16-1187773,Birthright Of Ithaca Inc,"223 Elmira Rd, Suite 1",Ithaca,NY,14850,Birthright International,https://birthright.org/ithaca No,,https://www.facebook.com/profile.php?id=100069339532157,,,,,,
FINGER LAKES PREGNANCY CENTER- ITHACA,16-1303705,Crisis Pregnancy Center of the Finger Lakes Inc- Ithaca Pregnancy Center,210 West Green St,Ithaca,NY,14850,Heartbeat International,https://fingerlakespc.com/ No,,https://www.facebook.com/ithacapregnancycenter/,,https://www.instagram.com/ithacapregnancy/,,,,
NEW BEGINNINGS CENTER OF HOPE,26-3504865,New Beginnings Center of Hope Inc.,"90-26 161 St, 2nd Floor",Jamaica,NY,11432,,https://www.mychoicenyc.org/ No,,https://www.facebook.com/NewBeginningsCOH/,,https://www.instagram.com/newbeginningscoh/,,,,
OPTIONS CARE CENTER,22-2757361,Choose Life Of Jamestown Inc,560 West 3rd St,Jamestown,NY,14701,Heartbeat International,https://optionscarecenter.com/ Yes,,https://www.facebook.com/p/Choose-Life-of-Jamestown-1000647853383h7tt9p/s?:/p/waiwpvw=.0in&setaagvr=aAmfZ.cvormu4/oiVpBtio_nZsLcXaqrzesceepnLte-wr/wrGhtHoUSMugeyyj9B-LolJ34BeOopYtizoAnSs,,,,,,0CWagre7 cCt9emnt_e4r2n0&_Roadr
THE BRAVO CENTER OF ULSTER COUNTY,14-1678883,Pregnancy Support Center Of Ulster County,432 Albany Ave.,Kingston,NY,12401,Care Net,http://www.pscuc.org/ No,,https://www.facebook.com/pscuc1/,,,,,,
ST. GIANNA MOLLA PREGNANCY OUTREACH CENTER- LACKAWANNA,16-1517131,Foundation Of The Roman Catholic Diocese Of Buffalo N Y,780 Ridge Rd,Lackawanna,NY,14218,Diocese of Buffalo,https://www.olvcharities.org/saintgianna No,,,,,,,,
BETHANY CHRISTIAN SERVICES - ALBANY,31-1351395,Bethany Christian Services of New York,"410 Troy-Schenectady Rd, Suite 202",Latham,NY,12110,Bethany Christain Services,https://bethany.org/locations/us/new-york/albany No,,,,,,,,
SULLIVAN COUNTY PREGNANCY SUPPORT CENTER,56-2327153,Sullivan County Pregnancy Support Center Inc,PO Box 832,Liberty,NY,12754,Care Net,http://www.sullivancountypregnancysupportcenter.org/ No,,https://www.facebook.com/sullivancountypregnancysupportcenter.org/,,,,,,
HAVEN OF HOPE PREGNANCY SERVICES,16-1254009,Lockport Crisis Pregnancy Center Inc,6713 Lincoln Ave,Lockport,NY,14094,Care Net,https://havenofhopelockport.com/ No,,https://www.facebook.com/profile.php?id=100080176510262,,,,,https://www.friendsofhavenofhope.com/,
CARE NET PREGNANCY CENTER OF NORTHERN NEW YORK - LOWVILLE,20-5825725,Care Net Pregnancy Center Ofnorthern New York,7636 North State St,Lowville,NY,13667,Care Net,https://carenetnny.com/ No,,https://www.facebook.com/carenetnnylowville/,,,,,,
WOMEN FIRST PREGNANCY OPTIONS- MASSAPEQUA,11-2767098,Mother And Unborn Babycare Of Long Island Inc,35 East Willow St,Massapequa,NY,11758,Heartbeat International,https://womenfirstpregnancyoptions.org/ Yes,,,,,,,,
MYCHOICE PREGNANCY CARE CENTER - MIDDLETOWN,20-5690977,Care Net Pregnancy Center Of Orangeinc,18 Grove St,Middletown,NY,10940,Care Net,http://mychoicepcc.com/ Yes,,https://www.facebook.com/hmttypcsh:/o/tiwceitptecrc.com/mychoicepcc,,,,,,
1ST WAY LIFE CENTER,27-1635024,1 St Way Life Center,"481 Broadway, Suite 3",Monticello,NY,12701,"The National Life Center, Inc.",http://www.1stwaylifecenter.org/ Yes,,https://www.facebook.com/1stwaylifecentermonticellony/,,,,,,
PRC OF THE VALLEYS - MOUNT MORRIS,16-1509256,Pregnancy Resource Center Of The Valleys Inc,118 Main St,Mount Morris,NY,14510,Care Net,https://be-prcv.org/ No,,https://www.facebook.com/prcotv/,,https://www.instagram.com/beprcv/,,,,
BIRTHRIGHT OF NANUET,13-2873394,Birthright Of Rockland County Inc,257 South Middletown Rd,Nanuet,NY,10954,Birthright International,https://birthright.org/nanuet/ No,,https://www.facebook.com/p/Birthright-of-Rockland-County-100069011872928/,,,,,,
MYCHOICE PREGNANCY CARE CENTER - NEW WINDSOR,20-5690977,Care Net Pregnancy Center Of Orangeinc,388 Blooming Grove Turnpike,New Windsor,NY,12583,Care Net,http://mychoicepcc.com/ Yes,,https://www.facebook.com/hmttypcsh:/o/tiwceitptecrc.com/mychoicepcc,,,,,,Care Net Pregnancy Center of Orange
PREGNANCY HELP NYC,13-3753907,Pregnancy Help Inc,229 West 14th St,New York,NY,10011,Heartbeat International,http://www.pregnancyhelpnyc.org/ Yes,,https://www.facebook.com/PregnancyHelpNYC/,,,,,,
VIS CENTER OF NEW YORK,06-1579167,Sisters of Life,7 State St,New York,NY,10021,Sisters of Life,http://www.visitationcenterus.org/ No,,,,,,,,
AVAIL NYC,13-3771206,Avail NYC,"115 West 45th St, 4th Floor",New York,NY,10036,,http://www.availnyc.org/ No,,https://www.facebook.com/availnyc,https://www.youtube.comht/t@psa:/v/awiwl_wny.icnstaghrtatpms.:c//owmw/wav.taikilt_onky.cco/m/@availnyc,,,,,
CARE NET PREGNANCY CENTER OF WAYNE COUNTY - MAIN,16-1321323,Study The Options Please Inc,1141 East Union St,Newark,NY,14513,Care Net,https://carenetofwaynecounty.com/ Yes,,https://www.facebook.com/Care,Netwaynecounty/,,,,,
ST. GIANNA MOLLA PREGNANCY OUTREACH CENTER- NIAGARA FALLS,16-1517131,Foundation Of The Roman Catholic Diocese Of Buffalo N Y,625 Tronolone Place,Niagara Falls,NY,14301,Diocese of Buffalo,https://www.olvcharities.org/saintgianna No,,,,,,,,
"SUMMIT LIFE OUTREACH CENTER, INC.",84-1678381,Summit Life Outreach Center Inc,1622 Pine Ave,Niagra Falls,NY,14301,,http://summitlifecenter.com/ Yes,,https://www.facebook.com/p/Summit-Life-Outreach-Center-Inc-100064538898151/,,,,,,
ST. GIANNA MOLLA PREGNANCY OUTREACH CENTER- OLEAN,16-1517131,Foundation Of The Roman Catholic Diocese Of Buffalo N Y,205 West Henley St,Olean,NY,14760,Diocese of Buffalo,https://www.olvcharities.org/saintgianna No,,,,,,,,
BRIGHT ALTERNATIVES- OLEAN,25-1644818,Bright Alternatives Inc,641 South Union St,Olean,NY,14760,Care Net,http://brightalternatives.org/ No,,https://www.facebook.com/brightalternatives,,,,,,
WILLOW NETWORK- ONEIDA,16-1296752,Care Net Pregnancy Center Of Central New York,"730 Lenox Ave, Suite 2",Oneida,NY,13421,Care Net,https://www.willownetwork.org/ Yes,,https://www.facebook.com/Care-Net-Pregnancy-Center-of-Central-New-hYtotprks-:2//0w5w5w9.6in9s2t5a1g3ra7m98.c8o9m/Care,,,,Net_cny/?hl=en,,
BIRTHRIGHT OF ONTARIO,22-3154716,Birthright Of Ontario,2003 Ridge Rd,Ontario,NY,14519,Birthright International,http://birthright.org/en/ontario No,,,,,,,,
FAMILY RESOURCE CENTER OF OSWEGO COUNTY,16-1271613,Family Resource Center Of Oswego County Inc,157 Liberty St,Oswego,NY,13126,,https://www.familyresourcecenter.life/ No,,https://www.facebook.com/hfrtctposfo:/s/twweitgteorc.cooumnt/yOswhtetpgso:P//rwewgnwa.ynocuytube.comht/tcphsa:/n/wnewl/wU.CinAstBakg8rasmQb.cjeoamT/fXaRmEilKyr2ensJoguhrcyewoswego/,,,,,,
BIRTHRIGHT OF PEEKSKILL,38-3920096,Birthright Of Peekskill Inc,"1 Park Place, Suite 140",Peekskill,NY,10566,Birthright International,http://birthright.org/peekskill No,,https://www.facebook.com/profile.php?id=100068181715138&ref=page_hintttpesr:n//awlww.instagram.com/birthrightofpeekskill/,,,,,,
CARE NET PREGNANCY CENTER OF PENN YAN,46-5763121,Pregnancy Center Of Penn Yan Inc,162 Main St,Penn Yan,NY,14527,Care Net; Heartbeat International,https://carenetpy.com/ Yes,,https://www.facebook.com/Care,NetPregnancyCenterOfPennYan/,,,,https://partner.Care Netpy.com/,
ST. GIANNA MOLLA PREGNANCY OUTREACH CENTER- PERRY,16-1517131,Foundation Of The Roman Catholic Diocese Of Buffalo N Y,8 Park St,Perry,NY,14530,Diocese of Buffalo,https://www.olvcharities.org/saintgianna No,,,,,,,,
BIRTHRIGHT OF PLATTSBURGH,23-7225307,Champlain Valley Birthright Inc,50 Clinton St,Plattsburgh,NY,12901,Birthright International,https://birthright.org/plattsburgh/ No,,https://www.facebook.com/birthrightplattsburgh/,,,,,,
PLATTSBURGH PREGNANCY CENTER,46-4655204,Plattsburgh Pregnancy Center Inc,"62 Brinkerhoff St, Suite 103",Plattsburgh,NY,12901,Heartbeat International,http://www.plattsburghpregnancycenter.org/ Yes,,https://www.facebook.com/profile.php?id=100063567667968,,,,,,
INTEGRA PREGNANCY SERVICES,14-1691505,CARE NET PREGNANCY CENTER OF HUDSON VALLEY,226 Church St,Poughkeesie,NY,12601,Care Net,https://integrapregnancyservices.com/ No,,https://www.facebook.com/hCttaprse:,/N/twetiPtterer.gcnoamn/cCyaCreen,NteertoPftCheHudsonValley?ref=bookmarks,,,,Alternative Crisis Pregnancy Center Inc
SOUNDVIEW PREGNANCY SERVICES - RIVERHEAD,11-3001793,The Care Center Inc,"1149 Old Country Rd, Suite E3 & E4",Riverhead,NY,11901,Heartbeat International,https://soundviewpregnancy.com/ Yes,,https://www.facebook.com/SoundviewPregnancyServices/,,https://www.instagram.com/soundview_pregnancy/,,,,
FOCUS PREGNANCY HELP CENTER,16-1560141,Crisis Pregnancy Center Of Canandaigua Inc,135 University Ave,Rochester,NY,14605,,https://focusphc.com/ No,,https://www.facebook.com/focuspregnancyhelpcenter/,,,,,,
COMPASSCARE PREGNANCY SERVICES- ROCHESTER,16-1157181,Crisis Pregnancy Services Inc,"2024 West Henrietta Rd, Suite 6D",Rochester,NY,14623,Heartbeat International,http://www.compasscare.info/ Yes,,,,,,,,
BIRTHRIGHT OF ROCHESTER,16-0991730,Birthright Rochester Inc,"320 North Washington St, Suite 116",Rochester,NY,14625,Birthright International,https://birthright.org/rochesterny/ No,,https://www.facebook.com/BirthrightRoc/,,,,,,
BIRTHRIGHT OF ROCKY POINT,23-7167081,Long Island Birthright Inc,106 Prince Rd,Rocky Point,NY,11778,Birthright International,https://birthright.org/rocky-point-birthright No,,,,,,,,
WILLOW NETWORK- ROME,16-1296752,Care Net Pregnancy Center Of Central New York,207 North George St,Rome,NY,13440,Care Net,https://www.willownetwork.org/ Yes,,https://www.facebook.com/Care-Net-Pregnancy-Center-of-Central-New-hYtotprks-:2//0w5w5w9.6in9s2t5a1g3ra7m98.c8o9m/Care,,,,Net_cny/?hl=en,,
COMPASSCARE PREGNANCY SERVICES - CAPITAL,16-1157181,Crisis Pregnancy Services Inc,"700 McClellan St, Suite 204",Schenectady,NY,12304,Heartbeat International,https://www.compasscare.info/ Yes,,,,,,,,
BIRTHRIGHT OF SCHENECTADY,14-0152048,Birthright Of Schenectady Inc,12 Jay St,Schenectady,NY,12305,Birthright International,http://birthright.org/schenectady No,,https://www.facebook.com/profile.php?id=100063481665905,,https://www.instagram.com/schenectadybirthright/,,,,
ALPHA PREGNANCY CARE CENTER- SCHENECTADY,14-1703551,Alpha Pregnancy Care Center Inc,967 Albany St,Schenectady,NY,12307,Heartbeat International,http://www.alphacare.org/ No,,https://www.facebook.com/alphacarecenters,https://www.youtube.comht/tcphsa:/n/wnewl/wU.CinvsLtarKgrDa7m4.Gco_mR/1aKlp8hpaZcCa1revcBe_nmteArs/,,,,,
BIRTHRIGHT OF SIDNEY,65-1168304,Birthright Of Sidney New York Inc,21 Liberty St,Sidney,NY,13838,Birthright International,https://birthright.org/sidney No,,,,,,,,
WOMEN FIRST PREGNANCY OPTIONS- SMITHTOWN,11-2767098,Mother And Unborn Babycare Of Long Island Inc,91 Maple Ave,Smithtown,NY,11787,Heartbeat International,https://womenfirstpregnancyoptions.org/ Yes,,https://www.facebook.com/womenfirstpregnancyoptions/,,,,,,
CARE NET PREGNANCY CENTER OF ROCKLAND,13-3351759,Rockland Pregnancy Counseling Center Inc,"2 Perlman Dr, Suite L9",Spring Valley,NY,10977,"Care Net, Heartbeat International",https://www.carenetrockland.com/ Yes,,https://www.facebook.com/Care,Netrockland/,,,,,
PREGNANCY CARE CENTER OF NEW YORK,13-3336682,Crisis Pregnancy Center of New York Inc,"235 Dongan Hills Ave, Suite 2E",Staten Island,NY,10305,Care Net,https://pccofny.org/ No,,https://m.facebook.com/PregnancyCareCenterofNewYork,,https://www.instaghrtatpms.:c//owmw/wpc.tcikotfonke.wcoymor/k@/pccofny?_t=8Ur3q5GtBRZ&_r=1,,,,
BIRTHRIGHT OF SYRACUSE,22-2314663,Birthright Of Onondaga County,346 North Midler Ave,Syracuse,NY,13206,Birthright International,https://www.birthrightsyr.org/ No,,https://www.facebook.com/BirthrightSYR/,,,,,,
NEW HOPE FAMILY SERVICES,23-7103133,New Hope Family Services Inc.,3519 James St,Syracuse,NY,13206,,https://www.newhopefamilyservices.com Yes,,https://www.facebook.com/Newhopefamilyservicesprc,,https://www.instagram.com/newhopefamilyservicesprc/,,,,
"SONRAYS MINISTRIES, INC.",22-3153493,Sonrays Ministries Inc,PO Box 673,Towanda,NY,14150,Care Net,http://www.sonraysministries.org/ No,,https://www.facebook.com/sonraysministries/,,,,,,
WILLOW NETWORK- UTICA,16-1296752,Care Net Pregnancy Center Of Central New York,1418 Genesee St,Utica,NY,13502,Care Net,https://www.willownetwork.org/ Yes,,https://www.facebook.com/Care-Net-Pregnancy-Center-of-Central-New-hYtotprks-:2//0w5w5w9.6in9s2t5a1g3ra7m98.c8o9m/Care,,,,Net_cny/?hl=en,,
WOMEN'S LIFE SERVICES,30-0735548,Morning Star Inc,200 Front St,Vestal,NY,13850,Heartbeat International,https://womenslifeservices.org/ Yes,,https://www.facebook.com/prcvestal,,,,,,
BIRTHRIGHT OF WANTAGH,51-0191767,Birthright Of Nassau & Suffolk Inc,1134-A Wantagh Ave,Wantagh,NY,11793,Birthright International,https://birthright.org/wantagh No,,,,,,,,
CARE NET PREGNANCY CENTER OF NORTHERN NEW YORK - WATERTOWN,20-5825725,Care Net Pregnancy Center Ofnorthern New York,724 State St,Watertown,NY,13601,Care Net,https://carenetnny.com/ No,,https://www.facebook.com/Care,Netnnywatertown/,,,,,
MOSAIC OF THE SOUTHERN TIER- WATKINS GLEN,16-1272179,Southern Tier Pregnancy Resource Center Inc,206 East 4th St,Watkins Glen,NY,14891,Care Net,https://www.mosaicsoutherntier.org/ Yes,,https://www.facebook.com/hStTtpPsR://CtwEiltmteirr.ac/o?mre/fS=ohulthernTierPRC,,https://www.instagram.com/Southern_tier_prc,,,,
BRIGHT ALTERNATIVES - WELLSVILLE,25-1644818,Bright Alternatives Inc,68 1/2 North Main St,Wellsville,NY,14895,Care Net,http://brightalternatives.org/ No,,https://www.facebook.com/brightalternatives,,,,,,
CARING HEARTS OFFERING INFORMATION COMPASSION ENCOURAGEMENT AND SUPPORT (C.H.O.I.C.E.S.),13-4352551,Biblical Nouthetic Ministries Inc,12019 Old Olean Rd,Yorkshire,NY,14173,Heartbeat International,http://www.choicesinfo.com/ No,,,,,,,,
PREGNANCY RESOURCE CENTER OF STANLY COUNTY,56-1628565,Pregnancy Resource Center of Stanly County,731 West Main St,Albemarle,NC,28001,"Care Net, NIFLA",https://prcstanly.com/ Yes,,https://www.facebook.com/hptrtcpsst:a//ntwlyitter.com/prc_stanly,,https://www.instagram.com/prcstanlychotutpnsty:///prcstanly.org/who-we-are/,,,,
PREGNANCY & PARENTING CENTER,27-1793244,Womens Enrichment and Family Center Inc,154 Main St,Andrews,NC,28901,Care Net,https://ppc-care.org/ No,,https://www.facebook.com/p/Pregnancy-Parenting-Center-of-Murphy-100064600905904/?locale=th_TH&paipv=0&eav=AfZNZsV60z3D6wHTR-VYzKEHN7dGfMhlgok1lXuSYRwjqDYfCmw2ZkIB8cfaMyzcAb4&_Roadr,,,,,,
YOUR CHOICES RANDOLPH,73-1627575,Your Choices Randolph,110 East Walker Ave,Asheboro,NC,27203,"Care Net, Heartbeat International",https://yourchoicesrandolph.org/ No,,https://www.facebook.com/yourchoicesrandolph1/,,https://www.instagram.com/yourchoicesrandolph/?hl=en,,,,
ASCEND WOMEN'S CENTER - ASHEVILLE,56-1854677,Mountain Area Pregnancy Services,285 McDowell St,Asheville,NC,28806,"Care Net, NIFLA",https://ascendwc.org/ No,,https://www.facebook.com/people/Ascend-Womens-Center/61560315129310/,,,,,,
"CRISIS PREGNANCY CENTER OF GASTON COUNTY, INC. - EAST",56-1499208,Crisis Pregnancy Center Of Gaston County,399 Belmont/ Mt. Holly Rd,Belmont,NC,28012,Heartbeat International,http://cpcgaston.com/ No,,https://www.facebook.com/CPCGaston/,,,,,,
THE HOPE CENTER,58-1859569,Boone Crisis Pregnancy Center Inc,208 Howard St,Boone,NC,28607,Care Net,http://choosehope.org/ Yes,,https://www.facebook.com/choosehope.org,,https://www.instagram.com/thehopecenter_boone/,,,,
THE CENTER FOR WOMEN,56-1799383,Sanctity Of Life Of Transylvania County,134 South Johnson St,Brevard,NC,28712,Care Net,https://brevardwomenscenter.com/ No,,https://www.facebook.com/centerforwomenBrevard/,,https://www.instagram.com/center4womenBrevard/,,,,
ARMS OF GRACE PREGNANCY RESOURCE,86-1641330,Arms Of Grace Pregnancy Resource Center,137 O'Neal St,Burlington,NC,27215,Heartbeat International,https://thearmsofgrace.org/ Yes,,https://www.facebook.com/armsofgraceprc/,,https://www.instagram.com/armsofgraceprc,,,,
LIFE CARE PREGNANCY CENTER,56-1783375,Life Care Pregnancy Center Inc,402 Monroe St,Carthage,NC,28327,"Care Net, Heartbeat International",http://www.lifecarepregnancy.com/ Yes,,https://www.facebook.com/lifecarepregnancy/,,https://www.instagram.com/lifecarepregnancy/,,,,
PREGNANCY SUPPORT SERVICES,58-1530834,Pregnancy Support Services,"1777 Fordham Blvd, Suite 203",Chapel Hill,NC,27514,"Care Net, Heartbeat International, NIFLA",https://www.pregnancysupportservices.org/ Yes,,https://www.facebook.com/pregnancysupport.pss,,https://www.instagram.com/pregnancyh.tstupps:p//ofrrite.snedrsvoicfelcsp/c.org/,,,,
HEALTH FOR HER - CHARLOTTE,26-4099950,Human Coalition,1505 East 4th St,Charlotte,NC,28204,Human Coalition,healthforher.org No,,,,,,,,
CRISIS PREGNANCY CENTER OF GASTON COUNTY - NORTHWEST,56-1499208,Crisis Pregnancy Center Of Gaston County,607 East First St,"Cherryville, NC 2802116",,,Heartbeat International,http://cpcgaston.com/ No,,https://www.facebook.com/CPCGaston/,,,,,,
ICHOOSE PREGNANCY SUPPORT SERVICES - CLAYTON,30-0076785,New Hope Crisis Pregnancy Center,540 Veterans Pkwy,Clayton,NC,27520,"Care Net, Heartbeat International",http://www.ichoose.me/ Yes,,https://www.facebook.com/iChoosePregnancySupportServices,,https://www.instagram.com/ichoose_phrettgpns:a//nwcwy/w.ichoosepartners.org/,,,,
CABARRUS WOMEN'S CENTER,58-1636395,Cabarrus Women's Center,163 Winecoff Ave NW,Concord,NC,28025,,http://www.cabarruswomenscenter.com/ No,,https://www.facebook.com/cwcConcord/,,,,,,
GATE PREGNANCY RESOURCE CENTER,27-0870114,Gate Pregnancy Resource Center,"280 Concord Pkwy, Suite 119",Concord,NC,28027,"Care Net, Heartbeat International",http://gateprc.org/ Yes,,https://www.facebook.com/hGttApTs:E//Px.rceogmna/gnactye/pregnancy,,https://www.instagram.com/gatepregnancy/,,,,
"CRISIS PREGNANCY CENTER OF GASTON COUNTY, INC. - NORTH",56-1499208,Crisis Pregnancy Center Of Gaston County,717 Gastonia Technology Pkwy,Dallas,NC,28034,Heartbeat International,http://cpcgaston.com/ No,,https://www.facebook.com/CPCGaston/,,,,,,
AGAPE PREGNANCY SUPPORT SERVICES- DUNN,03-0390591,Agape Pregnancy Support Services,204 Sunny Ave,Dunn,NC,28334,,https://agapepregnancysupportservices.org/ No,,https://www.facebook.com/Agape-Pregnancy-Support-Services-121541917922203/,,,,,,
GATEWAY WOMEN'S CARE- DURHAM,58-1584775,Gateway Womens Care,"4113 Capitol St, Suite B",Durham,NC,27704,Heartbeat International,https://gatewaywomens.care/ Yes,,https://www.facebook.com/GatewayWomens/,,,,,,
ROCKINGHAM PREGNANCY CARE CENTER,94-3424920,Rockingham Pregnancy Care Center Inc,424 West Kings Hwy,Eden,NC,27288,Care Net,https://rpccares.com/ Yes,,https://www.facebook.com/RockinghamPregnancyCareCenter,,,,,,
ABLEMARLE PREGNANCY RESOURCE CENTER & CLINIC,56-1621555,Albemarle Pregnancy Resource Center,"905 Halstead Blvd, Suites 18-21",Elizabeth City,NC,27909,Heartbeat International,https://aprccnc.com/ Yes,,https://www.facebook.com/aprccnc,,https://www.instagram.com/albemarleprcc/,,,,
LIFELINE PREGNANCY HELP CENTER,56-1960036,Lifeline Pregnancy Help Center Inc,680 NC Hwy 268 W,Elkin,NC,28621,Care Net,https://caring-helps.org/ Yes,,https://www.facebook.com/caringhelps/,,,,,https://lifelinehelps.org/,
AAA CRISIS PREGNANCY CENTER,56-1348348,Operation Blessings of Fayetteville Inc,1337 Ramsey St,Fayetteville,NC,28301,,https://operationblessingfayetteville.com/crisis-pregnancy-cNeonter/,,,,,,,,
AGAPE PREGNANCY SUPPORT SERVICES- FAYETTEVILLE,03-0390591,Agape Pregnancy Support Services,710 East Russell St,Fayetteville,NC,28301,,https://agapepregnancysupportservices.org/ No,,https://www.facebook.com/Agape-Pregnancy-Support-Services-121541917922203/,,,,,,
YOUR CHOICE PREGNANCY CLINIC - FAYETTEVILLE,20-2736193,A Hand Of Hope Pregnancy Resource Center,4760 Yadkin Rd,Fayetteville,NC,28303,Heartbeat International,http://yourchoicepregnancyclinic.com/ Yes,,https://www.facebook.com/AHandOfHope/,,,,,https://www.handofhope.net/,
"HANDS OF HOPE FOR LIFE, INC.",56-1758941,Hands of Hope for Life,124 Turner St,Forest City,NC,28043,Care Net,https://hh4life.org/ No,,https://www.facebook.com/profile.php?id=61555767253838,,https://www.instagram.com/handsofhope_prcforestcity/,,,,
SMOKY MOUNTAIN PREGNANCY CARE CENTER - FRANKLIN,56-2263371,Smoky Mountain Pregnancy Care Center,226 East Palmer St,Franklin,NC,28734,Heartbeat International,https://smokymountainpregnancycarecenter.org/ Yes,,https://www.facebook.com/SMPCC.FRANKLIN.SYLVA?paipv=0&eav=AfbPyJHCE1OjkqjeSN2ooaDaAnmnanhLtQtp7s4:/P/sJmzkoNky9pTaGrtynYesrtsK.cqogmS/urkObwdsP7FZFUp74,,,,,,
YOUR CHOICE PREGNANCY CLINIC - FUQUAY VARINA,20-2736193,A Hand Of Hope Pregnancy Resource Center,607 North Ennis St,Fuqay-Varina,NC,27526,Care Net; Heartbeat International,http://yourchoicepregnancyclinic.com/ Yes,,https://www.facebook.com/AHandOfHope/,,,,,https://www.handofhope.net/,
"CRISIS PREGNANCY CENTER OF GASTON COUNTY, INC. - MAIN",56-1499208,Crisis Pregnancy Center Of Gaston County,700 Robinson Rd,Gastonia,NC,28054,Heartbeat International,http://cpcgaston.com/ No,,https://www.facebook.com/CPCGaston/,,,,,,
WAYNE PREGNANCY CARE CENTER,56-2219398,Wayne Pregnancy Care Center Inc,3501 Ash St,Goldsboro,NC,27530,"Care Net, Heartbeat International",http://www.waynepregnancycarecenter.com/ No,,,,,,,,
CALDWELL PREGNANCY CARE CENTER- GRANITE FALLS,56-1639456,Caldwell Pregnancy Care Center,200 Timberbrook Lane,Granite Falls,NC,28630,Care Net,https://caldwellpregnancy.com/ No,,https://www.facebook.com/Caldwell-Pregnancy-Care-Center-114959638535778/?fref=ts,,,,,,
THE PREGNANCY NETWORK- GREENSBORO,58-1623141,The Pregnancy Network Inc,625 Fulton St,Greensboro,NC,27401,"Care Net, Heartbeat International",https://thepregnancynetwork.org/ Yes,,https://www.facebook.com/hTthtpesP:/r/etwgnittaenrc.cyoNme/tTwhoehrkPtt/rpesg:/N/wewtwwo.rykoutube.comht/tcphsa:/n/wnewl/wU.CinAstJa7g8rwam1o.cxo1m_e/tKhueEprMegionJa8nQcqyQne?tvwieowrk_/as=subscriber,,,,,,
TRIAD PREGNANCY CARE,84-4958568,Triad Coalition for Life,1451 South Elm-Eugene St,Greensboro,NC,27406,"Save the Storks, Heartbeat International",https://triadpregnancycare.org/ No,,https://www.facebook.com/profile.php?id=100083277626173,,https://www.instagram.com/triadpregnhatntpcsy:c//atrrieadcoalitionforlife.org/,,,,
CAROLINA PREGNANCY CENTER,58-1603430,Carolina Pregnancy Center,209 East Arlington Blvd,Greenville,NC,27858,Care Net,http://www.carolinapregnancycenter.org/ No,,https://www.facebook.com/CarolinaPregnancyCenter/,,https://www.instagram.com/carolina_phrtetpgsn:a//nfrciey_ncdesnotfecpr/c.org/,,,,
HAVELOCK PREGNANCY RESOURCE CENTER,27-3778768,Havelock Pregnancy Resource Center,316 Hwy 70 West,Havelock,NC,28532,Care Net,http://havelockprc.org/ No,,https://www.facebook.com/havelockprc,,,,,,
OPEN ARMS PREGNANCY CENTER,56-2158105,Open Arms Crisis Pregnancy Support Services,4005 Asheville Hwy,Hendersonville,NC,28791,"Care Net, Heartbeat International",https://www.openarms329.com/ Yes,,http://www.facebook.com/openarms329,,https://www.instagram.com/openarms329/,,,,
PREGNANCY CARE CENTER OF CATAWBA VALLEY,56-1496108,Pregnancy Care Center of Catawba Valley,421 Main Ave SW,Hickory,NC,28602,"Care Net, Heartbeat International",http://www.pcchickory.com/ Yes,,https://www.facebook.com/pcchickory,,https://www.instagram.com/pcchickory/,,,,
NEW LIFE FAMILY OUTREACH,56-1547853,Pregnancy Care Center Of High Point — New Life Family Outreach,416 Gatewood Ave,High Point,NC,27262,Care Net,http://www.newlifehighpoint.org/ No,,https://www.facebook.com/newlifehighpoint.org,,,,,https://www.friendsofnewlife.org/,
COMMUNITY PREGNANCY CENTER OF LAKE NORMAN- SOUTH,56-1782296,Aa Community Pregnancy Center,201 North Old Statesville Rd,Huntersville,NC,28078,Heartbeat International,http://lakenormancpc.org/ No,,https://www.facebook.com/communitypregnancycenter,,,,,,
HELP PREGNANCY CENTER- INDIAN TRAIL,58-2096778,H E L P Center Inc,319 A Unionville-Indian Trail Rd,Indian Trail,NC,28079,Heartbeat International,http://monroehelp.com Yes,,https://www.facebook.com/hHttEpLsP://Pxr.ecogmna/HncEyLCPepnrteegrCenter,,,,,,
HOPE FIRST,26-3199078,Onslow Pregnancy Resource Center Inc,3280 A Henderson Dr,Jacksonville,NC,28546,Heartbeat International,https://hopefirst.org/ Yes,,https://www.facebook.com/people/Hope-First-Jahx/t6tp1s5:/5/w40w9w4.3y3o3u0tu6b0e/.comht/t@psH:/o/wpweFwir.isnts-2ta0g0r9am.com/hopefirst_hjatxtp/s://oprcfriends.org/,,,,,,Hope First
ASHE PREGNANCY CARE CENTER,56-1895237,Ashe Crisis Pregnancy Center,346 South Main St,Jefferson,NC,28640,Heartbeat International,https://ashelife.org/ Yes,,https://www.facebook.com/AshePregnancyCareCenter/,,,,,,
HOPE PREGNANCY CARE CENTER,56-1740275,Hope Pregnancy Care Center,117 Charles Rd,King,NC,27021,Heartbeat International,https://hopepcc.org/ Yes,,https://www.facebook.com/hopepccking,,,,,,
THE EPIC CENTER (EASTERN PREGNANCY INFORMATION CLINIC) - KINSTON,56-1714612,Eastern Pregnancy Information Clinic,304 North Queen St,Kinston,NC,28501,Care Net,https://theepiccenter.net/ No,,https://www.facebook.com/easternpregnancy/,,https://www.instagram.com/epiccenterhetatpsst/://easternpregnancy.net/,,,,
ICHOOSE PREGNANCY SUPPORT SERVICES - KNIGHTDALE,30-0076785,New Hope Crisis Pregnancy Center,4019 Village Park Dr,Knightdale,NC,27545,"Care Net, Heartbeat International",http://www.ichoose.me/ Yes,,https://www.facebook.com/iChoosePregnancySupportServices,,https://www.instagram.com/ichoose_phrettgpns:a//nwcwy/w.ichoosepartners.org/,,,,
CALDWELL PREGNANCY CARE CENTER- LENOIR,56-1639456,Caldwell Pregnancy Care Center,210 Ridge St,Lenoir,NC,28645,Care Net,https://caldwellpregnancy.com/ No,,https://www.facebook.com/Caldwell-Pregnancy-Care-Center-114959638535778/?fref=ts,,,,,,
ALPHA PREGNANCY SUPPORT,58-1918989,Alpha Pregnancy Support Inc,406 National Blvd,Lexington,NC,27292,Heartbeat International,http://www.alphapregnancysupport.com/ No,,https://www.facebook.com/p/Alpha-Pregnancy-Support-Inc-61552403834998/?locale=cy_GB,,,,,,
CRISIS PREGNANCY CENTER OF LINCOLN COUNTY,56-2234807,Crisis Pregnancy Center Of Lincoln County,112 Doctors Park,Lincolnton,NC,28092,Heartbeat International,https://www.cpclincoln.com/ No,,https://www.facebook.com/CPCLincoln/,,,,,,
AGAPE PREGNANCY SUPPORT SERVICES- LUMBERTON,03-0390591,Agape Pregnancy Support Services,4850 Fayetteville Rd,Lumberton,NC,28358,,https://agapepregnancysupportservices.org/ No,,https://www.facebook.com/Agape-Pregnancy-Support-Services-121541917922203/,,,,,,
DAVIE PREGNANCY CARE CENTER,30-0204555,Davie Pregnancy Care Center Inc,491 Madison Rd,Mocksville,NC,27028,Care Net; Heartbeat,http://daviepregnancycare.org/ Yes,,https://www.facebook.com/DaviePregnancyCareCenter/,,https://www.instagram.com/daviepregnancycarecenter/,,,,
HELP PREGNANCY CENTER - MONROE,58-2096778,H E L P Center Inc,480 Help St,Monroe,NC,28110,Heartbeat International,http://monroehelp.com Yes,,https://www.facebook.com/hHttEpLsP://Pxr.ecogmna/HncEyLCPepnrteegrCenter,,https://www.instagram.com/helppregcenter,,,,
COMMUNITY PREGNANCY CENTER OF LAKE NORMAN- NORTH,56-1782296,Aa Community Pregnancy Center,212 Caldwell Ave,Mooresville,NC,28117,Heartbeat International,http://lakenormancpc.org/ No,,https://www.facebook.com/communitypregnancycenter,,,,,https://pregnancycenterfriends.org/about/,
COASTAL PREGNANCY CARE CENTER,56-1482732,Coastal Pregnancy Care Center Inc,409 North 35th St,Morehead City,NC,28557,Care Net,http://cpccenter.org/ Yes,,https://www.facebook.com/CoastalPCC/,,,,,,
THE LEGACY CENTER,27-3403424,Legacy Center Of Mount Airy,"707 West Pine St, Suite 900",Mount Airy,NC,27030,"Care Net, Heartbeat International",http://www.legacymtairy.org/ No,,https://www.facebook.com/LegacycenterofMountAiry,,,,,,
WATERLIFE PREGNANCY CARE CENTER,58-1669976,We Care Crisis Pregnancy Service Inc — Creative Choices Preg Resource Cntr,"4711 South Croatan Hwy, Unit 2",Nags Head,NC,27959,Care Net,https://waterlifepcc.com/ No,,,,,,,,WaterLife
THE EPIC CENTER (EASTERN PREGNANCY INFORMATION CLINIC) - NEW BERN,56-1714612,Eastern Pregnancy Information Clinic,"1505 South Glenburnie Rd, Suite 0",New Bern,NC,28560,Care Net,https://theepiccenter.net/ No,,https://www.facebook.com/easternpregnancy/,,https://www.instagram.com/epiccenterhetatpsst/://easternpregnancy.net/,,,,
AVERY PREGNANCY & RESOURCE CENTER,27-4097264,Avery Pregnancy & Resource Center,1808 Millers Gap Hwy,Newland,NC,28657,,https://www.averypregnancycenter.com/ No,,https://www.facebook.com/p/Avery-Pregnancy-Resource-Center-100071906028876/,,,,,,
WILKES PREGNANCY CARE CENTER,56-1925979,Wilkes Crisis Pregnancy Center,301 8th St,North Wilkesboro,NC,28697,"Care Net, Heartbeat International",http://www.wilkespcc.com/ Yes,,https://www.facebook.com/Wilkespcc/,,https://www.instagram.com/wilkespreghnttapnsc:/y/pcaarretnceern.wteilrk/espcc.com/,,,,
HEALTH FOR HER - RALEIGH,26-4099950,Human Coalition,"4237 Louisburg Rd, Suite 105",Raleigh,NC,27604,Human Coalition,https://healthforher.org/locations/raleigh/ No,,,,,,,,
GATEWAY WOMEN'S CARE - RALEIGH,58-1584775,Gateway Womens Care,1306 Hillsborough St,Raleigh,NC,27605,Heartbeat International,https://gatewaywomens.care/ Yes,,https://www.facebook.com/GatewayWomens/,,https://www.instagram.com/gatewaywomens.care,,,,
YOUR CHOICE PREGNANCY CLINIC - RALEIGH,20-2736193,A Hand Of Hope Pregnancy Resource Center,1522 Jones Franklin Rd,Raleigh,NC,27606,Heartbeat International,http://yourchoicepregnancyclinic.com/ Yes,,https://www.facebook.com/AHandOfHope/,,,,,https://www.handofhope.net/,
BIRTHCHOICE,23-7170521,Birthchoice,"2304 Wesvill Court, Suite 340",Raleigh,NC,27607,Heartbeat International,http://birthchoicewake.org/ Yes,,,,https://www.instagram.com/birthchoicenc/,,,,
BETHANY CHRISTIAN SERVICES - RALEIGH,,,"1110 Navaho Dr, Suite 109",Raleigh,NC,27609,Heartbeat International,https://bethany.org/locations/us/nc/raleigh No,,,,,,,,
PREGNANCY SUPPORT CENTER,01-0727702,Pregnancy Support Center,1021 Roanoke Ave,Roanoke Rapids,NC,27870,"Heartbeat International, Care Net, NIFLA",https://www.pregnancysupportcenterofrr.com/ Yes,,https://www.facebook.com/PregnancyCenterRR/,,,,,,
PEE DEE PREGNANCY RESOURCE CENTER,56-2147282,Pee Dee Pregnancy Resource Center,202 South Lawrence St,Rockingham,NC,28379,Heartbeat International,https://pregnantwhatnow.org/ No,,https://www.facebook.com/PDPregCtr/,,,,,,
YOUR CHOICE RESOURCE CENTER,58-1804285,Pregnancy Care Center Of Rocky Mount Inc,400 Sunset Ave,Rocky Mount,NC,27804,"Care Net, Heartbeat International, NIFLA",http://yourchoicenc.org/ Yes,,https://www.facebook.com/yourchoiceresourcecenter/,,https://www.instagram.com/yourchoicehrtetpsso:u//rfrcieecnednstoefry/crc.org/,,,,
LIFE CHOICES ROWAN,56-1883403,Life Choices Rowan,847 South Main St,Salisbury,NC,28144,Care Net,https://lifechoicesrowan.com/ No,,https://www.facebook.com/LIFECHOICESRowan/,,,,,,
REACH OUT PREGNANCY CENTER,56-2026294,Reach Out Crisis Pregnancy Center,315 North Horner Blvd,Sanford,NC,27330,"Care Net, Heartbeat International",https://www.reachoutpregnancycenter.com/ Yes,,https://www.facebook.com/reachoutcpc,,https://www.instagram.com/REACHOUTCPCSanford,,,,
"PREGNANCY RESOURCE CENTER OF CLEVELAND COUNTY, INC.",56-1487955,Pregnancy Resource Center of Cleveland County,1304 South Post Rd,Shelby,NC,28150,Care Net,https://www.prccc.org/ No,,https://www.facebook.com/PRCCC.org,,,,,,
CHOICES PREGNANCY CENTER,20-3953294,In His Hands Ministry,1073 West Market St,Smithfield,NC,27577,Heartbeat International,https://www.choicespcnc.org/ Yes,,https://www.facebook.com/JoCoChoicesPC,,https://www.instagram.com/choicespc,,,,
ALLEGHANY PREGNANCY CARE CENTER,56-2513499,Alleghany Pregnancy Care Center,393 North Main St,Sparta,NC,28675,Heartbeat International,http://www.alleghanypregnancycarecenter.org Yes,,https://www.facebook.com/AlleghanyPregnancyCareCenter,,,,,,
CROSSROADS CARE CLINIC,58-1872007,Pregnancy Resource Center of Statesville,"1710 Davie Ave, Suite B",Statesville,NC,28677,Heartbeat International,https://crossroadscare.clinic/ No,,https://www.facebook.com/prcstatesville/,,https://www.instagram.com/prcofstatehsvttipllse:n//cfr/iendsofprcstatesville.org/,,,,
SMOKY MOUNTAIN PREGNANCY CARE CENTER - SYLVA,56-2263371,Smoky Mountain Pregnancy Care Center,1165 West Main St.,Sylva,NC,28725,Heartbeat International,https://smokymountainpregnancycarecenter.org/ Yes,,https://www.facebook.com/SMPCC.FRANKLIN.SYLVA?paipv=0&eav=AfbPyJHCE1OjkqjeSN2ooaDaAnmnanhLtQtp7s4:/P/sJmzkoNky9pTaGrtynYesrtsK.cqogmS/urkObwdsP7FZFUp74,,,,,,
CARING HEARTS PREGNANCY CENTER,20-0517117,Caring Hearts Pregnancy Center Of Alexander County Inc,163 Main Avenue Dr,Taylorsville,NC,28681,"Care Net, Heartbeat International",http://www.caringheartspc.com/ No,,https://www.facebook.com/CaringHeartsPregnancyCenter,,,,,,
HOPE PREGNANCY CENTER,45-5603464,Hope Pregnancy Resource Center,2485 US-74,Wadesboro,NC,28170,,https://hopeforhernc.org/ No,,https://www.facebook.com/hope.prc,,https://www.instagram.com/hope.prc/,,,,
COASTAL PREGNANCY CENTER,58-1796943,Coastal Pregnancy Center,1312 John Small Ave,Washington,NC,27889,Care Net,http://www.coastalpregnancycenter.org/ No,,https://www.facebook.com/cpcofwashington,,https://www.instagram.com/coastal_pregnancy_center/,,,,
HELP PREGNANCY CENTER - MARVIN,58-2096778,H E L P Center Inc,10004 New Town Rd,Waxhaw,NC,28173,Heartbeat International,http://monroehelp.com Yes,,https://www.facebook.com/hHttEpLsP://Pxr.ecogmna/HncEyLCPepnrteegrCenter,,,,,,
ASCEND WOMEN'S CENTER - WAYNESVILLE,56-1854677,Mountain Area Pregnancy Services,"9 Haywood Office Park, Suite 101",Waynesville,NC,28785,"Care Net, NIFLA",https://ascendwc.org/ No,,https://www.facebook.com/people/Ascend-Womens-Center/61560315129310/,,,,,,
LIVING HOPE PREGNANCY SUPPORT SERVICES,58-1904010,Living Hope Pregnancy Support Services,433 South Madison St,Whiteville,NC,28472,"Care Net, Heartbeat International",http://www.livinghopepregnancyservices.com/ No,,https://www.facebook.com/LivingHopeWhiteville,,https://www.instagram.com/livinghopehwtthpitse:/v/iwllew/w.friendsoflivinghope.com/,,,,
LIFE LINE PREGNANCY CENTER,58-1634141,Life Line Pregnancy Center,4522 Fountain Dr,Wilmington,NC,28403,Care Net,https://lifelinewilmington.com/ No,,https://www.facebook.com/lifeline.pregnancy,,https://www.instagram.com/lifelinewilmhitntpgsto:/n/w/ww.lifelinepartner.org/,,,,
CHOICES WOMEN'S CENTER,58-1650234,Wilson Pregnancy Center Inc,702 Broad St West,Wilson,NC,27893,Care Net,https://choiceswilson.com/ No,,https://www.facebook.com/people/Choices-Womens-Center-Wilson/6156h1tt3p4s3:/0/w6w28w2.i4n/stagram.com/choices_womens_center/,,,,,,
THE PREGNANCY NETWORK- WINSTON-SALEM,58-1623141,The Pregnancy Network Inc,923 Brookstown Ave,Winston-Salem,NC,27101,"Care Net, Heartbeat International, NIFLA",https://thepregnancynetwork.org No,,https://www.facebook.com/hTthtpesP:/r/etwgnittaenrc.cyoNme/tTwhoehrkPtt/rpesg:/N/wewtwwo.rykoutube.comht/tcphsa:/n/wnewl/wU.CinAstJa7g8rwam1o.cxo1m_e/tKhueEprMegionJa8nQcqyQne?tvwieowrk_/as=subscriber,,,,,,
BIRTHRIGHT OF WINSTON-SALEM,58-1404713,Birthright of Winston Salem,1330 Ashley Sq,Winston-Salem,NC,27103,Birthright International,https://birthrightws.com/ No,,https://www.facebook.com/BirthrightWinstonSalem,,,,,,
SALEM PREGNANCY CARE CENTER,56-1449033,Salem Pregnancy Support Inc,3001 Maplewood Ave,Winston-Salem,NC,27103,Heartbeat International,http://salempregnancy.org/ No,,https://www.facebook.com/groups/65251841110h/ttps://www.youtube.com/watch?v=VRaO90_kK18&feature=related,,,,,,
COMPASSION CARE CENTER,56-2146413,New Hope Pregnancy Care,321 West Main St,Yadkinville,NC,27055,Heartbeat International,https://compassioncarecenter.com/ Yes,,https://www.facebook.com/c3yadkin/,,https://www.instagram.com/c3yadkin/,,,,
WOMEN'S CARE CENTER- BISMARCK,87-1782679,Womens Care Center Bismarck,614 North 4th St,Bismarck,ND,58501,,https://www.womenscarecenter.org/bismarck-north-dakotaNo,,,,,,,,
DAKOTA HOPE CLINIC- BOTTINEAU,46-0998388,Dakota Hope Clinic,"104 11th St West, Suite 2",Bottineau,ND,58318,Heartbeat International,http://www.dakotahope.org/ Yes,,https://www.facebook.com/DakotaHopeClinic/,,https://www.instagram.com/dakotahopeclinic/,,,,
WOMEN'S CARE CENTER - DEVILS LAKE,45-0384081,Womens Care Center/A A A Pregnancy Clinic,406 4th St NE,Devils Lake,ND,58301,,https://www.womenscarecenter.org/devils-lake-north-dakotNao,,,,,,,,
WOMEN'S CARE CENTER - FARGO,45-0384081,Womens Care Center/A A A Pregnancy Clinic,103 North University Dr,Fargo,ND,58102,,https://www.womenscarecenter.org/fargo-north-dakota No,,,,,,,,
ALLIANCE WOMEN'S CLINIC - FARGO,39-1486327,Alliance Family Services,"2553 Kirsten Ln South, Suite 202",Fargo,ND,58104,Care Net,https://www.alliancewomensclinic.org/ Yes,,,,,,,,
RELATE CARE CLINIC,45-0406491,Womens Pregnancy Center,2810 17th Ave South,Grand Forks,ND,58201,,https://relatecare.org/ Yes,,https://www.facebook.com/SupportRelateCare/,,,,,,
DAKOTA HOPE CLINIC- MINOT,46-0998388,Dakota Hope Clinic,"315 Main St South, Suite 205",Minot,ND,58701,Heartbeat International,http://www.dakotahope.org/ Yes,,https://www.facebook.com/DakotaHopeClinic/,,https://www.instagram.com/dakotahophettcplisn:i/c/d/akotahope.giftlegacy.com/,,,,
PREGNANCY HELP CENTER,45-0400914,Pregnancy Help Center,ND-17/Kensington East,Park River,ND,58270,Heartbeat International,https://parkriverphc.com/ No,,https://www.facebook.com/profile.php?id=100085539016501,,https://www.instagram.com/phcparkriver,,,,
DAKOTA HOPE CLINIC- TIOGA,46-0998388,Dakota Hope Clinic,221 North Main St,Tioga,ND,58852,Heartbeat International,http://www.dakotahope.org/ Yes,,https://www.facebook.com/DakotaHopeClinic/,,https://www.instagram.com/dakotahopeclinic/,,,,
H.E.R. INSPIRATION PREGNANCY RESOURCE CENTER,,,623 Main St,Williston,ND,58801,,https://www.herpregnancy.org/,,https://www.facebook.com/herresource,,,,,,
AKRON PREGNANCY SERVICES - AKRON,34-1439564,Akron Pregnancy Services,715 East Buchtel Ave,Akron,OH,44308,Heartbeat International,http://www.akronpregnancyservices.com/ No,,https://www.facebook.com/akronpregnancyservices?mibextid=LQQJ4dhttps://www.instagram.com/akron.pregnancy.services/,,,,,,
PREGNANCY SOLUTIONS AND SERVICES,34-1830073,Pregnancy Solutions & Services Inc,3136 Manchester Rd,Akron,OH,44319,Care Net,http://pregsolutions.org/ No,,https://www.facebook.com/lifeforsummit,,https://www.instagram.com/pssfriendsh/ttps://pregnancysolutions.life/,,,,
ALLIANCE PREGNANCY CENTER,34-1471372,Alliance Pregnancy Center,"75 Glamorgan Ave, Suite 102",Alliance,OH,44601,Care Net,http://alliancepregnancycenter.com/ No,,https://www.facebook.com/profile.php?id=100044731155328,,https://www.instagram.com/apc_help?fbclid=IwZXh0bgNhZW0CMTAAAR22Ek3Y5EYjNHNkCBncJGhB45eqhstwEoqXeqAFUE5vUsljs_2zh3lJhKo_aem_JX2cNMpWXRpliDqcXoNw1g,,,,
ASHLAND PREGNANCY CARE CENTER,34-1528045,Ashland Care Center Inc,119 Sloan Ave,Ashland,OH,44805,"Care Net, Heartbeat International, NIFLA",http://www.ashlandcarecenter.org/ No,,,https://www.youtube.comht/tcphsa:/n/wnewl/wU.Cintsvt6aAgrAa9m1.FcIoJmSy/ATs0hDlabnzdLPnIr5ewgnancyCare,,,,,
PREGNANCY RESOURCE CENTER OF ATHENS COUNTY - ATHENS,31-1161912,Pregnancy Resource Center Of Athens County,77 East State St,Athens,OH,45701,Care Net,http://www.athenspregnancy.com/ No,,https://www.facebook.com/PregnancyResourceCenterAthens,,,,,https://prcfriendsonline.com/,
EMBRACE CLINIC AND CARE CENTER,34-1645865,Community Pregnancy Center Inc,180 1st St NW,Barberton,OH,44203,Heartbeat International,https://www.embraceccc.org/ Yes,,https://www.facebook.com/EmbraceClinic/,,https://www.instagram.com/embraceccc/,,,,Embrace Clinic
NEW PATH PREGNANCY RESOURCE CENTERS - BELLEFONTAINE,31-1311212,Pregnancy Care Center Of Union County,709 North Main St,Bellefontaine,OH,43311,Care Net,http://www.newpathprc.com/ No,,https://www.facebook.com/PregnancyCareCenterofUnionCounty/,,https://www.instagram.com/newpathprc/,,,,
HERCHOICE,34-1483437,Bowling Green Pregnancy Center,531 Ridge St,Bowling Green,OH,43402,Care Net,https://herchoicemedical.org/ No,,https://www.facebook.com/BGPregnancyCenter,,,,,https://bgpc.org/,
OAKS FAMILY CARE CENTER,31-1586601,Oaks Family Care Center,4196 Center Rd,Brunswick,OH,44212,"Care Net, Heartbeat International",http://www.oaks-family-care.org/ No,,https://www.facebook.com/ofccbrunswick/,https://www.youtube.comht/tcphsa:/n/wnewl/wU.CinisQtaKgxrKaDm8.cIXomtm/opfLcScA_b7rTujnkgswGiQck/,,,,,
CPC WOMEN'S HEALTH RESOURCE - BRYAN,34-1493562,CPC Women's Health Resource,1410 West High St,Bryan,OH,43506,Heartbeat International,http://cpcnwo.org/ Yes,,https://www.facebook.com/hptatpgse:s///tCwPittCe-rW.coomm/eCnPsC-HWeaHlRth-Resource/103657963043641?ref=tn_tnmn,,,,,,
VOICE OF HOPE PREGNANCY CENTER - BUCYRUS,34-1601965,Bethel Pro Life Ministries Of Wyandot County,115 West Rensselear St,Bucyrus,OH,44820,,https://www.voiceofhopepc.org/ Yes,,https://www.facebook.com/vohpc,,https://www.instagram.com/voiceofhopepc,,,,
OPEN ARMS PREGNANCY CENTER,27-2028979,Open Arms Pregnancy Center,141 South 11th St,Cambridge,OH,43725,"Care Net, Heartbeat International",http://www.oapccambridge.org/ Yes,,https://www.facebook.com/oapccambridge,,,,,,
THE PREGNANCY AND PARENTING CENTER,34-1461765,Pregnancy Support Network,4500 22nd St NW,Canton,OH,44708,Heartbeat International,https://thepregnancyandparentingcenter.com/ No,,https://www.facebook.com/thepregnancyandparentingcenter?mibextid=LhQttQpsJ:4//dwww.instagram.com/thepregnancyandparentingcenter,,,,,,
THE PREGNANCY AND PARENTING CENTER,34-1461765,Pregnancy Support Network,"2645 Cleveland Ave NW, Unit 3",Canton,OH,44709,Heartbeat International,https://thepregnancyandparentingcenter.com/ No,,https://www.facebook.com/thepregnancyandparentingcenter?mibextid=LhQttQpsJ:4//dwww.instagram.com/thepregnancyandparentingcenter,,,,,,
APPALACHIAN HILLS PREGNANCY & PARENTING CENTER,39-3087970,Appalachian Hills Pregnancy And Parenting Center,351 Park Ave,Carrollton,OH,44615,Care Net,https://ahppc.org/ No,,,,,,,,
CHOOSING LIFE PREGNANCY CENTER,26-4731546,Choosing Life Pregnancy Resource Center,560 Touvelle St,Celina,OH,45822,Heartbeat International,http://www.choosinglife.us/ No,,https://www.facebook.com/people/Choosing-Life-Pregnancy-Center-The-Everything-Shoppe/100064617644669/,,,,,,
ELIZABETH'S HOPE WOMEN'S CENTER- CHILLICOTHE,31-1278607,Elizabeths Hope Pregnancy Resources,70 Central Center,Chillicothe,OH,45601,Care Net,https://ehprc.org/ No,,https://www.facebook.com/p/Elizabeths-Hope-Womens-Center-1000635h7t6tp8s3:1//3w2w3w/.instagram.com/elizabeths_hope/,,,,,,
LIFE FORWARD- CLIFTON,31-1113258,Life Forward Pregnancy Care of Cincinnati,2415 Auburn Ave,Cincinnati,OH,45219,"Care Net, Heartbeat International, NIFLA",https://www.lifeforwardcincy.org/ No,,https://www.facebook.com/hlitftepFso:/r/wx.acrodmci/nLcifye/FwdCincy,,https://www.instagram.com/lifeForwarhdtctipnsc:y///www.lifeForwardcincy.org/start,,,,
WOMEN'S CARE CENTER - CINCINNATI,35-1609945,Womens Care Center Inc,2421 Auburn Ave,Cincinnati,OH,45219,,https://www.womenscarecenter.org/cincinnati-ohio No,,,,,,,,
PREGNANCY CENTER PLUS,31-1049716,Pregnancy Center Plus,4760 Madison Rd,Cincinnati,OH,45227,Heartbeat International,https://pcplus.org/ Yes,,https://www.facebook.com/PregnancyCenterPlus,,https://www.instagram.com/pregnancycenterplus/,,,,
PREGNANCY CENTER WEST,31-1029050,Pregnancy Center West Inc,"2859 Boudinot Ave, Suite 320",Cincinnati,OH,45238,Heartbeat International,http://pcwest.org/ Yes,,https://www.facebook.com/hPtrtpesg:n//atwncityteCre.cnotmer/Wpreesgtc/trwest,,https://www.instagram.com/pregnancyhctetpnst:e//rswuepspt/ortpcw.org/,,,,
"A CARING PLACE PREGNANCY HELP CENTER, INC.",31-1506699,A Caring Place Pregnancy Help Center,4446 Mt. Carmel Tobasco Rd,Cincinnati,OH,45244,,http://www.acaringplace.org/ No,,https://www.facebook.com/hAtCtpasr:i/n/xg.Pcolamc/eaC_icnacryin/gplace,,,,,,
LIFE FORWARD - SPRINGDALE,31-1113258,Life Forward Pregnancy Care of Cincinnati,11345 Century Circle West,Cincinnati,OH,45246,"Care Net, Heartbeat International, NIFLA",https://www.lifeforwardcincy.org/ No,,https://www.facebook.com/lifeForwardcincy/,,https://www.instagram.com/lifeForwardcincy/,,,,
WOMEN'S CENTERS OF OHIO - WESTERN HILLS,31-1381901,Elizabeth's New Life Center,3267 Westbourne Dr.,Cincinnati,OH,45240,Heartbeat International,http://womenscenterohio.com/ No,,,,,,,,
WOMEN'S CENTERS OF OHIO -MT HEALTHY,31-1381901,Elizabeth's New Life Center,8146 Hamilton Ave.,Cincinnati,OH,45240,Heartbeat International,http://womenscenterohio.com/ No,,,,,,,,
WOMEN'S CENTERS OF OHIO -FOREST PARK,31-1381901,Elizabeth's New Life Center,1230 West Kemper Rd,Cincinnati,OH,45240,Heartbeat International,http://womenscenterohio.com/ No,,,,,,,,
ELIZABETH'S HOPE WOMEN'S CENTER - CIRCLEVILLE,31-1278607,Elizabeths Hope Pregnancy Resources,157 West High St,Circleville,OH,43113,Care Net,https://ehprc.org/ No,,https://www.facebook.com/p/Elizabeths-Hope-Womens-Center-1000635h7t6tp8s3:1//3w2w3w/.instagram.com/elizabeths_hope/,,,,,,
BIRTHRIGHT OF CLEVELAND,23-7078180,Birthright Inc,960 East 185th St,Cleveland,OH,44119,Birthright International,https://birthrightofcleveland.com/ No,,,,,,,,
LILLI WOMEN'S CENTER,34-1422061,Cleveland Pregnancy Center Inc,3878 Rocky River Dr,Cleveland,OH,44134,Care Net,https://lilliwomenscenter.com/ No,,https://www.facebook.com/hctltepvse:/la/tnwditpterer.gcnoamn/cLyifceewnittehrC/PC,,https://www.instagram.com/clepregnahntctypcse:/n/ctelerv?efblacnliddp=rIewgZnXahn0cbygcNenhtZeWr.o0rCg/MTALAilAli,,,,RW0oXmAennw'sW CCeUndtegr_z6YoJiqUxUzyuEF9jUMSAlUnIJ9lkfarf_rQ8sYmkjA35c_aem_qMEg4DygZFJFp2eOV5YccA
PREGNANCY DECISION HEALTH CENTER - CAMPUS,31-1002913,Pregnancy Decision Health Centers,22 East 17th Ave,Columbus,OH,43201,Heartbeat International,http://www.pdhc.org/ Yes,,https://www.facebook.com/hMttypPsD://HtwCitter.com/MyPDHC,,https://www.instagram.com/pregnancydecisioncenters/,,,,
MATERNITY RESOURCE CENTER,31-1270905,Baptist For Life Of Central Ohio Inc,3417 Palmetto St,Columbus,OH,43204,,http://www.bflco.org/ No,,,,,,,,
WOMEN'S CARE CENTER - BROAD ST,35-1609945,Womens Care Center Inc,935 East Broad St,Columbus,OH,43205,,https://www.womenscarecenter.org/columbus No,,,,,,,,
STOWE PREGNANCY RESOURCE CENTER,32-0326645,Stowe Baptist Center,888 Parsons Ave,Columbus,OH,43206,,https://www.stoweprc.org/ Yes,,https://www.facebook.com/stoweprc/,,https://www.instagram.com/stoweprc?higttsphsi:d//=sYtomwMemyMisTsiAo2nM.o2rgY/%3D,,,,
WOMEN'S CARE CENTER - MAIN ST,35-1609945,Womens Care Center Inc,3723 East Main St,Columbus,OH,43213,,https://www.womenscarecenter.org/columbus No,,,,,,,,
THE WOMEN'S CLINIC OF COLUMBUS,26-2134649,The Womens Clinic Of Columbus,"3242 East Main St, Suite 2",Columbus,OH,43213,,https://columbustwc.org/ No,,https://www.facebook.com/TheWomensClinicColumbus/,,https://www.instagram.com/womenscliniccolumbus/,,,,
BIRTHRIGHT OF COLUMBUS,23-7160094,Birthright of Columbus,3445 Great Western Blvd,Columbus,OH,43215,Birthright International,https://birthright.org/columbusohmain/ No,,https://www.facebook.com/BirthrightColumbusOH/,,,,,,
PREGNANCY DECISION HEALTH CENTER - WEST,31-1002913,Pregnancy Decision Health Centers,4111 West Broad St,Columbus,OH,43228,Heartbeat International,http://www.pdhc.org/ Yes,,https://www.facebook.com/hMttypPsD://HtwCitter.com/MyPDHC,,https://www.instagram.com/pregnancydecisioncenters/,,,,
ALPHA PREGNANCY HELP CENTER,31-1166949,W E L S Lutherans For Life Of Metro Columbus Inc,"2999 East Dublin Granville Road, Suite 218",Columbus,OH,43231,,http://www.justasking.org/ No,,,,,,,,
PREGNANCY DECISION HEALTH CENTER - NORTH,31-1002913,Pregnancy Decision Health Centers,5900 Cleveland Ave,Columbus,OH,43231,Heartbeat International,http://www.pdhc.org/ Yes,,https://www.facebook.com/hMttypPsD://HtwCitter.com/MyPDHC,,https://www.instagram.com/pregnancydecisioncenters/,,,,
"PREGNANCY CENTER OF COSHOCTON, INC.",34-1683333,Pregnancy Center of Coshocton Inc,511 Walnut St,Coshocton,OH,43812,,https://pregnancycenterofcoshocton.com/ Yes,,https://www.facebook.com/Pregnancy-Distress-Center-of-Coshocton-Inc-407469856042801/,,,,,,
AKRON PREGNANCY SERVICES - CUYAHOGA FALLS,34-1439564,Akron Pregnancy Services,2051 State Rd,Cuyahoga Falls,OH,44223,Heartbeat International,http://www.akronpregnancyservices.com/ No,,https://www.facebook.com/akronpregnancyservices?mibextid=LQQJ4dhttps://www.instagram.com/akron.pregnancy.services/,,,,,,
HOPE RISING PREGNANCY CENTER- KETTERING,31-1068733,Hope Rising Pregnancy Center Inc,2345 West Stroop Rd,Dayton,OH,45439,"Care Net, Heartbeat International",https://hoperising.org/kettering-pregnancy-services/ Yes,,https://www.facebook.com/pages/Miami-Valley-Womens-Center/826124320801456,,,,,,
WOMEN'S CENTERS OF OHIO - EAST,31-1381901,Elizabeth's New Life Center,"4787 Burkhardt Ave, Suite 201",Dayton,OH,45403,Heartbeat International,http://womenscenterohio.com/ No,,,,,,,,
WOMEN'S CENTERS OF OHIO- NORTH DIXIE,31-1381901,Elizabeth's New Life Center,5250A North Dixie Dr.,Dayton,OH,45403,Heartbeat International,http://womenscenterohio.com/ No,,,,,,,,
WOMEN'S CENTERS OF OHIO - DAYTON,31-1381901,Elizabeth's New Life Center,"359 Forest Ave, Suite 105",Dayton,OH,45405,Heartbeat International,http://womenscenterohio.com/ No,,,,,,,,
HOPE RISING PREGNANCY CENTER- NORTH DAYTON,31-1068733,Hope Rising Pregnancy Center Inc,4247 Philadelphia Dr,Dayton,OH,45405,"Care Net, Heartbeat International",https://hoperising.org/north-dayton-pregnancy-center/ Yes,,,,,,,,
CPC WOMEN'S HEALTH RESOURCE - DEFIANCE,34-1493562,CPC Women's Health Resource,1997 North Clinton St,Defiance,OH,43512,Heartbeat International,http://cpcnwo.org/ Yes,,https://www.facebook.com/hCttPpCs:-/W/twoimtteern.cso-Hme/CalPthC-RWeHsoRurce-103657963043641/?ref=tn_tnmn,,,,,,
PREGNANCY RESOURCES OF DELAWARE COUNTY,14-1859394,The Core Center,43 Northwood Dr,Delaware,OH,43015,"Care Net, Heartbeat International",https://pregnantdelawarecounty.org/ No,,https://www.facebook.com/pregnancyresourcesofdelawarecounty,,,,,https://www.pregnancyresourcesdelco.org/,
AVA WOMEN'S CENTER,34-1538818,Heartbeat Of Columbiana County Inc,130 West 5th St,East Liverpool,OH,43920,Heartbeat International,https://www.avawomenscenter.com/ Yes,,https://www.facebook.com/avawomenscenter/,,https://www.instagram.com/avawomenscenter/,,,,
BIRTHRIGHT OF EATON,34-1871076,Birthright of Eaton,212 East High St,Eaton,OH,45320,Birthright International,https://birthrightofeaton.org/ No,,https://www.facebook.com/birthrightofeaton/,,,,,,
BIRTHRIGHT OF ELYRIA,23-7265872,Birthright Of Lorain County Inc,2136 North Ridge Rd,Elyria,OH,44035,Birthright International,http://birthright.org/elyria No,,https://www.facebook.com/people/Birthright-of-Lorain-County/100063709702960/,,,,,,
CORNERSTONE PREGNANCY SERVICES,34-1487107,Cornerstone Pregnancy Services,364 Griswold Rd,Elyria,OH,44035,"Care Net, Heartbeat International, NIFLA",http://cornerstonepregnancy.org/ Yes,,https://www.facebook.com/hctotprnse:/r/stwtoitnteera.cwom/cornerstonepreg,,https://www.instagram.com/cornerstonepreg_life/?igshid%2074h74q47i5z=,,,,
WOMEN'S RESOURCE CENTER OF HANCOCK COUNTY,34-1781994,Womens Resource Center Of Hancock County Inc,1011 North Main St,Findlay,OH,45840,Care Net,http://wrchancock.org/ Yes,,https://www.facebook.com/wrchancock/,,https://www.instagram.com/wrchancochktt/ps://friendsofwrchancock.org/,,,,
CARING HANDS PREGNANCY CENTER,34-1527931,Caring Hands Center Inc,131 West Center St,Fostoria,OH,44830,Heartbeat International,https://www.wecarefostoria.com/ No,,https://www.facebook.com/people/Caring-Hands-Pregnancy-and-Parenting-Support/100063618728036/,,,,,,
HEARTBEAT HOPE MEDICAL PREGNANCY CENTER- FOSTORIA,34-1619005,Heartbeat Of Fremont,513 Plaza Dr,Fostoria,OH,44830,Heartbeat International,https://hope-medical.org/ No,,,,,,,,
HEARTBEAT HOPE MEDICAL PREGNANCY CENTER - FREMONT,34-1619005,Heartbeat Of Fremont,300 South Front St,Fremont,OH,43420,Heartbeat International,https://hope-medical.org/ No,,https://www.facebook.com/HeartbeatofFremont,,https://www.instagram.com/heartbeathhottppesm://ewdwicwa.lf/riendsofheartbeat.org/,,,,
WOMANKIND,51-0168651,Womankind Inc,"5350 Transportation Blvd, Suite 18",Garfield Heights,OH,44125,,https://womankind-cleveland.org/ No,,https://www.facebook.com/people/Womankind-Inc/100087345966374/?shktt=pgsr:i/d/www.instagram.com/womankindcleveland75/,,,,,,
PREGNANCY RESOURCE CENTER,31-1348780,Pregnancy Resource Center,"852 Mt. Orab Pike, Suite B",Georgetown,OH,45121,Heartbeat International,http://pregnancyhope.com/ Yes,,https://www.facebook.com/PRCAPlaceofHope/,,https://www.instagram.com/prcaplaceohfthtposp:/e/w/ww.facebook.com/groups/pregnancyresourcecenter/,,,,
DARKE COUNTY PREGNANCY HELP CENTER,45-3909386,Darke County Pregnancy Help Center Inc,534 South Broadway St,Greenville,OH,45331,Heartbeat International,http://www.dcphc.org/ No,,https://www.facebook.com/darkecountyphc,,,,,,
PATHWAY TO HOPE PREGNANCY CARE CENTER,46-4056218,Pathway To Hope Pregnancy Care Center,202 South Monument Ave,Hamilton,OH,45011,Heartbeat International,http://www.pathwaytohopepcc.org/ Yes,,https://www.facebook.com/supportpathway/,,https://www.instagram.com/pathwaytohhtotppse:h//asumpilptoonrt/pathway.com/#new_tab,,,,
REACH OUT PREGNANCY CENTER,31-1407489,Reach Out Pregnancy Center,803 East Broadway St,Harrison,OH,45030,Care Net,http://www.reachoutpregnancy.com/ Yes,,https://www.facebook.com/reachoutpregnancy,,https://www.instagram.com/reachout.pc/,,,,
SOUTHERN OHIO PREGNANCY CENTER,31-1295736,Southern Ohio Pregnancy Center Inc,135 West Walnut St,Hillsboro,OH,45133,,https://pregnantnotpregnant.com/ No,,https://www.facebook.com/profile.php?id=100064373514682,,,,,https://sopcwecare.com/,
HOPE RISING PREGNANCY CENTER - HUBER HEIGHTS,31-1068733,Hope Rising Pregnancy Center Inc,7079-A Taylorsville Rd,Huber Heights,OH,45424,"Care Net, Heartbeat International",https://hoperising.org/ Yes,,https://www.facebook.com/Miami-Valley-Womens-Center-826124320801456/,,,,,,
TWO HEARTS PREGNANCY CARE CENTER - IRONTON,61-1366831,Two Hearts Ashland Area Pregnancy Care Center,1726 South 3rd St,Ironton,OH,45638,Care Net,https://twoheartspcc.org/index.html No,,https://www.facebook.com/profile.php?id=100057737826596,,,,,,
ELIZABETH'S HOPE WOMEN'S CENTER - JACKSON,31-1278607,Elizabeths Hope Pregnancy Resources,14761 SR 93,Jackson,OH,45640,Care Net,https://ehprc.org/ No,,https://www.facebook.com/p/Elizabeths-Hope-Womens-Center-1000635h7t6tp8s3:1//3w2w3w/.instagram.com/elizabeths_hope/,,,,,,
HEARTBEAT OF HARDIN COUNTY,34-1310246,Heartbeat Of Hardin County,220 East Franklin St,Kenton,OH,43326,,https://www.heartbeatofhardin.org/ No,,https://www.facebook.com/heartbeatofHardincounty,,,,,,
WOMEN'S CENTERS OF OHIO - KETTERING,31-1381901,Elizabeth's New Life Center,"1377 East Stroop Rd, Suite 301",Kettering,OH,45429,Heartbeat International,http://womenscenterohio.com/ No,,,,,,,,
BIRTHRIGHT OF CLEVELAND - LAKEWOOD,23-7078180,Birthright Inc,"14701 Detroit Ave, Room 700",Lakewood,OH,44107,Birthright International,https://www.birthrightofcleveland.com/ No,,,,,,,,
PREGNANCY DECISION HEALTH CENTER - LANCASTER,31-1002913,Pregnancy Decision Health Centers,3030 Columbus-Lancaster Rd NW,Lancaster,OH,43130,Heartbeat International,http://www.pdhc.org/ Yes,,https://www.facebook.com/hMttypPsD://HtwCitter.com/MyPDHC,,https://www.instagram.com/pregnancydecisioncenters/,,,,
WOMEN'S CENTERS OF OHIO - LEBANON,31-1381901,Elizabeth's New Life Center,"736 Columbus Ave, Suite A",Lebanon,OH,45036,Heartbeat International,http://womenscenterohio.com/ No,,,,,,,,
HEARTBEAT OF LIMA - MAIN,23-7293587,Heartbeat of Lima,421 South Cable Rd,Lima,OH,45805,Heartbeat International,http://www.heartbeatoflima.org/ Yes,,https://www.facebook.com/HeartbeatofLimaInc/,,,,,https://support.heartbeatoflima.org/,
LIFEPOINTE FAMILY CENTER,26-3011791,Lifepointe Family Center Inc,57 West High St,London,OH,43140,Heartbeat International,https://www.lifepointefamilycenter.org/ No,,https://www.facebook.com/pages/Lifepoint-Family-Center/110321762363351,,,,,,
LIFE FORWARD - LOVELAND,31-1113258,Life Forward Pregnancy Care of Cincinnati,11020 South Lebanon Rd,Loveland,OH,45140,"Care Net, Heartbeat International, NIFLA",https://www.lifeforwardcincy.org/ No,,https://www.facebook.com/lifeForwardcincy/,,https://www.instagram.com/lifeForwardcincy/,,,,
RICHLAND PREGNANCY SERVICES,34-1538951,Richland Crisis Pregnancy Services,1560 West 4th St,Mansfield,OH,44906,Care Net,http://www.richlandpregnancy.com/ Yes,,https://www.facebook.com/RichlandPregnancyServices/,,https://www.instagram.com/richlandpregnancyservices/?hl=en,,,,
VOICE OF HOPE PREGNANCY CENTER - MARION,34-1601965,Bethel Pro Life Ministries Of Wyandot County,217 West Center St,Marion,OH,43302,,https://www.voiceofhopepc.org/ Yes,,https://www.facebook.com/vohpc,,https://www.instagram.com/voiceofhopepc,,,,
NEW PATH PREGNANCY RESOURCE CENTERS - MARYSVILLE,31-1311212,Pregnancy Care Center Of Union County,805 West 6th St,Marysville,OH,43040,Care Net,http://www.newpathprc.com/ No,,https://www.facebook.com/PregnancyCareCenterofUnionCounty/,,https://www.instagram.com/newpathprc/,,,,
OASIS OF HOPE PREGNANCY & PARENTING SUPPORT CENTER,27-3522768,Oasis Of Hope Pregnancy & Parenting Support Center,710 North Court St,Medina,OH,44256,Heartbeat International,http://www.oasisofmedina.com/ Yes,,https://www.facebook.com/oasisofhopeppsc/,,https://www.instagram.com/oasisofhopeppsc,,,,
"BIRTHRIGHT LAKE, INC.",23-7351568,Birthright Lake,7237 Industrial Park Blvd,Mentor,OH,44060,Birthright International,http://www.birthrightlake.org/ No,,https://www.facebook.com/birthrightlake,,,,,,
COMMUNITY PREGNANCY CENTER,31-1149133,Community Pregnancy Center,3717 Roosevelt Blvd,Middletown,OH,45044,Care Net,http://www.pregnancychoice.net/ No,,https://www.facebook.com/hCttopms:m//tuwniitttyePr.rceogmn/aCnocmhy/tmtpPs:r/e/wgCwewn.yteorutube.com/user/CommunityPregnancyOH/videos,,,,,,
HEARTBEAT OF MORROW COUNTY,31-1519013,Heartbeat Of Morrow County Inc,712 Baker St,Mt. Gilead,OH,43338,Heartbeat International,https://www.heartbeatofmorrowcounty.com/ No,,https://www.facebook.com/HeartbeatofMC/,,,,,,
STARTING POINT PREGNANCY & FAMILY RESOURCE CENTER,31-1233290,Knox Pregnancy Services Incorporated,11 Woodlake Trail,Mt. Vernon,OH,43050,"Care Net, Heartbeat International",http://knoxstartingpoint.com/ Yes,,https://www.facebook.com/knoxcountystartingpoint/,,https://www.instagram.com/knox_starthinttgp_sp:/o/firniet/ndsofksp.com/about-starting-point-2022,,,,
CPC WOMEN'S HEALTH RESOURCE - NAPOLEON,34-1493562,CPC Women's Health Resource,1801 Oakwood Ave,Napoleon,OH,43545,Heartbeat International,http://cpcnwo.org/ Yes,,https://www.facebook.com/hCttPpCs:-/W/twoimtteern.cso-Hme/CalPthC-RWeHsoRurce-103657963043641/?ref=tn_tnmn,,,,,,
PREGNANCY RESOURCE CENTER OF ATHENS COUNTY - NELSONVILLE,31-1161912,Pregnancy Resource Center Of Athens County,205 West Columbus St.,Nelsonville,OH,45764,Care Net,http://www.athenspregnancy.com/ No,,https://www.facebook.com/PregnancyResourceCenterAthens,,,,,https://prcfriendsonline.com/,
BIRTHRIGHT OF NEW PHILADELPHIA,34-1711272,Birthright of New Philadelphia,1159 12th St NW,New Philadelphia,OH,44663,Birthright International,http://birthright.org/newphiladelphia No,,https://www.facebook.com/people/Birthright-of-New-Philadelphia/100089576689815/,,,,,,
HEARTBEATS - NEWARK,23-7316671,Heartbeats For Life,336 East Main St,Newark,OH,43055,"Heartbeat International, NIFLA",http://heartbeats.org/ Yes,,https://www.facebook.com/heartbeatspregnancycenter/,,https://www.instagram.com/HeartbeathsPttpresg:/n/habnfcl.yuCs/enter/,,,,
BIRTHRIGHT OF GEAUGA,34-1173545,Birthright Geauga,12304 Kinsman Rd,Newbury Township,OH,44065,Birthright International,https://www.birthrightgeauga.org/ No,,https://www.facebook.com/birthrightgeauga,,,,,,
ABIGAIL PREGNANCY SERVICES - NORWALK,34-1620641,Abigail Ministries,3900 Laylin Rd,Norwalk,OH,44857,"Care Net, Heartbeat International, NIFLA",https://www.abigailpregnancyservices.org/ Yes,,https://www.facebook.com/FriendsofAbigail,,https://www.facebook.com/AbigailPreghnttapn:/c/fyrSieenrdvsicoefasb/igail.com/,,,,
OXFORD WOMEN'S CARE CENTER,31-1126521,Oxford Womens Care Center Inc,10 Reagh's Way,Oxford,OH,45003,Care Net,https://www.oxfordwomenscarecenter.com/ No,,https://www.facebook.com/profile.php?id=100064473590384&ref=page_internal,,,,,,
BIRTHRIGHT OF CLEVELAND - PARMA HEIGHTS,23-7078180,Birthright Inc,5851 Pearl Rd Suite 202,Parma Heights,OH,44130,Birthright International,https://www.birthrightofcleveland.com/ No,,,,,,,,
ZOE FOR LIFE!,34-1881888,Zoe for Life,5454 State Rd,Parma,OH,44134,,https://zoeforlife.org/ No,,https://www.facebook.com/ZOEforLifeNational,,,,,,
"HANDS OF HOPE PREGNANCY SERVICES, INC.",46-1195331,Hands Of Hope Pregnancy Services Inc,"1030 West Wayne St, Suite A",Paulding,OH,45879,Heartbeat International,http://www.handsofhopepaulding.org/ Yes,,https://www.facebook.com/HandsOfHopePaulding/,,https://www.instagram.com/handsofhopepregnancyservices/,,,,
PREGNANCY RESOURCE CENTER OF ATHENS COUNTY - POMEROY,31-1161912,Pregnancy Resource Center Of Athens County,260 Mulberry Ave,Pomeroy,OH,45769,Care Net,http://www.athenspregnancy.com/ No,,https://www.facebook.com/PregnancyResourceCenterAthens,,,,,https://prcfriendsonline.com/,
HEARTBEAT OF OTTAWA COUNTY,34-1680562,Heartbeat of Ottawa County,140 Buckeye Blvd. Suite E,Port Clinton,OH,43452,Heartbeat International,https://heartbeatpc.org/ Yes,,https://heartbeatpc.org/,,,,,,
NEW PATH PREGNANCY RESOURCE CENTERS - RICHWOOD,31-1311212,Pregnancy Care Center Of Union County,5 South Clinton St,Richwood,OH,43344,Care Net,http://www.newpathprc.com/ No,,https://www.facebook.com/PregnancyCareCenterofUnionCounty/,,https://www.instagram.com/newpathprc/,,,,
SOPHIA WOMEN'S CENTER,31-1021928,Sophia Women's Center,1830 South Lincoln Ave,Salem,OH,44460,Heartbeat International,http://sophiawomenscenter.com/ No,,https://www.facebook.com/sophiawomenscenter,,,,,,
HEARTBEAT OF SANDUSKY,34-1326775,Heartbeat of Sandusky,3423 Columbus Ave,Sandusky,OH,44870,Heartbeat International,https://www.heartbeatofsanduskyohio.com/ No,,https://www.facebook.com/HeartbeatSandusky,,,,,,
WOMEN'S CENTERS OF OHIO - SIDNEY,31-1381901,Elizabeth's New Life Center,2579 Michigan St,Sidney,OH,45365,Heartbeat International,http://womenscenterohio.com/ No,,,,,,,,
PREGNANCY RESOURCE CLINIC OF CLARK COUNTY,31-1199270,Pregnancy Resource Clinic Of Clark County Ohio Inc,1010 South Limestone St,Springfield,OH,45505,Care Net,https://www.prcclarkcounty.org/ Yes,,https://www.facebook.com/YourPRC,,https://www.instagram.com/prcclarkcounty/,,,,
PREGNANCY RESOURCE CENTER OF CLARK COUNTY,31-1199270,Pregnancy Resource Clinic Of Clark County Ohio Inc,1061 North Bechtle Ave,Springfield,OH,45504,Care Net,https://www.prcclarkcounty.org/ Yes,,https://www.facebook.com/YourPRC,,https://www.instagram.com/prcclarkcounty/,,,,
AIM WOMEN'S CENTER,34-1567102,Aim Womens Center,248 North 5th St,Steubenville,OH,43952,Heartbeat International,http://www.aimwomenscenter.com/ No,,https://www.facebook.com/profile.php?id=100067092071295,,https://www.instagram.com/aim_womehnttsp_sc:/e/wntwewr/.supportaim.org/,,,,
HEARTBEAT HOPE MEDICAL CENTER - TIFFIN,34-1619005,Heartbeat Of Fremont,380 West Market St,Tiffin,OH,44883,Care Net,http://www.hope-medical.org/ No,,https://www.facebook.com/HeartbeatofFremont/,,https://www.instagram.com/heartbeathhottppesm://ewdwicwa.lf/riendsofheartbeat.org/,,,,
PREGNANCY CENTER OF GREATER TOLEDO,34-1441574,Bella Vita Network,716 North Westwood Ave,Toledo,OH,43607,Care Net,http://www.pregnancycenter.org/ Yes,,https://www.facebook.com/pregnancycenteroftoledo/,,,,,https://bellavitanetwork.org/our-story/,
YOUR FIRST LOOK WOMEN'S CENTER,23-7404777,Heartbeat of Toledo,"3950 Sunforest Ct., Suite 100",Toledo,OH,43623,Heartbeat International,http://yourfirstlook.org/ No,,https://www.facebook.com/yourfirstlook,,https://www.instagram.com/heartbeatoftoledo/,,,,
VOICE OF HOPE PREGNANCY CENTER - UPPER SANDUSKY,34-1601965,Bethel Pro Life Ministries Of Wyandot County,134 East Wyandot Ave,Upper Sandusky,OH,43351,Care Net,https://www.voiceofhopepc.org/ Yes,,https://www.facebook.com/vohpc,,https://www.instagram.com/voiceofhopepc,,,,
SYCAMORE HOUSE PREGNANCY & FAMILY LIFE CENTER,31-1432838,Pregnancy Center Of Champaign County Inc,647 Bodey Circle,Urbana,OH,43078,Care Net,https://sycamorehouseprc.org/ No,,https://www.facebook.com/sycamorehousepregnancycenter,,https://www.instagram.com/sycamore_house_pregnancy/,,,,
PLC HEALTH CLINIC,34-1899576,Pregnancy Life Center,215 North Market St,Van Wert,OH,45891,Heartbeat International,https://www.plchealthclinic.org/patients Yes,,https://www.facebook.com/PLCHealthClinic,,https://www.instagram.com/plchealthchlitntpicsv:w//w/ww.plchealthclinic.org/supporters/,,,,
FAMILY LIFE CENTER OF AUGLAIZE COUNTY,20-8682268,Family Life Center of Auglaize County,1302 Defiance St,Wapakoneta,OH,45895,,https://www.flcac.com/ No,,https://www.facebook.com/familylifecenterofauglaizecounty,,,,,,
BELLA WOMEN'S CENTER,34-1671155,Bella Womens Center,1192 North Rd NE,Warren,OH,44483,Heartbeat International,http://www.bellawomenscenter.com/ Yes,,https://www.facebook.com/bellawomenscenter/,,https://www.instagram.com/bellawomenscenter/,,,,
LIFE PREGNANCY CENTER,91-2054255,Life Is For Eternity Pregnancy Center,238 South Fayette St,Washington Courthouse,OH,43160,"Care Net, Heartbeat International",http://www.pregnancycenterwch.org/ Yes,,https://www.facebook.com/pregnancycenterWCH,,https://www.instagram.com/pregnancyhctetpnst:e//rwwwchw/.lifepregnancy.org/,,,,
CPC WOMEN'S HEALTH RESOURCE - WAUSEON,34-1493562,CPC Women's Health Resource,1499 North Glenwood Ave,Wauseon,OH,43567,Heartbeat International,http://cpcnwo.org/ Yes,,https://www.facebook.com/hCttPpCs:-/W/twoimtteern.cso-Hme/CalPthC-RWeHsoRurce-103657963043641/?ref=tn_tnmn,,,,,,
ELIZABETH'S HOPE WOMEN'S CENTER - WAVERLY,31-1278607,Elizabeths Hope Pregnancy Resources,14062 US Hwy 23 Suite A,Waverly,OH,45690,Care Net,https://ehprc.org/ No,,https://www.facebook.com/p/Elizabeths-Hope-Womens-Center-1000635h7t6tp8s3:1//3w2w3w/.instagram.com/elizabeths_hope/,,,,,,
ADAMS COUNTY CRISIS PREGNANCY CENTER,31-1544075,Adams County Crisis Pregnancy Center,11827 State Route 41,West Union,OH,45693,Heartbeat International,https://adamscountyprc.com/ Yes,,https://www.facebook.com/AdamsCountyPregnancyResourceCenter/,,,,,,
VALUE LIFE,31-0958725,Vineyard Christian Fellowship Of Columbus,6000 Cooper Rd,Westerville,OH,43081,,http://www.Vineyardcolumbus.org/ministries/value-life/abouNt/o,,https://www.facebook.com/hVtitnpesy:/a/trwdiCtteorlu.cmobmu/sVineyardcbus,,https://www.instagram.com/Vineyardcolumbus/,,,,
ABIGAIL PREGNANCY SERVICES - WILLARD,34-1620641,Abigail Ministries,124 West Maple St,Willard,OH,44890,"Care Net, Heartbeat International, NIFLA",https://www.abigailpregnancyservices.org/ Yes,,https://www.facebook.com/AbigailPregnancyServices/,,,,,http://friendsofabigail.com/,
NEW LIFE CLINIC,31-1175904,New Life Clinic,100 South South St,Wilmington,OH,45177,Care Net,http://www.newlifesupport.org/ Yes,,https://www.facebook.com/hNttepwsL:/i/ftewCitltienri.ccWomilm/Ninegwto_nL/ife_Clinic,,https://www.instagram.com/newlifeclinic/,,,,
PREGNANCY CARE CENTER OF WAYNE COUNTY,34-1443269,Pregnancy Care Center Of Wayne County Inc,331 West Liberty St,Wooster,OH,44691,Care Net,http://www.pccwayneoh.org/ Yes,,https://www.facebook.com/PregnancyCareCenterWayne/,,https://www.instagram.com/pccwayne/,,,,
HOPE RISING PREGNANCY CENTER - XENIA,31-1068733,Hope Rising Pregnancy Center Inc,245 South Allison Ave,Xenia,OH,45385,"Care Net, Heartbeat International",https://hoperising.org/xenia/ Yes,,https://www.facebook.com/Miami-Valley-Womens-Center-826124320801456/,,,,,,
PREGNANCY HELP CENTER,34-1553537,Crisis Pregnancy Center Of Mahoning County,"4845 Market St, Suite 13",Youngstown,OH,44512,Care Net,http://pregnancyhelpcenter.com/ Yes,,https://www.facebook.com/PregnancyHelpCenterYoungstownOH/,,https://www.instagram.com/pregnancyhelp_youngstown/,,,,
HEARTBEATS - ZANESVILLE,23-7316671,Heartbeats For Life,2447 Maple Ave,Zanesville,OH,43701,"Heartbeat International, NIFLA",http://heartbeats.org/ Yes,,https://www.facebook.com/HeartbeatsPregnancyCenter,,https://www.instagram.com/heartbeatshpttrpesg:n//ahnbcfly.ucse/nter/,,,,
HOUSE OF HOPE PREGNANCY CARE CENTER,73-1417775,House of Hope Pregnancy Care Center,509 East 12th St,Ada,OK,74820,Care Net,https://www.houseofhopeada.org/ No,,https://www.facebook.com/AdaHouseofHope,,,,,,
PATHWAYS PREGNANCY SERVICES,73-1620216,Pathways A Pregnancy Resource Center Inc,"1721 North Main St, Suite 2",Altus,OK,73521,Care Net,https://pathwayspregnancyservices.org/ No,,https://www.facebook.com/altusLifeServices,,,,,,
HOPE PREGNANCY CENTER- ALVA,73-1435473,Oklahoma Baptist Homes For Children Inc,427 Barnes Ave,Alva,OK,73717,"Care Net, Heartbeat International",http://thinkimpregnant.org/ Yes,,https://www.facebook.com/HopePregnancyCentersOklahoma/?ref=br_rs,,,,,,
COMPASS PREGNANCY CENTER,20-2730869,Pregnancy Support Center Of Caddo County,508 West Kentucky Ave,Anadarko,OK,73005,Care Net,https://www.compasspregnancy.org/ No,,https://www.facebook.com/profile.php?id=100064111415754,,,,,,
HOPE PREGNANCY CENTER - ARDMORE,73-1435473,Oklahoma Baptist Homes For Children Inc,921 North Washington St,Ardmore,OK,73401,"Care Net, Heartbeat International",http://thinkimpregnant.org/ Yes,,https://www.facebook.com/hHttoppse:/P/wrewgwn.afancceyCboeonkte.crosOmk/HlaohpoemPare/?grneaf=nbcry_CrsentersOklahoma/?ref=br_rs,,,,,,
BIRTHRIGHT OF BARTLESVILLE,73-1073500,Birthright of Bartlesville,301 South Seneca Ave,Bartlesville,OK,74003,Birthright International,http://birthright.org/bartlesville No,,https://www.facebook.com/BirthrightofBartlesville/,,,,,,
NEW HOPE PREGNANCY CENTER - BEAVER,73-1461710,Panhandle for Life,107 Avenue G,Beaver,OK,73932,,https://panhandleforlife.org/ No,,,,,,,,
WILLOW PREGNANCY SUPPORT- BETHANY,23-7350798,Willow Pregnancy Support Of Oklahoma Inc,6006 North Rockwell Ave,Bethany,OK,73008,,https://willowpregnancy.org Yes,,https://www.facebook.com/Birth-Choice-of-Oklahoma-Inc-15059813545/h?trtepfs=:h//lwww.instagram.com/birth_choice_of_oklahoma/,,,,,,
LIFE CHOICES CHICKASHA,73-1346184,Life Choices Chickasha Inc,1201 West Choctaw Ave,Chickasha,OK,73018,Heartbeat International,http://www.lifechoiceschickasha.com/ No,,https://www.facebook.com/Lifechoiceschickasha/,,https://www.instagram.com/lifechoices_chickasha/,,,,
HEART TO HEART PREGNANCY CLINIC,73-1458651,Pregnancy Care Center Inc,123 South 10th St,Clinton,OK,73601,Care Net,https://pregnancyhelpwestok.net/ No,,https://www.facebook.com/Heart2HeartPC/,,,,,,
PREGNANCY CENTER OF BRYAN COUNTY,73-1574470,Pregnancy Center of Bryan County,308 North 2nd Ave,Durant,OK,74701,Heartbeat International,https://www.pregnancycenterdurant.com/ Yes,,https://www.facebook.com/pregnancycenterbc,,,,,,
HOPE PREGNANCY CENTER- EDMOND,73-1435473,Oklahoma Baptist Homes For Children Inc,1033 North Bryant,Edmond,OK,73034,"Care Net, Heartbeat International",http://thinkimpregnant.org/ Yes,,,,,,,,
CROSSROADS CLINIC - GUTHRIE,73-1384866,Crossroads An Open Door For Life Choices Inc,3077 East College Ave,Guthrie,OK,73044,Care Net,http://www.crossroadsclinicok.com/ No,,,,,,,https://friendsofcrossRoads.org/,
HOPE PREGNANCY CENTER - GUYMON,73-1461710,Panhandle for Life,1810 North East St,Guymon,OK,73942,,https://panhandleforlife.org/ No,,https://www.facebook.com/people/Hope-Pregnancy-Center-GuymonOK/100063526689768/,,,,,,
HUGO PREGNANCY CARE CENTER,20-3795140,Hugo Pregnancy Care Center,1006 West Jackson St,Hugo,OK,74743,,https://hugopregnancycarecenter.com/ No,,https://www.facebook.com/people/Hugo-Pregnancy-Care-Center/100063789361824/,,,,,,
WEECARE PREGNANCY RESOURCES,26-0742089,WeeCare Pregnancy Resources Inc,110 East Main St,Idabel,OK,74701,,https://pregnancynet.org/wee-care-pregnancy-resources-idYaebsel/,,https://www.facebook.com/weecareidabel/,,,,,,
LIGHTHOUSE PREGNANCY RESOURCE CENTER,84-1675786,Lighthouse Pregnancy Resource Center,638 North 5th St,Jay,OK,74346,Heartbeat International,https://www.lhprc.org/ No,,https://www.facebook.com/LighthousePregnancyCenter,,,,,,
PREGNANCY RESOURCE CENTER OF SOUTHWEST OKLAHOMA,73-1462136,Pregnancy Resource Center Of Southwest Oklahoma Inc,319 Southwest C Ave,Lawton,OK,73501,,https://prclawton.com/ No,,https://www.facebook.com/prclawton/,,https://www.instaghrtatpms.:c//owmw/wpr.ctilkatwokto.cno/hmtt/p@s:p//rpcrscwlaowktonfriends.com/,,,,
COMPASSION PREGNANCY CENTER,,,1330 East Monroe St,McAlester,OK,74501,,https://www.cpcenterok.com/ Yes,,https://www.facebook.com/Birth-Choice-of-Oklahoma-Inc-15059813545/h?trtepfs=:h//lwww.instagram.com/birth_choice_of_oklahoma/,,,,,,
MUSKOGEE PREGNANCY RESOURCE CENTER,73-1298555,Pregnancy Resource Center Inc,"2421 South York St, Suite 15",Muskogee,OK,74401,Care Net,https://www.prcmuskogee.org/ No,,https://www.facebook.com/MuskogeePRC/,,,,,,
THE EDEN CLINIC,73-1506566,The Eden Clinic Inc,"1125 North Porter, Suite 200",Norman,OK,73069,Care Net,https://theedenclinic.com/ Yes,,https://www.facebook.com/EdenClinicWomen,,,,,,
CROSSROADS CLINIC - OKLAHOMA CITY,73-1384866,Crossroads An Open Door For Life Choices Inc,"1107 Northwest 23rd St, Suite F",Oklahoma City,OK,73106,Care Net,http://www.crossroadsclinicok.com/ No,,,,,,,https://friendsofcrossRoads.org/,
WILLOW PREGNANCY SUPPORT- OKLAHOMA CITY,23-7350798,Willow Pregnancy Support Of Oklahoma Inc,4701 S outh Western Ave,Oklahoma City,OK,73109,,https://www.willowpregnancy.org/ Yes,,https://www.facebook.com/WillowPregnancySupport/,,,,,,
HOPE PREGNANCY CENTER - OKC NORTH,73-1435473,Oklahoma Baptist Homes For Children Inc,10327 North May Ave,Oklahoma City,OK,73120,"Care Net, Heartbeat International",http://thinkimpregnant.org/ Yes,,https://www.facebook.com/hHttoppse:/P/wrewgwn.afancceyCboeonkte.crosOmk/HlaohpoemPare/?grneaf=nbcry_CrsentersOklahoma/?ref=br_rs,,,,,,
HOPE PREGNANCY CENTER - OKC SOUTH,73-1435473,Oklahoma Baptist Homes For Children Inc,1624 Southwest 82nd St,Oklahoma City,OK,73159,"Care Net, Heartbeat International",http://thinkimpregnant.org/ Yes,,https://www.facebook.com/hHttoppse:/P/wrewgwn.afancceyCboeonkte.crosOmk/HlaohpoemPare/?grneaf=nbcry_CrsentersOklahoma/?ref=br_rs,,,,,,
PREGNANCY RESOURCE CENTER OF OWASSO,26-1787412,Pregnancy Resource Center Of Owasso Incorporated,8361-G Owasso Expressway,Owasso,OK,74055,Care Net,http://prcowasso.org/ No,,,,,,,,
PREGNANCY CENTER OF KAY COUNTY,73-1239880,Living Hope Pregnancy Center,"425 Fairview Ave, Suite 3",Ponca City,OK,74604,,https://www.pregnancycenterkaycounty.com/faq-s Yes,,https://www.facebook.com/pregnancycenterkaycounty/,,,,,,
NORTHEASTERN OKLAHOMA HOPE PREGNANCY CENTER,,,2292 Hwy 69 N,Pryor,OK,74361,Care Net,http://www.maybepregnant.org/ No,,https://www.facebook.com/maybepregnant,,,,,,
HOPE PREGNANCY CENTER - SHAWNEE,73-1435473,Oklahoma Baptist Homes For Children Inc,318 West Highland,Shawnee,OK,74801,"Care Net, Heartbeat International",http://thinkimpregnant.org/ Yes,,https://www.facebook.com/HopePregnancyCentersOklahoma/?ref=br_rs,,,,,,
STILLWATER LIFE SERVICES,73-1323487,Stillwater Life Services,1509 West 8th Ave,Stillwater,OK,74074,Care Net,http://www.stillwaterlife.org/ No,,https://www.facebook.com/stillwaterlifeservices,,https://www.instagram.com/stillwaterlifhetstpesr:v/i/cselssp/?ahrtln=eerns.org/about-sls/,,,,
GO LIFE MEDICAL,45-3368840,Go Life Mobile Medical,"10207 East 61st St, Suite A",Tulsa,OK,74133,,http://golife.org/ Yes,,,,,,,,
CRISIS PREGNANCY OUTREACH,73-1209114,Crisis Pregnancy Outreach,10207 East 61st St,Tulsa,OK,74133,Heartbeat International,https://cpotulsa.org/ No,,https://www.facebook.com/crisispregnancyoutreach,,https://www.instagram.com/cpotulsa/,,,,
HOPE PREGNANCY CENTER - TULSA,73-1435473,Oklahoma Baptist Homes For Children Inc,10110 East 41st St,Tulsa,OK,74134,"Care Net, Heartbeat International",http://thinkimpregnant.org/ Yes,,https://www.facebook.com/hHttoppse:/P/wrewgwn.afancceyCboeonkte.crosOmk/HlaohpoemPare/?grneaf=nbcry_CrsentersOklahoma/?ref=br_rs,,,,,,
GO LIFE MEDICAL- TULSA,45-3368840,Go Life Mobile Medical,"3210 South Norwood Ave, Suite E",Tulsa,OK,74135,,http://golife.org/ Yes,,,,,,,,
BIRTHRIGHT OF TULSA,73-0988910,Birthright of Tulsa,"6600 South Yale Ave, Suite 1307",Tulsa,OK,74136,Birthright International,https://birthright.org/tulsa/ No,,https://www.facebook.com/people/Birthright-of-Tulsa/100083841469675/,,,,,,
MEND MEDICAL SERVICES,731304079,Mend Crisis Pregnancy Center,"6216 South Lewis Ave, Suite 100",Tulsa,OK,74136,Heartbeat International,mendmedical.org Yes,,https://www.facebook.com/hMttepnsd:/M/tweidttiecar.lc/om/MendMedical_Ok,,https://www.instaghrtatpms.:c//owmw/wm.etinkdto.mk.ceodhmitcta/p@lss:em//rmevinecdnemdsm/edeidciaclasle.orvrgic/geest-involved/,,,,
FIRST CHOICE PREGNANCY CENTER,73-1521230,First Choice Pregnancy Center,100 West College Ave,Weatherford,OK,73096,Heartbeat International,http://firstchoiceok.com/ Yes,,https://www.facebook.com/firstchoiceok/,,,,,,
THE PREGNANCY CENTER,73-1423490,Northwest Oklahoma Crisis Pregnancy Center Inc,1321 Kansas Ave,Woodward,OK,73801,Care Net,https://www.woodwardpregnancycenter.com/ No,,https://www.facebook.com/thepgcenter/,,,,,,
OPTIONS PREGNANCY RESOURCE CENTERS,93-0919233,Options Pregnancy Resource Centers Inc,1800 16th Ave SE,Albany,OR,97322,Heartbeat International,https://www.optionsprc.org/ Yes,,,,,,,,
COAST PREGNANCY CLINIC,91-1424982,Coast Pregnancy Clinic,279 6th St,Astoria,OR,97103,Heartbeat International,https://coastpregnancyclinic.org/ No,,https://www.facebook.com/coastpregnancyclinic/,,,,,,
RACHEL PREGNANCY CENTER,94-3165300,Rachel Pregnancy Center,2192 Court Ave,Baker City,OR,97814,Care Net,https://www.bakerpregnancyhelp.org/ Yes,,https://www.facebook.com/rachelpregnancycenter,,,,,,
PREGNANCY RESOURCE CENTERS OF CENTRAL OREGON - BEND,93-1073288,Pregnancy Resource Centers of Central Oregon,"369 NE Revere Ave, Suite 102",Bend,OR,97701,Care Net,https://www.prcco.org/ No,,,,,,,,
THE PREGNANCY CARE CENTER,,,344 Pacific Ave,Brookings,OR,97415,Heartbeat International,https://brookingspcc.com/ Yes,,,,,,,,
PREGNANCY CARE CENTERS - CANBY,93-0865175,Pregnancy Care Centers,158 SW 2nd Ave,Canby,OR,97013,Care Net,http://www.pccnwv.org/ No,,,,,,,,
PREGNANCY CARE CENTER- CAVE JUNCTION,93-1025665,Pregnancy Center Of Grants Pass,331 Cottage Park Dr Suite 4,Cave Junction,OR,97523,Heartbeat International,https://www.gppregnancy.com/ Yes,,,,,,,,
PACIFIC PREGNANCY CLINIC,93-0893301,Pacific Pregnancy Clinic,1250 Thompson Rd,Coos Bay,OR,97420,Heartbeat International,https://www.pacificpc.org/ Yes,,https://www.facebook.com/pacificpregnancyclinic,,,,,,
PREGNANCY RESOURCE CENTER OF ESTACADA,93-0909477,Sandy Family Services,107 NW 5th Ave,Estacada,OR,97023,,http://www.prcofsandy.org/site/default.asp?sec_id=180001N54o0,,,,,,,,
DOVE MEDICAL,93-0882559,Dove Medical,487 East 11th Ave,Eugene,OR,97401,Care Net,http://dovemedical.org/ Yes,,https://www.facebook.com/hDttopvse:/M/twedititcear.l/com/DoveMedicalEUG,,https://www.instagram.com/dovemedicaleug/,,,,
PREGNANCY CARE CENTER- GRANTS PASS,93-1025665,Pregnancy Center Of Grants Pass,714 SE 8th St,Grants Pass,OR,97526,Heartbeat International,http://www.gppregnancy.com/ Yes,,,,,,,,
TRUCARE PREGNANCY CLINIC,82-3142830,Trucare Pregnancy Resource Center,1155 W Linda Ave Suite B,Hermiston,OR,97838,Heartbeat International,https://www.trucarepc.com/ Yes,,,,,,,,
BIRTHRIGHT OF HILLSBORO,93-0771865,Birthright of Hillsboro,232 NE Lincoln St,Hillsboro,OR,97123,Birthright International,http://birthright.org/hillsboroor No,,,,,,,,
HOPE MEDICAL CLINIC- HOOD RIVER,91-1350773,Columbia Gorge Pregnancy Resource,1942 12th St,Hood River,OR,97031,Care Net,https://www.hopemedicalclinic.org/ Yes,,https://www.facebook.com/gorgehopemedical/,,,,,,
PREGNANCY HOPE CENTER,93-1116641,Pregnancy Hope Center,"2421 Washburn Way, Suite A",Klamath Falls,OR,97603,Care Net,http://pregnancyhopecenter.com/ No,,https://www.facebook.com/PregnancyHopeCenterKlamathFalls/,,,,,,
NEXT STEP PREGNANCY AND RELATIONSHIP CENTER,94-3179479,Next Step Pregnancy Information Center,902 D Ave,La Grande,OR,97850,Heartbeat International,https://nextstepprc.org/ Yes,,https://www.facebook.com/NextStepPRC,,,,,,
VINE MEDICAL,94-3065359,Pregnancy Counseling And Information Center,1218 3rd St,Lafayette,OR,97127,Care Net,https://www.vinemedical.org/ No,,,,,,,,
OBRIA MEDICAL CLINIC - LEBANON,93-1011604,Pregnancy Alternatives Center,136 West Vine St,Lebanon,OR,97355,Obria,https://obria.org/oregon/clinic/lebanon-or/ Yes,,,,,,,,
PREGNANCY RESOURCE CENTERS OF CENTRAL OREGON - MADRAS,93-1073288,Pregnancy Resource Centers of Central Oregon,585 SE 5th St,Madras,OR,97741,Care Net,https://www.prcco.org/ No,,,,,,,,
THE PREGNANCY CENTER,68-0524940,The Pregnancy Center,"2019 Aero Way, Suite 103",Medford,OR,97504,Heartbeat International,http://thepregnancycenter.us/ Yes,,https://www.facebook.com/hthtteppsr:e//gtwniattnecr.yccoemnt/ervrpMhreettdgpfnsoa:r/nd/wc/ywcwtr.youtube.com/channel/UC5sedcz_WZvPeG3bbDNs7Yw,,,,,,
STANDUPGIRL.COM,93-1320700,Standupgirl Com Foundation Inc,215 N Meridian St,Newberg,OR,97132,Heartbeat International,https://standupgirl.com/ Yes,,,,,,,https://standupgirlfoundation.org/,
HOPE PREGNANCY CENTER OF TREASURE VALLEY,93-0908462,Pregnancy Resource Center Inc,17 SW 6th St,Ontario,OR,97914,Care Net,http://www.mightbepregnant.com/ Yes,,,,,,,,
OBRIA MEDICAL CLINIC- OREGON CITY,93-1011604,Pregnancy Alternatives Center,"333 Warner Milne Road, Suite C",Oregon City,OR,97045,Obria,https://obria.org/oregon/clinic/oregon-city-or/ Yes,,,,,,,,
HOPE WITH OPTIONS,93-1110588,Pendleton Pregnancy Care Services Inc,135 SE 1st St,Pendleton,OR,97801,"Care Net, Heartbeat International",https://hopewithoptions.com/ Yes,,https://www.facebook.com/pregnancycareservices/,,,,,,Hope with Options
PREGNANCY RESOURCE CENTERS OF CENTRAL OREGON - PRINEVILLE,93-1073288,Pregnancy Resource Centers of Central Oregon,346 NW Deer St,Prineville,OR,97754,Care Net,https://www.prcco.org/ No,,,,,,,,
WOMEN'S CREEKSIDE CLINIC,93-0893768,Columbia Pregnancy Clinic & Family Resources,"305 West 3rd St, Suite C",Rainier,OR,97048,Heartbeat International,https://womenscreeksideclinic.com/ No,,https://www.facebook.com/ColumbiaPregnancyCenter,,,,,,
PREGNANCY RESOURCE CENTERS OF CENTRAL OREGON - REDMOND,93-1073288,Pregnancy Resource Centers of Central Oregon,"631 W Antler Ave, Suite 210",Redmond,OR,97756,Care Net,https://www.prcco.org/ No,,,,,,,,
HOPE PREGNANCY CLINIC,94-3076587,Hope Pregnancy Clinic,2630 Market St NE,Salem,OR,97301,"Care Net, NIFLA",https://hopepregnancyclinic.org/ No,,,,,,,https://hopeforsalem.org/,
BIRTHRIGHT OF SALEM,93-0806294,Birthright of Salem,"1880 Lancaster Dr, Suite 124",Salem,OR,97305,Birthright International,https://birthrightofsalem.com/ No,,https://www.facebook.com/profile.php?id=100067940778634,,,,,,
PREGNANCY RESOURCE CENTER OF SANDY,93-0909477,Sandy Family Services,17270 SE Bluff Rd,Sandy,OR,97055,Care Net,http://www.prcofsandy.org/site/default.asp?sec_id=180001N54o0,,,,,,,,
1ST WAY PREGNANCY RESOURCE CENTER,23-7368586,1 St Way Of Eugene Inc,"1162 B St, Suite 213",Springfield,OR,97477,,http://www.1st-way.org/ No,,https://www.facebook.com/1stWayPregnancyResourceCenter?fref=ts,,,,,,
SWEET HOME PREGNANCY CARE CENTER,93-0893338,Willamette Crisis Pregnancy Center,1344 Main St,Sweet Home,OR,97386,,https://shpregnancy.org/ No,,,,,,,,
HOPE MEDICAL CLINIC- THE DALLES,91-1350773,Columbia Gorge Pregnancy Resource,"3206 West 6th St, Suite 200",The Dalles,OR,97058,Care Net,https://www.hopemedicalclinic.org/ Yes,,,,,,,,
BRIGHT HOPE PREGNANCY SUPPORT CENTERS - ALLENTOWN,23-2185001,Crisis Pregnancy Center Of The Lehigh Valley,"2200 Hamilton St, Suite 103",Allentown,PA,18101,"Care Net, Heartbeat International",https://brighthopecenters.org/ No,,https://www.facebook.com/Brighthopecenters/,,https://www.instagram.com/brighthopehcttepnst:e//rbsrighthopepartners.org/,,,,
"PRECIOUS LIFE, INC. - BLAIR COUNTY",25-1527931,Precious Life Inc,1716 12th Ave,Altoona,PA,16601,,https://plinc.org/ Yes,,https://www.facebook.com/p/Precious-Life-Inc-100057417469384/,,https://www.instagram.com/preciouslifeinc/,,,,
CROSSROADS PREGNANCY CENTER- ALTOONA,22-2720882,Crossroads Pregnancy Center Inc,212 Frankstown Rd,Altoona,PA,16601,,https://crossroadspcs.org/ No,,https://www.facebook.com/crossRoadspregnancycenter/,,https://www.instagram.com/crossRoadspcs/,,,,
HOPEGATE - ATHENS,23-2676626,Endless Mts Pregnancy Care Center Inc,116 Walnut St,Athens,PA,18810,Care Net,https://hopegatecenters.com/ No,,https://www.facebook.com/Endless-Mountains-Pregnancy-Care-Center-174486129238734/,,,,,,
"PRECIOUS LIFE, INC. - BEDFORD COUNTY",25-1527931,Precious Life Inc,215 South Juliana St,Bedford,PA,15522,,https://plinc.org/ Yes,,https://www.facebook.com/p/Precious-Life-Inc-100057417469384/,,https://www.instagram.com/preciouslifeinc/,,,,
YOUR CHOICES PREGNANCY MEDICAL CENTER,23-2700113,Your Loving Choices Inc,904 Market St,Bloomsburg,PA,17815,"Care Net, Heartbeat International, NIFLA",http://www.yourlovingchoices.org/ Yes,,https://www.facebook.com/YLCbloomsburg/,,,,,https://www.ylcfriends.org/,
BRIGHT ALTERNATIVES - BRADFORD,25-1644818,Bright Alternatives Inc,3 Mechanic St,Bradford,PA,16701,Care Net,http://brightalternatives.org/ No,,https://www.facebook.com/brightalternatives/,,,,,,
COMMUNITY WOMEN'S CENTER OF BUCKS COUNTY,27-3405958,Community Womens Center Of America Inc,712 Veterans Hwy,Bristol,PA,19007,,https://cwcamerica.org/ No,,,,,,,,Bucks County Community Womens Cntr
MY CHOICE MEDICAL CLINIC - BUTLER,25-1482633,Life Choices Inc,118 South Church St,Butler,PA,16001,Heartbeat International,https://www.mychoicemedicalclinic.com/ Yes,,,,,,,,
LIFE CHOICES CLINIC,23-2358110,Capital Area Pregnancy Centers Inc,2515 Gettysburg Rd,Camp Hill,PA,17011,Care Net,http://www.lifechoicesclinic.org/ Yes,,https://www.facebook.com/CapitalAreaPregnancyCenters,,,,,,
HOPEGATE - CANTON,23-2676626,Endless Mts Pregnancy Care Center Inc,26 West Main St,Canton,PA,17724,Care Net,https://hopegatecenters.com/ No,,https://www.facebook.com/Endless-Mountains-Pregnancy-Care-Center-174486129238734/,,,,,https://friendsofempcc.com/,First Look Pregnancy Center
CARLISLE AREA FAMILY LIFE CENTER,23-2139817,Carlisle Area Family Life Center,155 North Hanover St,Carlisle,PA,17013,"The National Life Center, Inc.",https://carlisleareafamilylifecenter.org/ No,,https://www.facebook.com/CarlisleAreaFamilyLifeCenter,,https://www.instagram.com/carlisleareafamilylifecenter/,,,,
"PREGNANCY MINISTRIES, INC. - CHAMBERSBURG",25-1503343,Pregnancy Ministries Inc,455 Phoenix Dr,Chambersburg,PA,17201,Care Net,http://pregnancyministries.org/ Yes,,https://www.facebook.com/pregnancyministries/,,,,,,
LIFELINE OF SOUTHWESTERN PENNSYLVANIA - MON VALLEY,25-1317150,Lifeline Of Southwest Pennsylvania,210 4th St,Charleroi,PA,15022,,http://www.lifelineofsouthwestpa.org/ No,,,,,,,,
DELAWARE COUNTY PREGNANCY CENTER,23-2393454,Delaware County Pregnancy Center,2508 Edgmont Ave,Chester,PA,19013,Heartbeat International,http://dcpcchester.org/ Yes,,https://www.facebook.com/DCPCChester/,,,,,,
NEXT STEP PREGNANCY SOLUTIONS & SERVICES,25-1572580,Aaa Life Services,140 Greenville Ave,Clarion,PA,16214,Care Net,https://knowyournextstep.com/ Yes,,https://www.facebook.com/NextStepSupporter/,,https://www.instagram.com/knowyournextstep/,,,,
LIFE LINE PREGNANCY & INFANT SERVICES,,,416 Arnold Ave,Clearfield,PA,16830,,https://www.anawimministries.com/life-line,,https://www.facebook.com/people/Life-Line-Pregnancy-and-Infant-Services-LLC/100070158947207/,,,,,,
BIRTHRIGHT OF COATESVILLE,81-3654558,Birthright Of Coatesville,529 East Lincoln Hwy,Coatesville,PA,19320,Birthright International,http://birthright.org/coatesville No,,https://www.facebook.com/birthrightincoatesville/,,,,,,
CHESTER COUNTY CONNECT CARE,23-2385983,Chester County Connect Care,1028 East Lincoln Hwy,Coatesville,PA,19320,Heartbeat International,http://www.ccconnectcare.org/ No,,https://ccwsmedical.org/en/,,,,,https://ccconnectcareinfo.org/,
A BABY'S BREATH - COLLEGEVILLE,23-3045525,A Baby's Breath,78 2nd Ave,Collegeville,PA,19426,,http://www.ababysbreath.org/ No,,https://www.facebook.com/hAtBtpasb:/y/tswBitrteear.tchom/ABabysBreath,,https://www.instagram.com/ababysbreath/,,,,
ALIGN PREGNANCY SERVICES - COLUMBIA,25-1506510,Align Life Ministries,462 Chestnut St,Columbia,PA,17512,Heartbeat International,https://alignpregnancyservices.com/ Yes,,https://www.facebook.com/alignpregnancyservices/,,,,,,Susquehanna Valley Pregnancy Services
LIFE CARE PREGNANCY AND FAMILY RESOURCE CENTER,25-1666210,Lifecare Pregnancy & Family Resource Center Inc,"127 North Center St, Suite 2",Corry,PA,16407,Care Net,http://www.lifecareofcorry.com/ No,,https://www.facebook.com/profile.php?id=100064545648297,,,,,,
AMNION PREGNANCY CARE MEDICAL CENTER- DREXEL HILL,23-2223022,Amnion Pregnancy Center,2251 Garrett Rd,Drexel Hill,PA,19026,Care Net,http://amnionpregnancycenter.com/ Yes,,https://www.facebook.com/AmnionPregnancyCareMedicalCenter/,,https://www.instagram.com/amnionpregnancycenter/,,,,
ALTERNATIVES LAUREL HIGHLANDS PREGNANCY CENTER,25-1848311,Alternativesyes,"1829 University Dr, Suite 102",Dunbar,PA,15431,Heartbeat International,https://alternativeslhpc.net/ Yes,,https://www.facebook.com/PregSupport/,,https://www.instagram.com/altyespreghntatpnsc:y//cperengtenra/ncy-support.com/,,,,Alternatives Laurel Highlands Pregnancy Center
BORO WOMEN & FAMILY SERVICES,47-3947588,Boro Women And Family Services,108 High St,Edinboro,PA,16412,,http://www.borowomenservices.com/ No,,https://www.facebook.com/BoroWomenServices/,,,,,,
ALIGN PREGNANCY SERVICES- EPHRATA,25-1506510,Align Life Ministries,115 East Main St,Ephrata,PA,17522,Care Net,https://alignpregnancyservices.com/ Yes,,https://www.facebook.com/alignpregnancyservices/,,,,,,
"WOMEN'S CARE CENTER OF ERIE COUNTY, INC. - DOWNTOWN",25-1433389,Womens Care Center Of Erie Co Inc,27 West 8th St,Erie,PA,16501,Heartbeat International,http://www.wccerie.org/ Yes,,https://www.facebook.com/hWttCpsC:/E/trwieitter.com/wcchettrpies://www.youtube.comht/tcphsa:/n/wnewl/wU.CinEstsawg5raamj5.PcUomzr/5wKcecPerWieG/DRJDg,,,,,,
"WOMEN'S CARE CENTER OF ERIE COUNTY, INC. - MAIN",25-1433389,Womens Care Center Of Erie Co Inc,"4408 Peach St, Suite 202",Erie,PA,16509,Heartbeat International,http://www.wccerie.org/ Yes,,https://www.facebook.com/hWttCpsC:/E/trwieitter.com/wcchettrpies://www.youtube.comht/tcphsa:/n/wnewl/wU.CinEstsawg5raamj5.PcUomzr/5wKcecPerWieG/DRJDg,,,,,,
CHOICEONE - LEVITTOWN,22-2408766,Choiceone Pregnancy & Sexual Health Resource Centers Inc,409 Hood Blvd,Fairless Hills,PA,19030,Care Net,https://www.mychoiceone.org/ No,,https://www.facebook.com/mychoiceone/,,,,,,
CARE NET PREGNANCY CENTER OF NORTHEAST PENNSYLVANIA- FOREST CITY,23-2398020,Care Net Pregnancy Center of NEPA,"528 Main St, Suite A",Forest City,PA,18421,Care Net,https://www.carenetofnepa.org/ Yes,,,,,,,,
BIRTHRIGHT OF FRACKVILLE,23-2112206,Birthright Of Frackville Inc,10 North LeHigh Ave,Frackville,PA,17931,Birthright International,http://birthright.org/frackville No,,,,,,,,
LIFE CENTER,25-1742138,Abc Life Center Incorporated,323 13th St,Franklin,PA,16323,Heartbeat International,https://herlifecenter.com/ No,,,,,,,,
CORNERSTONE REPRODUCTIVE HEALTH,23-2558434,Cornerstone Pregnancy Care Services Inc,5380 Lincoln Hwy,Gap,PA,17527,Care Net,https://pacornerstone.org/ No,,https://www.facebook.com/cornerstonereproductivehealth/,,,,,,
TENDER CARE - GETTYSBURG,23-2473531,Tender Care Pregnancy Centers Inc,1844 York Rd,Gettysburg,PA,17325,Heartbeat International,https://tendercare.org/ No,,https://twitter.com/TCPregnancyCtr,,,,,,
CONCEPTS OF TRUTH,73-1537645,The Foundation for Christian Counseling,"438 Pellis Rd, Suite 202",Greensburg,PA,15601,,https://www.ffcc4u.com/our-services/concepts-of-truth/,,,,,,,,
MY CHOICE MEDICAL CLINIC- GREENSBURG,25-1482633,Life Choices Inc,660 East Pittsburgh St,Greensburg,PA,15601,Heartbeat International,https://mychoicemedicalclinic.com/ Yes,,https://www.facebook.com/friendsoflc,,,,,,
LC MEDICAL- HAMBURG,22-2841528,Crisis Pregnancy Center Of Kutztown,326 State St,Hamburg,PA,19526,Care Net,https://www.lc-med.com/ Yes,,https://www.facebook.com/hfrtitepnsd:/s/towflictter.com/lifeschoices_k?lang=en,,,,,,LC Medical/LC Support
TENDER CARE - HANOVER,23-2473531,Tender Care Pregnancy Centers Inc,300 John St,Hanover,PA,17331,Heartbeat International,https://tendercare.org/ No,,https://twitter.com/TCPregnancyCtr,,,,,,
MORNING STAR PREGNANCY SERVICES - HARRISBURG,23-7336053,Morning Star Pregnancy Services,2509 North Front St,Harrisburg,PA,17109,Heartbeat International,https://morningstarclinics.com/ No,,https://www.facebook.com/supportmorningstar/,,,,,https://supportmorningstar.com/,
BETHANY CHRISTIAN SERVICES - HARRISBURG,38-2899285,Bethany Christian Services of Central Pennsylvania,"2101 North Front St, Suite 201",Harrisburg,PA,17110,Bethany Christian Services,https://www.bethany.org/harrisburg No,,,,,,,,
REAL ALTERNATIVES,23-2868660,Real Alternatives,"7810 Allentown Blvd, Suite 304",Harrisburg,PA,17112,,www.realalternatives.org No,,https://www.facebook.com/hRttepasl:A//lttweritntearti.vceosm/ReahltAtpltse:r//nwawtivws.youtube.comht/tupsse:/r//wRweawl.Ainltsetrangartaivme.sc/ovmide/roesalalternatives/,,,,,,
WILLOW WOMEN'S CENTER,25-1847190,Willow Womens Center,"295 North Kerrwood Dr, Suite 106",Hermitage,PA,16148,Heartbeat International,http://willowwomenscenter.com/ No,,https://www.facebook.com/willowwomenscenter,,,,,https://www.teamwillow.org/,
OPTIONS WOMEN'S CENTER- HONESDALE,,,614 Main St,Honesdale,PA,18431,Heartbeat International,https://optionswomenscenter.com/ Yes,,https://www.facebook.com/optionswomenscenter/,,https://www.instagram.com/optionswomenscenterpa/,,,,
CROSSROADS PREGNANCY CENTER - HUNTINGDON,22-2720882,Crossroads Pregnancy Center Inc,424 Washington St,Huntingdon,PA,16652,Heartbeat International,http://www.crossroadspcs.org/ No,,https://www.facebook.com/crossRoadspregnancycenter/,,,,,,
LIFE-WAY PREGNANCY CENTER - INDIANA COUNTY,25-1605077,Life Way Pregnancy Center,31 South 3rd St,Indiana,PA,15701,Heartbeat International,https://lifewayfamilies.org/ No,,https://www.facebook.com/LifeWayFamilies/,,,,,,
MY CHOICE MEDICAL CLINIC - INDIANA,25-1482633,Life Choices Inc,"1205 Maple St, Suite A",Indiana,PA,15701,Heartbeat International,https://mychoicemedicalclinic.com/ Yes,,,,,,,https://www.yourlifechoicesinfo.com/,
A BABY'S BREATH - JEFFERSONVILLE,23-3045525,A Babys Breath,2062 West Main St,Jeffersonville,PA,19403,,http://www.ababysbreath.org/ No,,https://www.facebook.com/hAtBtpasb:/y/tswBitrteear.tchom/ABahbttypssB://rweawtwh.instagram.com/ababysbreath/,,,,,,
GREATER HOPE CARE CENTER,81-4106949,Greater Hope Care Center,224 South Broad St,Jersey Shore,PA,17740,Heartbeat International,http://greaterhopecarecenter.org/ Yes,,https://www.facebook.com/GreaterHopeCareCenter,,,,,,
"PRECIOUS LIFE, INC. - CAMBRIA COUNTY",25-1527931,Precious Life Inc,1062 Bedford St,Johnstown,PA,15902,,https://plinc.org/ Yes,,https://www.facebook.com/home.php?,,,,,https://preciouslifeinc.com/,
PATHWAYS PREGNANCY HELP CENTER,45-2085062,Pathways Unplanned Pregnancy Help Center Inc,417 Market St,Kingston,PA,18704,Heartbeat International,https://pregnancykingston.com/ Yes,,https://www.facebook.com/pregnancykingston,,https://www.instagram.com/pathways.uphc/,,,,
MY CHOICE MEDICAL CLINIC - KITTANNING,25-1482633,Life Choices Inc,314 South Water St,Kittanning,PA,16201,Heartbeat International,https://mychoicemedicalclinic.com/ Yes,,https://www.facebook.com/friendsoflc,,,,,,
LC MEDICAL - KUTZTOWN,22-2841528,Crisis Pregnancy Center Of Kutztown,443 West Main St,Kutztown,PA,19530,Care Net,https://www.lc-med.com/ Yes,,https://www.facebook.com/hfrtitepnsd:/s/towflictter.com/lifeschoices_k?lang=en,,,,,,
A WOMAN'S CONCERN,23-1978059,A Womans Concern Inc,1102 Millersville Pike,Lancaster,PA,17602,Heartbeat International,https://pregnancylancaster.com/ Yes,,https://www.facebook.com/hWttopms:/a/tnwsiCtteorn.cceormn/WomansConce,,https://www.instagram.com/WomansConcern/,,,,
ALIGN PREGNANCY SERVICES- LANCASTER,25-1506510,Align Life Ministries,245 East King St,Lancaster,PA,17603,Heartbeat International,https://alignpregnancyservices.com/ Yes,,https://www.facebook.com/alignpregnancyservices/,,,,,,
NORTH CARE WOMEN'S CLINIC,22-2558490,Pregnancy Resource Clinic Of North Penn,311 North Broad St,Lansdale,PA,19446,Heartbeat International,https://northcareclinic.org/ Yes,,https://www.facebook.com/northcareclinic/,,https://www.instagram.com/northcareclinic/,,,,
LIFEWAY PREGNANCY CENTER - WESTMORELAND,25-1605077,Life Way Pregnancy Center,1516 Ligonier St,Latrobe,PA,15650,Heartbeat International,https://lifewayfamilies.org/ No,,https://www.facebook.com/LifeWayFamilies/,,,,,,
ALIGN PREGNANCY SERVICES - LEBANON,25-1506510,Align Life Ministries,132 South 8th St,Lebanon,PA,17042,Care Net,https://alignpregnancyservices.com/ Yes,,https://www.facebook.com/alignpregnancyservices/,,,,,,
CARE NET OF CARBON COUNTY - LEHIGHTON,23-2935604,Pregnancy Care Center Of Carbon County,531 Mahoning St,Lehighton,PA,18235,Care Net,https://carenetcarbon.org/ Yes,,https://www.facebook.com/Care,Netofcarboncounty/?ref=page_internalhttps://www.instagram.com/Care,,,Netcarboncounty/,,
EXPECTATIONS WOMEN'S CENTER - LEWISBURG,23-2635894,Expectations Womens Center,776 Bull Run Crossing,Lewisburg,PA,17837,Care Net,http://www.expectationswc.org/ No,,https://www.facebook.com/ExpectationsWC/,,https://www.instagram.com/expectationswc/,,,,
CROSSROADS PREGNANCY CENTER - LEWISTOWN,22-2720882,Crossroads Pregnancy Center Inc,"1130 West 4th St, Suite 1",Lewistown,PA,17044,Heartbeat International,http://www.crossroadspcs.org/ No,,https://www.facebook.com/crossRoadspregnancycenter/,,,,,,
BETHANY CHRISTIAN SERVICES - LANCASTER,38-2899285,Bethany Christian Services of Central Pennsylvania,501 West Lincoln Ave,Lititz,PA,17543,Bethany Christian Services,https://www.bethany.org/lancaster No,,,,,,,,
ORIGINS FAMILY & PREGNANCY SERVICES,23-2889006,Tri City Life Center Inc,1155 Wildlife Lodge Rd,Lower Burrell,PA,15068,Heartbeat International,https://originsfamily.org/ No,,https://www.facebook.com/originsfamily/,,https://www.instagram.com/originsfamily/,,,,ORIGINS FAMILY & PREGNANCY SERVICES
PREGNANCY CENTER OF MEADVILLE,25-1574184,Pregnancy Center Of Meadville Inc,657 Pine St,Meadville,PA,16335,Care Net,https://pregnancycenterofmeadville.org/ No,,https://www.facebook.com/pregnancycenterofmeadville,,,,,,
MORNING STAR PREGNANCY SERVICES - MIDDLETOWN,23-7336053,Morning Star Pregnancy Services,35 South Union St,Middletown,PA,17057,Heartbeat International,https://morningstarclinics.com/ No,,https://www.facebook.com/supportmorningstar/,,,,,,
CROSSROADS PREGNANCY CENTER - MIFFLINTOWN,22-2720882,Crossroads Pregnancy Center Inc,1856 Butcher Shop Rd,Mifflintown,PA,17059,Heartbeat International,http://www.crossroadspcs.org/ No,,https://www.facebook.com/crossRoadspregnancycenter/,,,,,,
TRI-STATE PREGNANCY CENTER,86-3086387,Tri State Family & Pregnancy Center Inc,"105 Wheatfield Dr, Suite 4",Milford,PA,18337,Heartbeat International,http://www.tristatepregnancycenter.org/ Yes,,https://www.facebook.com/tristatepregnancycenter,,,,,,
LIFELINE PREGNANCY CARE CENTER,25-1671613,Lifeline Pregnancy Care Center Inc,403 Union St,Millersburg,PA,17061,Heartbeat International,http://lifeline-pcc.org/ No,,https://www.facebook.com/llpcc,https://www.youtube.comht/tcphsa:/n/wnewl/wU.CinHstEayg6raSmbb.c2owmF/BlifteXliZn2ecpEccq/j4cg,,,,,
"HEARTBEAT COMMUNITY SERVICES, INC.",23-2335613,Heartbeat Community Services Inc,705 East Sunbury St,Millerstown,PA,17062,,http://www.heartbeatcs.org/ No,,https://www.facebook.com/hbeatcs,,,,,,
CHOICES PREGNANCY SERVICES - BEAVER VALLEY,25-1528068,Choices Pregnancy Services,110 Christy Dr,Monaca,PA,15061,Care Net,http://www.pregnancychoice.org/ Yes,,https://www.facebook.com/choicespregnancyservices/,,,,,,
NEW LIFE OPTIONS,25-1596520,Options Resource Ctr For Pregnancy And Sexual Health Education,308 Chess St,Monongahela,PA,15063,Heartbeat International,http://www.newlifeoptions.net/ Yes,,https://www.facebook.com/newlifeoptions15063/,,,,,,
WOMEN'S CHOICE NETWORK - MONROEVILLE,25-1485574,Pregnancy Care Centers,"4075 Monroeville Blvd, Bldg 2, Suite 222",Monroeville,PA,15146,Care Net,https://womenschoicenetwork.com/ Yes,,https://www.facebook.com/womenschoicenetwork,,https://www.instagram.com/womenschoicenetwork/?next=%2Fwomenschoicenetwork%2F,,,,
CARE NET PREGNANCY CENTER OF NORTHEAST PENNSYLVANIA - MONTROSE,23-2398020,Care Net Pregnancy Center of NEPA,"498 South Main St, Suite B",Montrose,PA,18801,Care Net,https://www.carenetofnepa.org/ Yes,,https://www.facebook.com/Care,NetofNEPA/,,,,,
CHOICES PREGNANCY SERVICES - CORAOPOLIS,25-1528068,Choices Pregnancy Services,"1009 Beaver Grade Rd, Suite 200",Moon Township,PA,15108,Care Net,http://www.pregnancychoice.org/ Yes,,https://www.facebook.com/choicespregnancyservices/,,,,,,
CROSSROADS PREGNANCY CENTER - MOUNT UNION,22-2720882,Crossroads Pregnancy Center Inc,119 South Division St,Mount Union,PA,17066,Heartbeat International,http://www.crossroadspcs.org/ No,,https://www.facebook.com/crossRoadspregnancycenter/,,,,,,
CARE NET OF CARBON COUNTY- NESQUEHONING,23-2935604,Pregnancy Care Center of Carbon County,250 West Catawissa St,Nesquehoning,PA,18240,Care Net,https://carenetcarbon.org/ Yes,,https://www.facebook.com/Care,Netofcarboncounty/,,,,https://friendsofCare Netcarbon.com/?fbclid=IwAR1yJZMrynhpRT6FIcPrrGlrtlZ0iKUf0XqL0W3zIWmsE-7TPQSrqq5lfRU,
ALPHA OMEGA CENTER - NEW CASTLE,25-1600581,Promise of Life Network,321 North Jefferson St,New Castle,PA,16101,Care Net,https://www.alphaomegacenter.org/ Yes,,https://www.facebook.com/AlphaOmegaCenter/,,https://www.instagram.com/alphaomegacenter/,,,,
MORNING STAR PREGNANCY SERVICES - NEW CUMBERLAND,23-7336053,Morning Star Pregnancy Services,503 Bridge St Unit 10,New Cumberland,PA,17070,Heartbeat International,https://morningstarclinics.com/ No,,https://www.facebook.com/supportmorningstar/,,,,,,
AMNION PREGNANCY CARE MEDICAL CENTER- NORRISTOWN,23-2223022,Amnion Pregnancy Center,832 Dekalb St,Norristown,PA,19401,Care Net,http://amnionpregnancycenter.com/ Yes,,https://www.facebook.com/AmnionPregnancyCareMedicalCenter/,,https://www.instagram.com/amnionpregnancycenter/,,,,
CROSSROAD WOMEN'S CENTER - PENNRIDGE,23-2446917,Crossroads Pregnancy Care,1401 North 5th St,Perkasie,PA,18944,Care Net,https://crossroadswomenscenter.com/ Yes,,https://www.facebook.com/crossRoadspcare/,,,,,,
ALPHACARE - WEST PHILLY,23-2200071,Alpha Pregnancy Services Inc,3807 Lancaster Ave,Philadelphia,PA,19104,Heartbeat International,https://alphacarephilly.org/ No,,https://www.facebook.com/alphacarephilly,,https://www.instagram.com/alphacarephilly/,,,,
COMMUNITY WOMEN'S CENTER OF PHILADELPHIA,27-3405958,Community Women's Center of America Inc,"1202 Locust St, 3rd Floor",Philadelphia,PA,19107,,https://www.cwcamerica.org/ No,,,,,,,,BUCKS COUNTY COMMUNITY WOMEN'S CENTER INC
BIRTHRIGHT OF PHILADELPHIA,22-2611188,Birhtright-Suburban Northeast Phil,7986 Oxford Ave,Philadelphia,PA,19111,Birthright International,https://birthright.org/philadelphia/ No,,https://www.facebook.com/p/Birthright-of-Philadelphia-100069033810110/?paipv=0&eav=Afaccy1Lq1w4Sdnq32jC1HzQTA5oAzEtTZ1aEcMhKfIWsBr5h5rnxavIjCj783zUqRc&_Roadr,,,,,,
HOPE PREGNANCY CENTER,23-2676655,People for People Incorporated,716 North Broad St,Philadelphia,PA,19130,Heartbeat International,https://hopepregnancycenters.org/en/ Yes,,https://www.facebook.com/HopePregnancyCenterPhiladelphia/,,https://www.instagram.com/hopepregnancycenterphl/,,,,
A BABY'S BREATH - PHOENIXVILLE,23-3045525,A Baby's Breath,226 4th Ave,Phoenixville,PA,19460,,http://www.ababysbreath.org/ No,,https://www.facebook.com/ababysbreathphoenixville/,,,,,,
GENESIS WOMEN'S CLINIC - PHOENIXVILLE,23-2309958,Genesis Pregnancy Care Center,"1220 Valley Forge Rd, Bldg 8",Phoenixville,PA,19460,,http://www.genpcc.org/ No,,,,,,,,
CHOICES PREGNANCY SERVICES- PITTSBURGH,25-1528068,Choices Pregnancy Services,"2429 East Carson St, Suite 301",Pittsburgh,PA,15203,,https://pregnancychoice.org/ Yes,,https://www.facebook.com/choicespregnancyservices/,,,,,,
EAST LIBERTY WOMEN'S CARE CENTER,25-1417228,East Liberty Family Health Care Center Inc,114 North Highland Ave,Pittsburgh,PA,15206,Heartbeat International,https://elwcc.org/ Yes,,https://www.facebook.com/EastLibertyFHCC/,,,,,,
WOMEN'S CHOICE NETWORK - NORTHSIDE,25-1485574,Pregnancy Care Centers,425 East Ohio St,Pittsburgh,PA,15212,Care Net,https://womenschoicenetwork.com/ Yes,,https://www.facebook.com/womenschoicenetwork,,https://www.instagram.com/womenschoicenetwork/?next=%2Fwomenschoicenetwork%2F,,,,
BIRTHRIGHT OF PITTSBURGH,25-1317908,Birthright of Pittsburgh Incorporated,"160 North Craig St, Suite 116",Pittsburgh,PA,15213,Birthright International,http://birthrightpittsburgh.org/ No,,,,,,,,
WOMEN'S CHOICE NETWORK - OAKLAND,25-1485575,Pregnancy Care Centers,4615 Fifth Ave,Pittsburgh,PA,15213,Care Net,https://womenschoicenetwork.com/ Yes,,https://www.facebook.com/womenschoicenetwork,,https://www.instagram.com/womenschoicenetwork/?next=%2Fwomenschoicenetwork%2F,,,,
LIFELINE OF SOUTHWESTERN PENNSYLVANIA - DOWNTOWN,25-1317150,Lifeline Of Southwest Pennsylvania,401 Investment Building,Pittsburgh,PA,15222,,http://www.lifelineofsouthwestpa.org/ No,,,,,,,,
HEALTH FOR HER- PITTSBURGH,,,101 Drake Rd,Pittsburgh,PA,15241,Human Coalition,https://healthforher.org/locations/pittsburgh/ Yes,,,,,,,,
BIRTHRIGHT OF POTTSTOWN,23-2155774,Birthright of Pottstown,327 King St,Pottstown,PA,19464,Birthright International,http://birthright.org/pottstown No,,https://www.facebook.com/birthrightpottstown/,,,,,,
GENESIS WOMEN'S CLINIC- POTTSTOWN,23-2309958,Genesis Pregnancy Care Center,888 East High St,Pottstown,PA,19464,,http://www.genpcc.org/ No,,https://www.facebook.com/genesisforwomen/,,,,,,
PUNXY WOMEN'S CLINIC,25-1568418,We Care Pregnancy Crisis Center,1464 North Main St,Punxsutawney,PA,15767,Heartbeat International,https://punxsywomensclinic.com/ No,,,,,,,,
CROSSROADS PREGNANCY CARE,23-2446917,Crossroads Pregnancy Care,256 Trumbauersville Rd,Quakertown,PA,18951,Care Net,https://crossroadswomenscenter.com/ Yes,,https://www.facebook.com/crossRoadspcare/,,,,,https://www.friendsofcrossRoadsqtn.care/CrossRoads,Women's Center
MERCY WOMEN'S CENTER,23-2634144,Mercy Community Crisis Pregnancy Center,105 South 5th St,Reading,PA,19602,Care Net,https://mercywomenscenter.org/ No,,https://www.facebook.com/www.mercypregnanchycttepnst:e//rw.owrwg/.youtube.com/channel/UCo7xLolc-TYkWwRxP6UAxEw?app=desktop,,,,,,
FIRST LOOK ULTRASOUND & PREGNANCY CENTER,23-2676626,Endless Mts Pregnancy Care Center Inc,209 West Lockhart St,Sayre,PA,18840,Care Net,https://hopegatecenters.com/ No,,https://www.facebook.com/Endless-Mountains-Pregnancy-Care-Center-174486129238734/,,,,,,
CARE NET PREGNANCY CENTER OF SCRANTON,27-2581562,Crisis Pregnancy Center Of Scranton Inc,415 Hickory St,Scranton,PA,18505,Care Net,,,https://www.facebook.com/Care,Netofscranton,,,,,
OPTIONS WOMEN'S CENTER- SCRANTON,,,1329 Wyoming Ave,Scranton,PA,18509,Heartbeat International,https://optionswomenscenter.com/ Yes,,https://www.facebook.com/optionswomenscenter/,,https://www.instagram.com/optionswomenscenterpa/,,,,
PCC CORNER OF HOPE,27-3052793,Pcc Corner Of Hope,150 South Market St,Shamokin,PA,17872,Care Net,http://cohpcc.org/ No,,https://www.facebook.com/Pregnancy-Care-Center-261625570637226/,,,,,,
"PREGNANCY MINISTRIES, INC. - SHIPPENSBURG",25-1503343,Pregnancy Ministries Inc,20 East Burd St,Shippensburg,PA,17257,Care Net,http://pregnancyministries.org/ Yes,,https://www.facebook.com/pmipregnancycenter,,,,,,
ALPHA OMEGA CENTER - SLIPPERY ROCK,25-1600581,Promise of Life Network,247 South Main St,Slippery Rock,PA,16057,Care Net,https://www.alphaomegacenter.org/ Yes,,https://www.facebook.com/AlphaOmegaCenter/,,https://www.instagram.com/alphaomegacenter/,,,,
BIRTHRIGHT OF SOMERSET,23-2878454,Birthright of Somerset Inc,"614 South Franklin Ave, Suite 100",Somerset,PA,15501,Birthright International,http://birthright.org/somerset No,,https://www.facebook.com/BirthrightofSomerset/,,,,,,
BETHANY CHRISTIAN SERVICES - STATE COLLEGE,38-2899285,Bethany Christian Services of Central Pennsylvania,"2147 East College Ave, Suite A",State College,PA,16801,Bethany Christian Services,https://www.bethany.org/state-college No,,https://www.facebook.com/StateCollegeBCS/,,,,,,
PREGNANCY RESOURCE CLINIC,25-1480554,A Womans Concern Pregnancy Resource Clinic,423 South Pugh St,State College,PA,16801,Care Net,http://www.scprc.com/ No,,https://www.facebook.com/centreprc/,,,,,,
PREGNANCY RESOURCE CENTER OF THE POCONOS,23-2362780,Pregnancy Resource Center Of The Poconos,25B North 8th St,Stroudsburg,PA,18360,Care Net,http://www.pregnancytalk.org/ Yes,,https://www.facebook.com/PRCPoconos/,,,,,https://prcpoconos.org/,
BIRTHRIGHT OF SUNBURY,23-2304134,Birthright of Sunbury Inc,40 South 5th St,Sunbury,PA,17801,Birthright International,https://birthright.org/sunbury/ No,,https://www.facebook.com/SunburyBirthright/,,,,,,
NEW LIFE CARE CENTER,25-1414169,Titusville Branch Fellowship,220 West Spruce St,Titusville,PA,16354,Titusville Branch Fellowship,http://newlifecare.org/ No,,https://www.facebook.com/NewLifeCareCenter,,,,,,
HOPEGATE - TOWANDA,23-2676626,Endless Mts Pregnancy Care Center Inc,13 State St,Towanda,PA,18848,Care Net,https://hopegatecenters.com/ No,,https://www.facebook.com/Endless-Mountains-Pregnancy-Care-Center-174486129238734/,,,,,,
CARE NET PREGNANCY CENTER OF NEPA- TUNKHANNOCK,23-2398020,Care Net Pregnancy Center Of N E P A,"512 Towne Plaza, Suite 112",Tunkhannock,PA,18657,Care Net,https://www.carenetofnepa.org/ Yes,,https://www.facebook.com/Care,NetofNEPA/,,,,,
EVERY LIFE MATTERS PREGNANCY SUPPORT SERVICES,27-3023678,Every Life Matters Pregnancy Support Services Inc,1351 Logan Ave,Tyrone,PA,16686,Care Net,https://elmcenters.org/ No,,https://www.facebook.com/elmtyrone/,,,,,,
CENTER OF HOPE,26-1175402,Center Of Hope Of Uniontown,338 West Main St,Uniontown,PA,15401,Care Net,https://www.centerofhope.life/ No,,https://www.facebook.com/pages/Fayette-Center-of-Hope/379932215359270,,,,,,
A BABY'S BREATH - WARMINSTER,23-3045525,A Babys Breath,"65 West St Rd, Building B, Suite 203",Warminster,PA,18974,,http://www.ababysbreath.org/ No,,https://www.facebook.com/ABabysBreathWarminster/,,,,,,
COMMUNITY WOMEN'S CENTER OF WARMINSTER,27-3405958,Community Womens Center Of America Inc,"600 Louis Dr, Suite 100A",Warminster,PA,18974,,https://www.cwcamerica.org/ No,,,,,,,,
"WOMEN'S CARE CENTER OF ERIE COUNTY, INC - WARREN",25-1433389,Womens Care Center Of Erie Co Inc,203 West Third Ave,Warren,PA,16365,Heartbeat International,http://www.wccerie.org/ Yes,,https://www.facebook.com/hWttCpsC:/E/trwieitter.com/wcchettrpies://www.youtube.com/channel/UCEsw5aj5PUzr5KePWGDRJDg,,,,,,
A BABY'S BREATH - WAYNE,23-3045525,A Babys Breath,"121 North Wayne Ave, Suite 102",Wayne,PA,19087,,http://www.ababysbreath.org/ No,,https://www.facebook.com/ababysbreathwayne/,,,,,,
"PREGNANCY MINISTRIES, INC. - WAYNESBORO",25-1503343,Pregnancy Ministries Inc,245 South Potomac St,Waynesboro,PA,17268,Care Net,http://pregnancyministries.org/ Yes,,https://www.facebook.com/pmipregnancycenter,,,,,,
CRISIS PREGNANCY CENTER OF GREENE COUNTY,04-3593112,Crisis Pregnancy Center Of Greene County Inc,748 East High St,Waynesburg,PA,15370,Heartbeat International,http://www.cpcwaynesburg.org/ No,,https://www.facebook.com/cpcwaynesburg,,,,,,
BIRTHRIGHT OF WEST CHESTER,23-2205767,Birthright Of West Chester,112 South High St,West Chester,PA,19382,Birthright International,https://birthrightwestchester.org/ No,,https://www.facebook.com/BirthrightWCPA/,,https://www.instagram.com/birthrightwcpa/?__coig_restricted=1,,,,
SHINE WOMEN'S CENTER,38-3921452,Pregancy Resource Center Of Greater Hazleton,170 1/2 Susquehanna Blvd,West Hazleton,PA,18202,Care Net,https://www.shinewomenscenter.com/ Yes,,https://www.facebook.com/shinewomenscenter,,https://www.instagram.com/shinewomenscenter,,,,
NORTH STAR WOMEN'S CENTER,23-2071962,Lifeline Of Berks County Inc,612 Reading Ave,West Reading,PA,19611,Heartbeat International,https://northstarwc.org/ No,,https://www.facebook.com/LifelineBerksCounty/,,,,,,
BETHANY CHRISTIAN SERVICES - WEXFORD,31-1282578,Bethany Christian Services of Western Pennsylvania,6600 Brooktree Ct,Wexford,PA,15090,Bethany Christian Services,https://www.bethany.org/western-pennsylvania No,,,,,,,,
EXPECTATIONS WOMEN'S CENTER - WILLIAMSPORT,23-2635894,Expectations Womens Center,"500 Pine St, Unit 1",Williamsport,PA,17701,Care Net,http://www.expectationswc.org/ No,,https://www.facebook.com/ExpectationsWC/,,https://www.instagram.com/expectationswc/,,,,
LEGACY OF LIFE FOUNDATION,45-3166872,Legacy Of Life Foundation,"25 South Main St, Unit 217",Yardley,PA,19067,,https://www.legacyoflifefoundation.org/contact-us/ No,,https://www.facebook.com/hLtetpgsa:c//ytwofiLttiefer.Fcooumn/dLaetghioatntcpIynso:cf//L/wifweFwd.ynoutube.comht/tcphsa:/n/wnewl/wU.CinnsmtaYgrraPmP.Gcovbmq/RleagkaHcyxo7f0lisfe9fydvnw/,,,,,,
HUMAN LIFE SERVICES,22-2625105,Human Life Services Inc,742 South George St,York,PA,17401,,http://www.humanlifeservices.org/ Yes,,https://www.facebook.com/humanlifeservicesyork,,https://www.instagram.com/humanlifeservices/,,,,
WOMEN'S CARE CENTER,23-2608350,Mother & Unborn Baby Care Of York Inc,40 South Richland Ave,York,PA,17404,,https://www.womenscarecenter.org/york-pennsylvania No,,,,,,,,
BETHANY CHRISTIAN SERVICES- LINCOLN,,,1525 Old Louisquisset Pike Suite C 202-203,Lincoln,RI,02865,Heartbeat International,https://bethany.org/locations/us/ri/lincoln No,,,,,,,,
HARMONY WOMEN'S CARE,05-0439164,Harmony Womens Care,"845 North Main St, Suite 3",Providence,RI,02904,Care Net,https://harmonycareri.org/ No,,https://www.facebook.com/HarmonyCareRI,,,,,https://www.harmonyfriends.org/,
MOTHER OF LIFE CENTER,22-2579761,Problem Pregnancy Of Providence Inc,400 Atwells Ave,Providence,RI,02909,Heartbeat International,http://www.motheroflife.org/ Yes,,,,,,,https://partner.motheroflife.org/,
CHOICES WOMEN'S PREGNANCY CENTER,85-0900357,Choices Womens Pregnancy Center,43 Broad St,Westerly,RI,02891,,https://choicesrhodeisland.com/ No,,https://www.facebook.com/choicesrhodeisland,,,,,,
LIFE CHOICES PREGNANCY CARE CENTER,57-0891412,Aiken Pregnancy Care Center Inc,130 East Pine Log Rd,Aiken,SC,29803,Care Net,https://pregnancyaiken.com/ No,,https://www.facebook.com/lifechoicespcc.aiken,,,,,,
ANDERSON PREGNANCY CARE,57-0886914,Anderson Life Crisis Pregnancy Center,1303 North Murray Ave,Anderson,SC,29624,Heartbeat International,http://www.andersonpregnancycare.org/ No,,https://www.facebook.com/acpcbabies/,,https://www.instagram.com/andersonpregnancycare/,,,,
RADIANCE PREGNANCY CARE CENTER,57-0811972,Beaufort Womens Center,21 Marshellen Dr,Beaufort,SC,29902,Care Net,https://www.radiancewomenscenter.com/ No,,,,,,,,
HOPE FOR LIFE PREGNANCY CENTER,57-1123556,Hope for Life Pregnancy Center,631 West Dekalb St,Camden,SC,29020,Care Net,https://hopeforlifepregnancycenter.com/ No,,https://twitter.com/midlandswctr,,,,,,
BIRTHRIGHT OF CHARLESTON,57-0624223,Birthright of Charleston,1638 Ashley Hall Rd,Charleston,SC,29407,Birthright International,https://www.birthrightofcharleston.org/ No,,https://www.facebook.com/birthrightofcharleston/,,,,,,
DAZZ CHARLESTON,57-0838453,Lowcountry Pregnancy Center,"1106 B St. Andrews Blvd, Suite B",Charleston,SC,29407,Care Net,https://www.dazzcharleston.com/ Yes,,https://www.facebook.com/DazzCharleston/,,,,,,
FOOTHILLS CARE CENTER - CLEMSON,57-0897976,Foothills Care Center Inc,"518 College Ave, Suite 170",Clemson,SC,29631,,https://www.foothillscarecenter.org/ Yes,,,,,,,,
BIRTHRIGHT OF COLUMBIA,57-0699621,Birthright of Columbia,1316 Richland St,Columbia,SC,29201,Birthright International,https://birthrightofcolumbia.org/ No,,https://www.facebook.com/BirthrightofColumbia,,https://www.instagram.com/birthright_of_columbia/,,,,
DAYBREAK LIFECARE CENTER,57-0760670,Daybreak Inc,1601 St. Julian Place,Columbia,SC,29204,Care Net,https://daybreakcola.org/ Yes,,https://www.facebook.com/daybreakcola,,https://www.instagram.com/daybreakcola/,,,,
COASTLINE WOMEN'S CENTER - CONWAY,80-0793152,Coastline Womens Center,1607 9th Ave,Conway,SC,29526,Heartbeat International,http://coastlinewomenscenter.org/ Yes,,https://www.facebook.com/CoastlineWomensCehnttteprs://www.youtube.comht/t@psc:o//awswtlwin.einwsotamghertantpmssc.:ec//onwmtew/rwc8o2.ta3iks6ttolikn.ecwomom/@encsoastlinewomenscenter,,,,,,
THE PREGNANCY CENTER OF DILLON COUNTY,81-3765348,Crisis Pregnancy Center Of Dillon County,300 North 4th Ave,Dillon,SC,29536,,https://www.tpcofdillon.org/ No,,,,,,,,
HOPE WOMEN'S CENTER,57-0916319,Hope Womens Center Inc,879 Gentry Memorial Hwy,Easley,SC,29641,Care Net,https://www.hopewomenscenterinc.org/ No,,https://www.facebook.com/hopewomenscenter,,,,,,
A CHOICE TO MAKE PREGNANCY RESOURCE CENTER,26-4313491,Abc Crisis Pregnancy Center Inc — A Choice 2 M8 K,516 South Coit St,Florence,SC,29501,Care Net,https://www.achoicetomake.org/ Yes,,https://www.facebook.com/AChoiceToMake/,,https://www.instagram.com/achoicetomake_669_HOPE/,,,,
CHEROKEE PREGNANCY CENTER,20-0535650,Cherokee Pregnancy Center Incorp,1719 Old Georgia Hwy,Gaffney,SC,29341,Care Net,http://www.cherokeepregnancycenter.com/ No,,https://www.facebook.com/profile.php?id=100051667975842,,,,,,
BIRTHRIGHT OF GEORGETOWN,57-1133650,Birthright of Georgetown,1905 Front St,Georgetown,SC,29440,Birthright International,https://birthrightofgeorgetown.org/ No,,https://www.facebook.com/profile.php?id=100066484784829,,,,,,
PIEDMONT WOMEN'S CENTER - GREENVILLE,57-0932285,Piedmont Womens Center,1143 Grove Rd,Greenville,SC,29605,Care Net,http://piedmontwomenscenter.org/ Yes,,https://www.facebook.com/piedmontwomenscenhtettrps://www.youtube.comht/t@psP:/i/ewdwmwo.nintWstaogmraemns.Ccoemnt/eprieGdrmeeonnvtiwlleomenscenter/,,,,,,
BIRTHRIGHT OF GREENVILLE,57-0718210,Birthright of Greenville,721 Lowndes Hill Rd Ste A,Greenville,SC,29607,Birthright International,https://www.birthrightgvl.org/ No,,https://www.facebook.com/birthrightofgreenville/,,https://www.instagram.com/birthrightgvl/,,,,
CROSSROADS PREGNANCY CENTER,57-0876833,Greenwood Womens Center,428 Grace St,Greenwood,SC,29649,,https://www.crossroadspregnancycenter.org/ Yes,,https://www.facebook.com/CrossRoadsPregnancyCenterSC,,,,,,
PIEDMONT WOMEN'S CENTER - GREER,57-0932285,Piedmont Womens Center,100 Collins Dr,Greer,SC,29651,Care Net,http://piedmontwomenscenter.org/ Yes,,https://www.facebook.com/piedmontwomenscenhtettrps://www.youtube.comht/t@psP:/i/ewdwmwo.nintWstaogmraemns.Ccoemnt/eprieGdrmeeonnvtiwlleomenscenter/,,,,,,
PREGNANCY CENTER AND CLINIC OF THE LOW COUNTRY-HILTON HEAD,57-0923523,Pregnancy Center and Clinic of the Low Country,19 Moss Creek Village Suite E,Hilton Head Island,SC,29926,Heartbeat International,https://www.pregnancycenterhhi.org/ No,,https://www.facebook.com/pregnancycenterhhi/,,https://www.instagram.com/pregnancycenterhhi/,,,,
PREGNANCY CENTER & CLINIC OF THE LOW COUNTRY- HILTON HEAD,57-0923523,Pregnancy Center and Clinic of the Low Country,201 Merchant St,Hilton Head,SC,29926,Heartbeat International,http://www.pregnancycenterhhi.org/ No,,https://www.facebook.com/pregnancycenterhhi/,,https://www.instagram.com/pregnancycenterhhi/,,,,
WOMEN'S ENRICHMENT CENTER,57-1058253,Womens Enrichment Center,720 South Main St,Lancaster,SC,29720,,http://www.womensenrichmentcenter.com/ No,,,,,,,,
LAVIE PREGNANCY CARE CENTER,38-4081036,Lavie Pregnancy Care Center,1271 Calks Ferry Rd,Lexington,SC,29072,,http://www.laviesc.org/ No,,https://www.facebook.com/LaVieSC,,https://www.instagram.com/lifeatlavie,,,,
BETHANY CHRISTIAN SERVICES - MYRTLE BEACH,,,9403 Hwy 707 Ste D,Myrtle Beach,SC,29575,Heartbeat International,https://bethany.org/locations/us/sc/myrtle-beach No,,,,,,,,
COASTLINE WOMEN'S CENTER - MYRTLE BEACH,80-0793152,Coastline Womens Center,"3926 Wesley St, Suite 204",Myrtle Beach,SC,29579,Heartbeat International,https://coastlinewomenscenter.org/ Yes,,https://www.facebook.com/hCttopass:/t/litnweitWteor.mcoemns/cCoeahnsttttelpirnse:/w/wowmwe.nysoutube.comht/t@psc:o//awswtlwin.einwsotamghertantpmssc.:ec//onwmtew/rwc8o2.ta3iks6ttolikn.ecwomom/@encsoastlinewomenscenter,,,,,,
LIFEBRIDGE OF SOUTH CAROLINA,45-1135123,Lifebridge Of South Carolina,1510 Main St,Newberry,SC,29108,Care Net,https://www.lifebridgesouthcarolina.org/ No,,https://www.facebook.com/LifeBridgeClients/,https://www.youtube.comht/tcphsa:/n/wnewl/wU.Cin_sAtaagQra2mbw.cto2mE/2lbWe1s-sfeCnDtiAaltsS/t?ghl=en,,,,,
LOWCOUNTRY PREGNANCY CENTER,57-0838453,Lowcountry Pregnancy Center,"7481 Northside Dr, Suite B+C",North Charleston,SC,29420,Care Net,https://lowcountrypregnancycenter.com/ Yes,,https://www.facebook.com/LowcountryPregnancyCenter,,,,,https://www.lpcfriends.com/,
DAZZ - ORANGEBURG,57-0838453,Lowcountry Pregnancy Center,923 Chestnut St,Orangeburg,SC,29115,Care Net,https://www.dazzorangeburg.com/ Yes,,,,,,,,
PIEDMONT WOMEN'S CENTER - POWDERSVILLE,57-0932285,Piedmont Womens Center,108 Commons Blvd,Piedmont,SC,29673,Care Net,http://piedmontwomenscenter.org/ Yes,,https://www.facebook.com/piedmontwomenscenhtettrps://www.youtube.comht/t@psP:/i/ewdwmwo.nintWstaogmraemns.Ccoemnt/eprieGdrmeeonnvtiwlleomenscenter/,,,,,,
PREGNANCY CENTER AND CLINIC OF THE LOW COUNTRY-RIDGELAND,57-0923523,Pregnancy Center and Clinic of the Low Country,11332 North Jacob Smart Blvd,Ridgeland,SC,29936,Heartbeat International,https://www.pregnancycenterhhi.org/ No,,https://www.facebook.com/pregnancycenterhhi/,,https://www.instagram.com/pregnancycenterhhi/,,,,
PALMETTO WOMEN'S CENTER,57-0769792,Palmetto Womens Center,828 Lucas St,Rock Hill,SC,29730,Care Net,https://www.palmettowomenscenter.com/ Yes,,https://www.facebook.com/palmettowomenscenter/reviews/?ref=page_internal,,,,,,
FOOTHILLS CARE CENTER- SENECA,57-0897976,Foothills Care Center Inc,207 Main St,Seneca,SC,29678,Care Net,https://foothillscarecenter.org/ Yes,,https://www.facebook.com/FoothillsCareCenter,,https://www.instagram.com/foothillscarecenter/,,,,
CAROLINA PREGNANCY CENTER,57-0791115,Carolina Pregnancy Center,7425 Westlake Dr,Spartanburg,SC,29303,,http://carolinapregnancy.org/ No,,,,https://www.instagram.com/cpcspartanburg/,,,,
THE ADVOCACY PARENTING AND PREGNANCY CENTER,06-1829688,The Advocacy Center,190 South Lafayette Dr,Sumter,SC,29150,,https://the-advocacy-center.org/ No,,https://www.facebook.com/advocacycenter.org/,,,,,,
SUMTER PREGNANCY CENTER,57-0972905,Sumter Pregnancy Center,21 Barnette Dr,Sumter,SC,29150,Care Net,https://sumterpregnancycenter.com/ No,,https://www.facebook.com/sumterpregnancycenter/,,https://www.instagram.com/sumter_pregnancy_center/,,,,
UNION COUNTY PREGNANCY CENTER,57-1070841,Union County Pregnancy Center,115 East Main St,Union,SC,29379,,,,https://www.facebook.com/UnionCountyPregnancyCenter/,,,,,,
OPTION 1 WOMEN'S HEALTH CENTER,51-0638149,Elizabeths House,103 22nd Ave,Brookings,SD,57006,Heartbeat International,http://option1.org/ Yes,,https://www.facebook.com/Option1WHC/,,,,,,
PLUS ONE PREGNANCY GUIDANCE CENTER,46-4008205,Plus One Guidance Center,35 Market St SE,Huron,SD,57350,Heartbeat International,https://plusonehuron.org/ No,,https://www.facebook.com/plusonehuron/,,,,,,
BIRTHRIGHT OF PIERRE,46-2307988,Birthright of Pierre,314 South Henry St,Pierre,SD,57501,Birthright International,http://birthright.org/pierre No,,https://www.facebook.com/BirthrightOfPierre/,,,,,,
BETHANY CHRISTIAN SERVICES - RAPID CITY,,,217 Kansas City St,Rapid City,SD,57701,Heartbeat International,https://www.bethany.org/rapid-city No,,,,,,,,
BLACK HILLS PREGNANCY CENTER,36-3371919,Black Hills Crisis Pregnancy Center — Care Net Pregnancy Resource Center,"1774 Centre St, Suite 1",Rapid City,SD,57703,Heartbeat International; Care Net,https://blackhillspregnancycenter.com/ No,,https://www.facebook.com/BlackHillsPregnancyCenter/,,,,,https://bhpcpartners.org/,
BIRTHRIGHT OF RAPID CITY,46-2796033,Birthright of Rapid City,2002 5th St,Rapid City,SD,57701,Birthright International,http://birthright.org/rapidcity No,,,,,,,,
ALPHA CENTER,36-3347022,Alpha Center,3405 South Kiwanis Ave,Sioux Falls,SD,57105,,http://alphacenter.org/ Yes,,https://www.facebook.com/AlphaCenterSiouxFalls,,https://www.instagram.com/alphacentersiouxfalls/?hl=en,,,,
BIRTHRIGHT OF SIOUX FALLS,46-3069397,Sioux Falls Birthright,300 North Dakota Ave. Suite 501,Sioux Falls,SD,57103,Birthright International,http://birthright.org/siouxfalls No,,,,,,,,
BELLA PREGNANCY RESOURCE CENTER,36-3495588,Bella Pregnancy Resource Center,"119 East Grant St, Suite 2",Spearfish,SD,57783,Care Net,http://bellapregnancy.com/ Yes,,,,,,,,
FULL CIRCLE MEDICAL CENTER FOR WOMEN,72-1554892,Full Circle Medical Center For Women,510 Old Riceville Rd,Athens,TN,37303,Care Net,https://www.fullcircleforwomen.org/ Yes,,https://www.facebook.com/fullcircleforwomen,,https://www.instagram.com/fullcircleforwomen/,,,,
PATHWAYS PREGNANCY RESOURCE CENTER,58-1656980,Abortion Alternatives And Crisis Pregnancy Center Inc,17 24th St,Bristol,TN,37620,,https://pathwaysprc.org/ Yes,,,,,,,,
FYI CLINIC,26-1438369,Fyi Clinic,153 Washington Ave,Camden,TN,38320,Care Net,http://www.fyiclinic.com/ No,,,,,,,,
PREGNANCY HELP CENTER OF SMITH COUNTY,26-4503684,Pregnancy Help Center,108 College Ave West,Carthage,TN,37030,Heartbeat International,https://www.prcsmithcounty.org/ No,,,,,,,,
BETHANY CHRISTIAN SERVICES - CHATTANOOGA,,,1807 Bailey Ave,Chattanooga,TN,37403,Heartbeat International,https://bethany.org/locations/us/tennessee/chattanooga No,,,,,,,,
CHOICES PREGNANCY RESOURCE CENTER,58-1713618,A A A Womens Services Inc,"951 Eastgate Loop, Suite 1000",Chattanooga,TN,37403,Care Net,http://www.choiceschattanooga.org/ Yes,,https://www.facebook.com/ChoicesChatt/,,https://www.instagram.com/choiceschatt/,,,,
HOPE PREGNANCY CENTER,62-1361122,Hope Pregnancy Center,325 North 2nd St,Clarksville,TN,37040,Care Net,http://www.hopepregnancy.net/ No,,,,,,,,
NEW HOPE PREGNANCY CARE CENTER,62-1287400,New Hope Pregnancy Care Center,353 Worth St NW,Cleveland,TN,37311,Heartbeat International,http://clevelandtnpregnancy.com/ Yes,,https://www.facebook.com/newhopepcc,,https://www.instagram.com/clevelandtnpregnancy,,,,
LIFE CHOICES PREGNANCY & FAMILY RESOURCE CENTER - GRUNDY COUNTY,46-2245542,Life Choices Pregnancy & Family Resource Center,38 South Industrial Park Rd,Coalmont,TN,37313,Heartbeat International; Care Net; NIFLA,http://www.lifechoicestn.org/ Yes,,https://www.facebook.com/lifechoicespregnacysupportcenter/,,,,,,
PREGNANCY CENTERS OF MIDDLE TENNESSEE - COLUMBIA,58-2074086,Pregnancy Centers Of Middle Tennessee Inc,704 Dunnington St,Columbia,TN,38401,Care Net,https://www.pcofmt.com/ Yes,,,,https://www.instagram.com/pregnancycentersofmidtn/,,,,
COOKEVILLE PREGNANCY CLINIC,42-1563678,Crisis Pregnancy Center Of Cookeville Inc,714 North Dixie Ave,Cookeville,TN,38501,Care Net; Heartbeat International,https://www.cookevillecpc.org/ Yes,,https://www.facebook.com/CookevillePregnancyClinic,,,,,,
PLATEAU PREGNANCY SERVICES,62-1517569,Plateau Pregnancy Services,99 Walker Hill St,Crossville,TN,38555,Care Net,http://www.plateaupregnancyservices.com/ No,,https://www.facebook.com/hPtltaptse:a//utwPirtteegrn.caonmcy/PSPeSrvCicaerses,,,,,,
THE CARE CENTER- DAYTON,58-1767813,The Care Center,285 Main St,Dayton,TN,37321,Care Net; NIFLA,https://www.thecarecentertn.org/ Yes,,https://www.facebook.com/hthttepcsa:/r/etwceittnetre.rctonm//thehcattrpesc:/e/wntwerwtn.youtube.comht/tcphsa:/n/wnewl/wU.CinVstZazgyrcaTmb.hcoBmzo/tjhRencTa8rkeEceKndt8egrtn/,,,,,,
CARE NET PREGNANCY MEDICAL CENTER,62-1576786,Care Net Pregnancy Medical Center,305 South Main St,Dickson,TN,37055,Care Net,http://pregnancyhelp.net/ Yes,,,,,,,,
NEXT STEP RESOURCES CENTER,81-1510377,Next Step Resources Center,1817 Old York Hwy East,Dunlap,TN,37327,Care Net; Save the Storks,https://nextstepinfo.org/ Yes,,https://www.facebook.com/nextstepresourcecenter/,,https://www.instagram.com/nextstepcenter/,,,,
LIFE CHOICES DYERSBURG,62-1825041,Life Choices Crisis Pregnancy Supp Ctr Of Dyersburg Tenn,640 Hwy 51 Ste F,Dyersburg,TN,38204,,http://lifechoicesdyersburg.com/ No,,https://www.facebook.com/Life-Choices-Medical-Clinic-Dyersburg-432718566810036,,,,,,
ABORTION ALTERNATIVES & WOMEN'S CENTER,32-0039948,Abortion Alternatives And Womens Center,"145 Judge Don Lewis Blvd, Suite 7",Elizabethton,TN,37643,,https://thetlccenter.org/ No,,https://www.facebook.com/people/TLC-Community-Center/100064737696899/,,,,,,TLC Center
ALLIANCE WOMEN'S CLINIC - FRANKLIN,39-1486327,Alliance Family Services,"509 New Hwy 96 W, Suite 101",Franklin,TN,37064,Care Net,https://www.alliancewomensclinic.org/ Yes,,,,,,,,
CUMBERLAND CRISIS PREGNANCY CENTER,58-1705496,Cumberland Crisis Pregnancy Center,2229 Nashville Pike,Gallatin,TN,37066,Heartbeat International,https://www.ccpchope.org/ Yes,,,,,,,https://ccpcfriends.org/,
THE HOPE CENTER,62-0515535,Free Will Baptist Family Ministries Inc,314 Tusculum Blvd,Greeneville,TN,37745,Care Net,https://www.hopecentergreeneville.com/ No,,https://www.facebook.com/lifechoicespregnacysupportcenter/,,,,,,
BIRTH CHOICE - JACKSON,62-1613447,Birth Choice Incorporated,391 Wallace Rd,Jackson,TN,38305,Care Net,https://yourprivatechoice.net/ Yes,,https://www.facebook.com/yourprivatechoice,,https://www.instagram.com/yourprivathetcthpos:ic//eb/irthchoice.biz/,,,,
LIFE OUTREACH CENTER RESOURCES LOC,62-1730270,Life Outreach Center Incorporated,1179 North Hwy 92,Jefferson City,TN,37760,Care Net,http://www.lifeoutreachcenter.net/ No,,https://www.facebook.com/LOC-Resources-170233316356940/,,,,,,
AGAPE WOMEN'S SERVICES,62-1211791,Agape Womens Services,515 West Walnut St,Johnson City,TN,37604,Care Net,https://agapewomensservices.com/ Yes,,https://www.facebook.com/hatgtpasp:e//wwowmwe.innssstaegrvraicmes.c/om/agapejohnsoncity/,,,,,,
BETHANY CHRISTIAN SERVICES - KNOXVILLE,,,"318 Erin Dr, Suite 10",Knoxville,TN,37919,,https://www.bethany.org/knoxville No,,,,,,,,
HOPE RESOURCE CENTER,58-1592223,Hope Resource Center,2700 Painter Ave,Knoxville,TN,37919,Care Net; NIFLA,http://knoxvillehope.com/ Yes,,,,https://www.instagram.com/hoperesouhrtctpesc:e//nintevreksntoinxgvhilolepe.com/,,,,
PREGNANCY CARE CENTER- LEBANON,14-2004594,Pregnancy Care Center,"401 West Main St, Suite 104",Lebanon,TN,37087,Care Net,http://pregnancycarecentertn.com/ Yes,,https://www.facebook.com/PCCTN/,,https://www.instagram.com/pregnancycarecentertn/,,,,
ALLIANCE WOMEN'S CLINIC - LENOIR CITY,39-1486327,Alliance Family Services,118 North A St,Lenoir City,TN,37771,Care Net,https://www.alliancewomensclinic.org/ Yes,,,,,,,,
IN HIS IMAGE PREGNANCY CENTER,43-1967368,In His Image Pregnancy Resource Center Inc,101 3rd Ave North,Lewisburg,TN,37091,Care Net,,,https://www.facebook.com/groups/10150113244860167,,,,,,
LIFE CHOICES PREGNANCY & FAMILY RESOURCE CENTER - COFFEE COUNTY,46-2245542,Life Choices Pregnancy & Family Resource Center,300 West Fort St,Manchester,TN,37355,Heartbeat International; Care Net; NIFLA,http://www.lifechoicestn.org/ Yes,,https://www.facebook.com/lifechoicespregnacysupportcenter/,,,,,,
OASIS MEDICAL CLINIC,62-1549150,Agape House Of Northwest Tennessee,244 Dustin Laird Dr,Martin,TN,38327,,http://oasismedicaltn.com/ No,,,,,,,,
PREGNANCY RESOURCE CENTER - MARYVILLE,58-1704864,Pregnancy Resource Center,103 Station Dr,Maryville,TN,37803,Care Net,http://www.prcbctn.com/ Yes,,https://www.facebook.com/easttnprc,,https://www.instagram.com/easttnprc/https://www.youmakeherbrave.com/,,,,
BIRTHRIGHT OF MEMPHIS,23-7219353,Birthright of Memphis,115 Alexander St,Memphis,TN,38111,Birthright International,https://www.birthrightofmemphis.org/ No,,https://www.facebook.com/birthrightofmemphis/,,,,,,
LIFE CHOICES MEMPHIS,62-1281799,Life Choices Of Memphis Inc,"2400 Poplar Ave, Suite 550",Memphis,TN,38112,,http://www.lifechoicesmemphis.org/ Yes,,https://www.facebook.com/hlcttfprise:n//dtws/itter.com/LifeChoicesMem,,,,,,
BETHANY CHRISTIAN SERVICES - MEMPHIS,,,"200 East Pkwy N, Suite 236",Memphis,TN,38119,Heartbeat International,https://bethany.org/locations/us/tennessee/memphis No,,,,,,,,
LIFE CHOICES MEMPHIS,62-1281799,Life Choices Of Memphis Inc,5575 Raleigh LaGrange Rd,Memphis,TN,38134,,http://www.lifechoicesmemphis.org/ Yes,,https://www.facebook.com/hlcttfprise:n//dtws/itter.com/LifeChoicesMem,,,,,,
MID-SOUTH WOMEN'S CLINIC,62-1597366,Confidential Care Mobile Ministry Inc,16228 US Hwy 51 N,Millington,TN,38053,,https://www.midsouthwomensclinic.com/ No,,https://www.facebook.com/confidentialcaremm,,https://www.instagram.com/confidentiahltctpasre:/m/wmw/w.confidentialcaremm.org/,,,,
PREGNANCY CRISIS CENTER,20-5528660,Pregnancy Crisis Center,304 Calvary Dr,Morristown,TN,37815,Care Net,http://www.morristownpcc.org/ No,,https://www.facebook.com/MorristownPCC/,,https://www.instagram.com/pregnancycrisiscenter/,,,,
PREGNANCY SUPPORT CENTER OF JOHNSON COUNTY,27-3438026,Pregnancy Support Center,1999 Forge Rd,Mountain City,TN,37683,,https://www.pregnancysupportcenterofjc.com/ No,,https://www.facebook.com/PSCJC,,,,,,
PORTICO,62-1262109,Portico Inc,726 South Church St,Murfreesboro,TN,37130,Care Net,http://www.porticostory.org/ Yes,,https://www.facebook.com/hptotprtsic:/o/xs.tcoorym//porticostory,,https://www.instagram.com/porticostory/,,,,
HOPE CLINIC FOR WOMEN,62-1164825,Hope Clinic For Women,1810 Hayes St,Nashville,TN,37203,,https://www.hopeclinicforwomen.org/ No,,https://www.facebook.com/HopeClinicforWomenTN,,https://www.instagram.com/hopeclinic,,,,
BETHANY CHRISTIAN SERVICES - NASHVILLE,,,3534 West End Ave,Nashville,TN,37205,Bethany Christian Services,https://bethany.org/locations/us/tennessee/nashville No,,,,,,,,
NASHVILLE PREGNANCY HELP,62-1009171,Tennessee Right To Life Inc,409 Welshwood Dr,Nashville,TN,37211,,http://www.nashvillepregnancyhelp.com/ No,,,,,,,,Grace Pregnancy Resource Center
CHOICES RESOURCE CENTER,62-1512619,Choices Resource Center,170 Raleigh Rd,Oak Ridge,TN,37830,Care Net,http://www.choicesresource.com/ Yes,,https://www.facebook.com/choicesresource,,https://www.instagram.com/choicesresourcecenter/,,,,
PREGNANCY CARE CENTER - OLD HICKORY,14-2004594,Pregnancy Care Center,4989 Lebanon Pike,Old Hickory,TN,37138,Care Net,http://pregnancycarecentertn.com/ Yes,,https://www.facebook.com/PCCTN/,,https://www.instagram.com/pregnancycarecentertn/,,,,
TOMORROW'S HOPE PREGNANCY MEDICAL CLINIC,62-1743332,Tomorrows Hope Pregnancy Medical Clinic,211 North Brewer St,Paris,TN,38242,,https://www.tomorrowshopeparis.org/ Yes,,https://www.facebook.com/TomorrowsHopePMC,,https://www.instagram.com/tomorrowshopepmc/,,,,
HAWKINS COUNTY PREGNANCY HELP CENTER,,,207 North Hawkins St,Rogersville,TN,37857,Heartbeat International,https://www.hvbaptist.org/pregnancy-center No,,https://www.facebook.com/people/Hawkins-County-Pregnancy-Center/61560479104338/,,,,,,
PREGNANCY RESOURCE CENTER - SEVIERVILLE,58-1704864,Pregnancy Resource Center,800 Park Rd,Sevierville,TN,37862,Care Net,http://www.prcbctn.com/ Yes,,https://www.facebook.com/easttnprc,,https://www.instagram.com/easttnprc/,,,,
FIRST CHOICE PREGNANCY COUNSELING CENTER,91-2198915,First Choice Pregnancy Counseling Center,1102 Madison St,Shelbyville,TN,37160,Care Net,https://www.firstchoicepregnancy.com/ Yes,,https://www.facebook.com/hFtitrpsst-:C//thwoiticteer-.Pcoremg/nfiarsntccyh-oCicoeupncsceling-Center-1h2t2tp1s4:1//4w0w7w8.3in0s3t6a4g/ram.com/firstchoicepregnancytn/,,,,,,
THE CARE CENTER - SPRING CITY,58-1767813,The Care Center,250 Neal St,Spring City,TN,37381,Care Net; NIFLA,https://www.thecarecentertn.org/ Yes,,https://www.facebook.com/hthttepcsa:/r/etwceittnetre.rctonm//thehcattrpesc:/e/wntwerwtn.youtube.comht/tcphsa:/n/wnewl/wU.CinVstZazgyrcaTmb.hcoBmzo/tjhRencTa8rkeEceKndt8egrtn/,,,,,,
PREGNANCY CENTERS OF MIDDLE TENNESSEE - SPRING HILL,58-2074086,Pregnancy Centers Of Middle Tennessee Inc,"220 Town Center Pkwy, Suite 125",Spring Hill,TN,37174,Care Net,https://www.pcofmt.com/ Yes,,,,https://www.instagram.com/pregnancycentersofmidtn/,,,,
OPEN DOOR PREGNANCY CENTER,20-5798836,Open Door Pregnancy Center,1109 South Main St,Springfield,TN,37172,Care Net,https://opendoorprc.org/ No,,https://www.facebook.com/OpenDoorPregnancyCenter/,,,,,,
CROSSROADS WOMEN'S CLINIC,62-1867845,Lifebeat Family Resource Center,120 Church St,Tiptonville,TN,38079,,https://crossroadswomensclinic.com/ No,,https://www.facebook.com/crossRoadswomensclinic,,,,,https://lifebeatcenterfriends.com/,
BIRTH CHOICE - GIBSON COUNTY,62-1613447,Birth Choice Incorporated,1281 Hwy 45 Bypass North,Trenton,TN,38343,Care Net,https://yourprivatechoice.net/ Yes,,https://www.facebook.com/yourprivatechoice,,https://www.instagram.com/yourprivathetcthpos:ic//eb/irthchoice.biz/,,,,
LIFE CHOICES PREGNANCY SUPPORT CENTER - FRANKLIN COUNTY,46-2245542,Life Choices Pregnancy & Family Resource Center,66 Sunrise Park,Winchester,TN,37398,Heartbeat International; Care Net; NIFLA,http://www.lifechoicestn.org/ Yes,,https://www.facebook.com/lifechoicespregnacysupportcenter/,,,,,,
PREGNANCY RESOURCES OF ABILENE,75-1893072,Pregnancy Resources Of Abilene Inc,"2110 North Willis St, Suite A",Abilene,TX,79603,Heartbeat International,https://www.prabilene.com/ Yes,,https://www.facebook.com/First-Choice-Pregnancy-Counseling-Center-122141407830364/,,,,,,
HOPE CHOICE - CENTER CITY,75-2195169,Hope Choice Inc,1501 South Taylor St,Amarillo,TX,79101,Care Net,http://www.thehopechoice.com/ No,,,,,,,,
HOPE CHOICE - MEDIPARK,75-2195169,Hope Choice Inc,6709 Woodward St,Amarillo,TX,79106,Care Net,http://www.thehopechoice.com/ No,,,,,,,,
HOPE CHOICE - MESA VERDE,75-2195169,Hope Choice Inc,4022 NE 26th St,Amarillo,TX,79107,Care Net,http://www.thehopechoice.com/ No,,,,,,,,
THE LIFE CENTER - ANDREWS,27-0205911,Permian Basin Womens Resource Center The Life Center Foundation,1412 NE Mustang Dr,Andrews,TX,79714,Heartbeat International,https://thelifecentertx.org/ Yes,,https://www.facebook.com/thelifecentertx/,,https://www.instagram.com/thelifecenthetrttpxs/://www.tlcdonor.org/,,,,
METROPLEX WOMEN'S CLINIC - NORTH,75-1987614,Arlington Pregnancy Center Inc,2810 NW Green Oaks Blvd,Arlington,TX,76012,Heartbeat International,https://www.metroplexwomensclinic.com/ Yes,,https://www.facebook.com/metroplexwomensclinic,,https://www.instagram.com/metroplex_womens_clinic/,,,,
METROPLEX WOMEN'S CLINIC - SOUTHWEST,75-1987614,Arlington Pregnancy Center Inc,7603 US Hwy 287 N Frontage Rd,Arlington,TX,76017,Heartbeat International,https://www.metroplexwomensclinic.com/ Yes,,https://www.facebook.com/metroplexwomensclinic,,https://www.instagram.com/metroplex_womens_clinic/,,,,
METROPLEX WOMEN'S CLINIC - SOUTHEAST,75-1987614,Arlington Pregnancy Center Inc,5150 South Collins St,Arlington,TX,76018,Heartbeat International,https://www.metroplexwomensclinic.com/ Yes,,https://www.facebook.com/metroplexwomensclinic,,https://www.instagram.com/metroplex_womens_clinic/,,,,
ABUNDANT LIFE PREGNANCY RESOURCE CENTER,87-1871426,Abundant Life Pregnancy Resource Center,610 Maryland Dr Suite A,Athens,TX,75460,,https://www.abundantlifeprc.com/ No,,https://www.facebook.com/people/Abundant-Life-Pregnancy-Resource-Chettnptse:r///w10w0w0.8in1s1t3a6g9ra7m19.c0o8m//abundant_life_prc/,,,,,,
HEART OF TEXAS PREGNANCY RESOURCE CENTER - EAST AUSTIN,46-0673585,Chicon Pregnancy Resource Center — Heart Of Texas Pregnancy Resourc,"6448 East Hwy 290, Suite B110",Austin,TX,78702,Heartbeat International,http://www.heartoftexasprc.org/ No,,,,,,,,
TROTTER HOUSE - AUSTIN,20-1882798,Austin Pregnancy Resource Center,2717 Rio Grande St,Austin,TX,78705,,https://www.trotterhouse.org/ Yes,,,,,,,,Trotter House
ST. JOHN PAUL II LIFE CENTER,20-8785471,St John Paul II Life Center,"4201 Marathon Blvd, 3rd Floor",Austin,TX,78731,,http://jpiilifecenter.org/ No,,https://www.facebook.com/StJohnPaulIILIfeCenthetrt/ps://www.youtube.comht/t@psjp:/i/iwlifwecwe.inntsetra6g5r1a1m/v.cidoemo/sjpiilifecenter/,,,,,,
TRUCARE,26-4626842,Trucare Network,"4544 South Lamar Blvd, Suite 665",Austin,TX,78745,Heartbeat International,https://www.trucareclinic.com/ Yes,,https://www.servetrucare.org/,,,,,,
THE SOURCE: AUSTIN,74-2333473,Austin Lifecare Inc,1007 East 41st St.,Austin,TX,78757,Care Net,https://www.thesource.org/ No,,https://www.facebook.com/hTthtpesS:/o/xu.rccoemTe/txhaess/ourcetexas/,,https://www.instagram.com/thesourcetexas/,,,,
PATHWAYS WOMEN & FAMILY CENTER,27-0665145,Bastrop Pregnancy Resource Center — Bprc,125 Lower Red Rock Rd,Bastrop,TX,78602,,https://www.mypathwaystx.org/ Yes,,https://www.facebook.com/BastropPregnancyResourceCenter,,https://www.instagram.com/bastroppregnancyhelp/,,,,BASTROP PREGNANCY RESOURCE CENTER
WOMEN'S PREGNANCY CENTER OF MATAGORDA COUNTY,76-0219225,Womens Pregnancy Center Of Matagorda County Inc,3107 Avenue F,Bay City,TX,77414,Heartbeat International,https://baycitywpc.org/ No,,https://www.facebook.com/wpcbaycity/?fref=ts,,,,,,
BIRTHRIGHT OF BEAUMONT,23-7389074,Birthright of Beaumont,2626 Calder Ave,Beaumont,TX,77702,Birthright International,http://birthright.org/beaumont No,,,,,,,,
HOPE WOMEN'S RESOURCE CLINIC,76-0548301,Hope Center for Crisis Pregnancy,3740 Laurel Ave,Beaumont,TX,77707,Heartbeat International,http://www.hope-clinic.com/ No,,https://www.facebook.com/HopeWomensResourceClinic/,,https://www.instagram.com/hopeclinicbmt,,,,
THE LIFE CENTER - BIG SPRING,27-0205911,Permian Basin Womens Resource Center The Life Center Foundation,1801 South Main St,Big Spring,TX,79720,Heartbeat International,https://thelifecentertx.org/ Yes,,https://www.facebook.com/thelifecentertx/,,https://www.instagram.com/thelifecenthetrttpxs/://www.tlcdonor.org/,,,,
HILL COUNTRY PREGNANCY CARE CENTER - BOERNE,74-2470532,Hill Country Pregnancy Care Center,439 Fabra St,Boerne,TX,78006,Care Net; Heartbeat International,https://hillcountrypregnancycarecenter.org/ Yes,,https://www.facebook.com/Hill-Country-Pregnancy-Care-Center-1002496h2tt0p0s:5//2w3w90w/.instagram.com/hcpcc_boehrtntpes/://www.hcpcctexas.org/,,,,,,
NEW LIFE COTTAGE,27-2456669,Fannin Pregnancy Care Center,1500 North Center St,Bonham,TX,75418,Care Net; Heartbeat International,http://www.fanninpregnancy.org/ Yes,,https://www.facebook.com/FanninPCC,,,,,,
CARE NET PREGNANCY CENTER OF BORGER,75-2558399,Borger Area Crisis Pregnancy Center Inc — Care Net,300 West Grand St,Borger,TX,79007,Care Net,https://borgercarenet.com/ No,,https://www.facebook.com/people/Borger-CareNet-Pregnancy-Center/100045807771715/,,,,,,
CLEAR CHOICE PREGNANCY RESOURCE CENTER,75-2547148,Pregnancy Resource Center,110 West Wise St,Bowie,TX,76230,Heartbeat International,http://clearchoiceprc.org/ No,,https://www.facebook.com/Clear-Choice-PRC-233067403551112,,,,,,
CENTRAL TEXAS PREGNANCY CARE CENTER - BRADY,01-0843007,Central Texas Pregnancy Care Center Inc,200 W 4th St,Brady,TX,76825,Heartbeat International,http://www.pccbrownwood.com/ No,,https://www.facebook.com/Pregnancy-Care-Center-336192673633/,,,,,,
THE OPEN DOOR PREGNANCY CENTER - BRECKENRIDGE,26-1551160,Eastland County Open Door — Pregnancy Assistance Center,110 North Live Oak St,Breckenridge,TX,76424,Heartbeat International,https://theopendoorprc.com/ Yes,,https://www.facebook.com/opendoorfrc/,,https://www.instagram.com/opendoorpfrc/,,,,
NEW BEGINNINGS PREGNANCY CENTER - BRENHAM,74-3023740,Brenham Pregnancy Center,1016 East Blue Bell Road,Brenham,TX,77833,Care Net,https://brenhampregnancycenter.org/ Yes,,https://www.facebook.com/pregnancycenterbrenham/,,,,,,
CENTRAL TEXAS PREGNANCY CARE CENTER - BROWNWOOD,01-0843007,Central Texas Pregnancy Care Center Inc,2200 Austin Ave,Brownwood,TX,76801,Heartbeat International,http://www.pccbrownwood.com/ No,,https://www.facebook.com/Pregnancy-Care-Center-336192673633/,,,,,,
HOPE PREGNANCY CENTER - BRYAN,74-2352717,Hope Pregnancy Centers Of Brazos Valley Inc,103 West 32nd St,Bryan,TX,77803,Care Net,http://www.hopepregnancy.org/ Yes,,https://www.facebook.com/HopeBV/,,https://www.instagram.com/hopebcs/,,,,
NEXT STEP WOMEN'S CENTER,75-2199472,Pregnancy Resources And Medical Clinic Of North Texas Inc,250 NW Tarrant Ave,Burleson,TX,76028,Care Net,https://www.nextstepwc.com/ Yes,,https://www.facebook.com/NextStepTX,,https://www.instagram.com/nextstepwc/,,,,
MOORE OPTIONS - CACTUS,75-2760977,Dumas Area Crisis Pregnancy Center,405 Sherri Dr,Cactus,TX,79013,Care Net,https://mooreoptions.org/ Yes,,https://www.facebook.com/mooreoptions.life/,,https://www.instagram.com/mooreoptions.life/,,,,
HOPE CENTER,75-3058435,Heart Of Grace Ministries — Hope Pregnancy Center,885 East State Hwy 243,Canton,TX,75103,Care Net,http://www.hopecanton.com/ Yes,,https://www.facebook.com/hopecantontx,,https://www.instagram.com/hopecentercanton,,,,
HOPE CHOICE - CANYON,75-2195169,Hope Choice Inc,201 26th St,Canyon,TX,79015,Care Net,http://www.thehopechoice.com/ No,,,,,,,,
ANDERSON HOUSE PREGNANCY RESOURCE CENTER - CARRIZO SPRINGS,81-1148156,Anderson House Pregnancy Resource Center,701 West Houston St,Carrizo Springs,TX,78834,Heartbeat International,https://andersonhouseprc.org/ No,,https://www.facebook.com/AndersonHouseTRC,,https://www.instagram.com/andersonhousetrc/,,,,
AGAPE WOMEN'S CLINIC - CEDAR PARK,27-0111679,Agape Pregnancy Resource Center,"1464 East Whitestone Blvd, Suite 15",Cedar Park,TX,78613,Care Net,https://www.agapewomensclinic.org/ No,,https://www.facebook.com/hatgtpasp:e//ptwrcitrtrer.com/agapeprcrr,,https://www.instagram.com/agapeprc/,,,,
THE OPEN DOOR - CISCO,26-1551160,Eastland County Open Door — Pregnancy Assistance Center,1906 Hwy 206,Cisco,TX,76437,Heartbeat International,https://theopendoorprc.com/ Yes,,https://www.facebook.com/opendoorfrc/,,https://www.instagram.com/opendoorpfrc/,,,,
CLEBURNE PREGNANCY CENTER,75-2235598,Cleburne Pregnancy Center Inc,100 South Main St,Cleburne,TX,76033,Heartbeat International,http://www.cleburnepc.com/ Yes,,,,https://www.instagram.com/cleburnepregnancycenter/,,,,
HOPE PREGNANCY CENTER - COLLEGE STATION,74-2352717,Hope Pregnancy Centers Of Brazos Valley Inc,205 Brentwood Dr East,College Station,TX,77840,Care Net,http://www.hopepregnancy.org/ Yes,,https://www.facebook.com/HopeBV/,,https://www.instagram.com/hopebcs/,,,,
AGGIELAND PREGNANCY OUTREACH,74-2893803,Aggieland Pregnancy Outreach,550 Fraternity Row,College Station,TX,77845,,https://pregnancyoutreach.org/ No,,https://www.facebook.com/pregnancyoutreach,,,,,https://friendsofapo.org/,
HILL COUNTRY PREGNANCY CENTER - COMFORT,74-2470532,Hill Country Pregnancy Care Center,211 Main St,Comfort,TX,78013,Care Net; Heartbeat International,https://hillcountrypregnancycarecenter.org/ Yes,,https://www.facebook.com/HCPCCboerne,,https://www.instagram.com/hillcountryhptrtepgsn:/a/wnwcywc.ahrcepccecntetexra/s.org/,,,,
PREGNANCY ASSISTANCE CENTER NORTH - CONROE,76-0242187,Pregnancy Assistance Center North,115 North San Jacinto St,Conroe,TX,77301,Heartbeat International,http://www.pacn.org/ Yes,,https://www.facebook.com/PACN.org,,https://www.instagram.com/p_a_c_n/?hl=en,,,,
"HOPE PREGNANCY CENTERS, INC. - COPPERAS COVE",74-2129002,Hope Pregnancy Center,601 South Main St,Copperas Cove,TX,76522,Care Net,http://www.hopepc.com/ Yes,,https://www.facebook.com/hhtotppse:p//rtewgitntearn.ccoymce/nhtoeprespctexas,,,,,,
PREGNANCY CENTER OF THE COASTAL BEND - FIVE POINTS,74-2541210,Corpus Christi Pregnancy Center Inc,13725 NW Blvd,Corpus Christi,TX,78410,Care Net; Heartbeat International; NIFLA,http://ccpregnancy.org/ No,,https://www.facebook.com/pregnancycentercoastalbend,,https://www.instagram.com/hicoastalbhetntpds/://hifriends4life.org/,,,,
PREGNANCY CENTER OF THE COASTAL BEND - CORPUS CHRISTI,74-2541210,Corpus Christi Pregnancy Center Inc,4730 Everhart Rd,Corpus Christi,TX,78411,Care Net; Heartbeat International; NIFLA,http://ccpregnancy.org/ No,,https://www.facebook.com/pregnancycentercoastalbend,,https://www.instagram.com/hicoastalbhetntpds/://hifriends4life.org/,,,,
HOPE CENTER,75-2041504,Pro Life Of Navarro County,3124 West State Hwy 22,Corsicana,TX,75110,Care Net,http://hopecentercorsicana.com/ No,,https://www.facebook.com/hopecentercorsicana/,,https://www.instagram.com/hopecentercorsicana/,,,,
GRACEFUL BEGINNINGS,33-3219926,Graceful Beginnings,816 South 4th St,Crockett,TX,75835,,https://gracefulbeginningstexas.org/ No,,https://www.facebook.com/people/Graceful-Beginnings/61576910350138/?,,,,,,
EXPECTANT HEART PREGNANCY RESOURCE CENTER- DAINGERFIELD,45-3840872,Expectant Heart Pregnancy Resource Center,909 Linda Dr,Daingerfield,TX,75638,,http://www.expectantheart.org/ No,,https://www.facebook.com/eheartdfield/,,,,,,
DALHART PREGNANCY RESOURCE CENTER,26-1791005,Dalhart Pregnancy Resource Center,1422 Denver Ave,Dalhart,TX,79022,Care Net,https://www.dalhartpregnancy.com/ No,,https://www.facebook.com/dalhartpregnancy/,,,,,,
WOMAN TO WOMAN HEALTH CENTER - DOWNTOWN,25-1902817,Involved For Life Inc,525 North Ervay St,Dallas,TX,75201,Care Net,https://womantowomanhealthcenter.org/ Yes,,https://www.facebook.com/getinvolvedforlife/,,https://www.instagram.com/womantowhottmpsa:n//_ghecti/nvolvedforlife.com/,,,,
WHITE ROSE WOMEN'S CENTER,75-2145755,St Josephs Helpers Of Dallas Texas,4313 North Central Expressway,Dallas,TX,75205,,http://www.whiterosewomenscenter.org/ No,,https://www.facebook.com/whiterosewomenscenter/,,,,,,
THRIVE WOMEN'S CLINIC - CENTRAL DALLAS,45-5419439,Disciples Of The Way Ministries,"6500 Greenville Ave, Suite 600",Dallas,TX,75206,Heartbeat International,http://thrivewomensclinic.com/ Yes,,https://www.facebook.com/thrivewomensclinic/,,https://www.instagram.com/thrivewomensclinic/,,,,
THRIVE WOMEN'S CLINIC - WEST DALLAS,45-5419439,Disciples Of The Way Ministries,3901 Holystone St nSuite,Dallas,TX,75212,Heartbeat International,http://thrivewomensclinic.com/ Yes,,https://www.facebook.com/thrivewomensclinic/,,https://www.instagram.com/thrivewomensclinic/,,,,
PRESTONWOOD PREGNANCY CENTER - SOUTHWEST DALLAS,75-2891044,Prestonwood Caring People Network,7988 West Virginia Dr 100,Dallas,TX,75237,,https://prestonwoodpregnancy.org/ No,,https://www.facebook.com/prestonwoodpreg/,,https://www.instagram.com/prestonwoodpreg/?,,,,
BLOOM PREGNANCY HELP CENTER,26-4478516,Catholic Crisis Pregnancy Centers Of Dallas Texas Inc,"17177 Preston Rd, Suite 310",Dallas,TX,75248,,https://bloomphc.org/ Yes,,,,,,,,Bloom Pregnancy Help Center
WISE CHOICES PREGNANCY RESOURCE CENTER,75-2897889,Wise Choices Pregnancy Resource Center Inc,604 North Trinity St,Decatur,TX,76234,Care Net,https://mywisechoices.com/ Yes,,https://www.facebook.com/hWttipsse:C//thwoiitcteers.cDoemca/WtuirseChoicesPRC,,https://www.instagram.com/wisechoicesprc/,,,,
AMISTAD PREGNANCY CARE CENTER,74-2718117,Amistad Pregnancy Care Center Of Del Rio Inc,102 A Fletcher Dr,Del Rio,TX,78840,,,,https://www.facebook.com/AmistadPregnancyCareCenter/,,,,,,
LORETO HOUSE PREGNANCY & PARENTING RESOURCE CENTER - DENTON,26-1395425,Loreto House,1100 North Bonnie Brae St,Denton,TX,76201,,https://loretohouse.org/ No,,https://www.facebook.com/PregnancycarecenteRhtotpasd:e//nwtownw/.youtube.com/@LoretoHouse,,,,,https://loretohousebenefactors.org/,
WOMAN TO WOMAN PREGNANCY RESOURCE CENTER - DESOTO,75-2125952,Woman To Woman Pregnancy Resource Center,"2436 S Interstate 35, Suite 360",Denton,TX,76201,Care Net,http://dentonprc.org/ No,,https://www.facebook.com/friendsofdentonprc/,,,,,https://friendsofdentonprc.org/,
WOMAN TO WOMAN HEALTH CENTER - SOUTHWEST,25-1902817,Involved For Life Inc,"2715 Bolton Boone Dr, Suite A",DeSoto,TX,75115,Care Net,https://womantowomanhealthcenter.org/ Yes,,https://www.facebook.com/getinvolvedforlife/,,https://www.instagram.com/womantowhottmpsa:n//_ghecti/nvolvedforlife.com/,,,,
HEART OF TEXAS PREGNANCY RESOURCE CENTER - HILL COUNTRY,46-0673585,Chicon Pregnancy Resource Center — Heart Of Texas Pregnancy Resourc,27711 RR12,Dripping Springs,TX,78620,Heartbeat International,http://www.heartoftexasprc.org/ No,,,,,,,,
MOORE OPTIONS - DUMAS,75-2760977,Dumas Area Crisis Pregnancy Center,214 East 5th St,Dumas,TX,79029,Care Net,https://mooreoptions.org/ Yes,,https://www.facebook.com/mooreoptions.life/,,https://www.instagram.com/mooreoptions.life/,,,,
PREGNANCY & FATHERHOOD SOLUTIONS,74-2247355,El Pasoans For Life Inc,"9101 Dyer St, Suite 204",El Paso,TX,79924,Care Net,https://www.pfsep.org/ No,,https://www.facebook.com/hptftspesl:p//atwsoitter.com/pfselpaso,,https://www.instagram.com/pfselpaso/,,,,
PREGNANCY & FATHERHOOD SOLUTIONS,74-2247355,El Pasoans For Life Inc,3565 North Lee Trevino Dr,El Paso,TX,79936,Care Net,https://www.pfsep.org/ No,,https://www.facebook.com/hptftspesl:p//atwsoitter.com/pfselpaso,,https://www.instagram.com/pfselpaso/,,,,
MID CITIES WOMEN'S CLINIC - EULESS,75-2770452,Mid Cities Pregnancy Care Inc,201 Westpark Way,Euless,TX,76040,Care Net,https://mcwomensclinic.com/ Yes,,https://www.facebook.com/midcitieswomensclinic/,,https://www.instagram.com/mcwomensclinic/,,,,
LORETO HOUSE PREGNANCY & PARENTING RESOURCE CENTER - FLOWER MOUND,26-1395425,Loreto House,2213 Acropolis Dr,Flower Mound,TX,75028,,https://loretohouse.org/ No,,https://www.facebook.com/PregnancycarecenteRhtotpasd:e//nwtownw/.youtube.com/@LoretoHouse,,,,,https://loretohousebenefactors.org/,
METROPLEX WOMEN'S CLINIC - EAST FORTH WORTH,75-2504542,Greater Fort Worth Pro Life Ministries,324 South Rand St,Fort Worth,TX,76103,,https://metroplexwomensclinic.com/ Yes,,https://www.facebook.com/metroplexwomensclinic,,https://www.instagram.com/metroplex_womens_clinic/,,,,
HEALTH FOR HER - FORT WORTH,26-4099950,Human Coalition,900 Hemphill St,Fort Worth,TX,76104,Human Coalition,https://healthforher.org/locations/fort-worth/ No,,,,,,,,
FORT WORTH PREGNANCY CENTER,75-2548774,Fort Worth Crisis Pregnancy Center,3221 Cleburne Rd,Fort Worth,TX,76110,Care Net,http://fwpc.org/ Yes,,https://www.facebook.com/FWPregCenter,,https://www.instagram.com/fortworthpregnancycenter/,,,,
PRESTONWOOD PREGNANCY CENTER - FORT WORTH,75-2891044,Prestonwood Caring People Network,4732 Townsend Dr,Fort Worth,TX,76115,Heartbeat International,http://www.prestonwoodpregnancy.org/ No,,https://www.facebook.com/prestonwoodpreg/,,https://www.instagram.com/prestonwoodpreg/?,,,,
PREGNANCY HELP CENTER OF FORT WORTH,75-2125380,Family Life Solutions Inc,"7700 Camp Bowie West, Suite 120",Fort Worth,TX,76116,Heartbeat International,https://www.phcfw.org/ Yes,,,,,,,https://phcpartners.org/,
PREGNANCY LIFELINE,23-7319438,Pregnancy Lifeline,"4747 South Hulen St, Suite 103",Fort Worth,TX,76132,,http://pregnancylifeline.net/ No,,https://www.facebook.com/pregnancylifeline,,,,,,
EAGLE MOUNTAIN PREGNANCY HELP CENTER,75-2782011,Eagle Mountain Pregnancy Help Center,10328 Jacksboro Hwy,Fort Worth,TX,76135,NIFLA,http://emphc.org/ Yes,,https://www.facebook.com/eaglemountainpregnancyhelp,,https://www.instagram.com/eaglemountainhelp/,,,,
PREGNANCY HELP 4 U,45-2442701,Pregnancy Help 4 U Inc,"5407 Basswood Blvd, Suite 107",Fort Worth,TX,76137,Heartbeat International,http://www.pregnancyhelp4u.org/ No,,https://www.facebook.com/pregnancyhelp4u?,,,,,,
HEART OF THE HILLS,27-3088915,Mom Center,520 South Milam St,Fredericksburg,TX,78624,Heartbeat International,https://heartofthehillstx.org/ Yes,,,,,,,,
INSPIRA RESOURCE CENTER,76-0389273,Center For Pregnancy,347-B East Parkwood Ave,Friendswood,TX,77546,Care Net,https://inspiraresourcecenter.com/ Yes,,,,,,,,
LIFETALK RESOURCE CENTER,80-0159377,Life Talk Resource Center,"8380 Warren Pkwy, Suite 204",Frisco,TX,75034,Care Net,https://lifetalkprc.org/ Yes,,https://www.facebook.com/LifeTalkPRC,,https://www.instagram.com/lifetalkrc/,,,,
ABBA WOMEN'S CENTER,75-2562827,Abba Womens Center Inc,214 North Taylor St,Gainesville,TX,76240,,http://www.abbatexas.org/ No,,,,,,,,
METRO FAMILY PREGNANCY CENTER,75-2480842,Metro Family Pregnancy Center Inc,3375 Edgewood Dr,Garland,TX,75043,Heartbeat International,http://www.garlandpregnancy.com/ Yes,,,,,,,,
PREGNANCY HELP CENTER OF WILLIAMSON COUNTY,74-2844141,Pregnancy Help Center Of Williamson County,2308 Old Airport Rd,Georgetown,TX,78626,Care Net,http://www.phcwc.com/ Yes,,https://www.facebook.com/hptftspesl:p//atwsoitter.com/pfselpaso,,https://www.instagram.com/pfselpaso/https://www.phcwc.com/supporters,,,,
OPEN DOOR PREGNANCY CENTER - GILMER,82-5350692,Open Door Pregnancy Center,1561 Hwy 271 N,Gilmer,TX,75644,,https://www.opendoortx.org/ Yes,,https://www.facebook.com/OpenDoorPregnancyHelpCenter,,,,,,
CENTRAL TEXAS PREGNANCY CARE CENTER - GOLDTHWAITE,01-0843007,Central Texas Pregnancy Care Center Inc,1005 Hutchins St,Goldthwaite,TX,76844,,http://www.pccbrownwood.com/ No,,,,,,,,
BRAZOS PREGNANCY CENTER,75-2511944,Brazos Pregnancy Center Inc,1812 Acton Hwy,Granbury,TX,76049,Heartbeat International,http://www.brazospregnancycenter.com/ Yes,,https://www.facebook.com/BrazosPregnancyCenter/,,https://www.instagram.com/bpcgranbury/?,,,,
PREGNANCY RESOURCE CENTER OF GRAND PRAIRIE,75-2501973,Pregnancy Resource Center Of Grand Prairie,"2305 Oak Lane, Suite 101-4B",Grand Prairie,TX,75051,,https://prcgp.com/ No,,https://www.facebook.com/Pregnancycentergp,,,,,,
HEALTH FOR HER - GRAPEVINE,26-4099950,Human Coalition,"2401 Ira E Woods Ave, Suite 300",Grapevine,TX,76051,Human Coalition,https://healthforher.org/locations/grapevine/ No,,,,,,,,
RAFFA CLINIC - GREENVILLE,22-3859508,Raffa Clinic,2612 Jordan St,Greenville,TX,75401,Care Net,http://www.raffaclinic.org/ Yes,,,,,,,,
MID CITIES WOMEN'S CLINIC - HASLET,75-2770452,Mid Cities Pregnancy Care Inc,474 FM 156 S,Haslet,TX,76052,Care Net,https://mcwomensclinic.com/ Yes,,https://www.facebook.com/midcitieswomensclinic/,,https://www.instagram.com/mcwomensclinic/,,,,
PREGNANCY RESOURCE CENTER EAST,76-0400314,Crisis Pregnancy Center Of Baytown — Pregnancy Resource Center East,610 South Main St,Highlands,TX,77562,Care Net,https://www.prce.org/ Yes,,https://www.facebook.com/FriendsofPregnancyResourceCenterEast/,,https://www.instagram.com/pregnancyhrtetpsso:u//rwcewcwe.nptrecreebaasyt/town.org/,,,,
DOWNTOWN PREGNANCY HELP CENTER,41-2110179,Houston Pregnancy Help Center Inc,3636 San Jacinto St,Houston,TX,77004,,https://www.freepregnancytest.com/ Yes,,,,,,,,
FIFTH WARD PREGNANCY HELP CENTER,41-2110179,Houston Pregnancy Help Center Inc,743 Shotwell St,Houston,TX,77020,,https://www.freepregnancytest.com/ Yes,,,,,,,,
BIRTHRIGHT OF HOUSTON,23-7255456,Birthright of Houston,"1200 Blalock Rd, Suite 104",Houston,TX,77055,Birthright International,https://birthright.org/houston No,,,,,,,,
THE SOURCE: HOUSTON - SPRING BRANCH,76-0025661,Source For Women Of Houston Inc,8153 Long Point Rd,Houston,TX,77055,Care Net,https://www.thesource.org/ No,,https://www.facebook.com/TheSourceTexas/,,,,,,
CARE NET PREGNANCY CENTER - CHAMPIONS,76-0338152,Northwest Pregnancy Center Inc,14530 Wunderlich Dr,Houston,TX,77069,Care Net,https://houstonpregnancy.com/ No,,https://www.facebook.com/CareNetHouston,,https://www.instagram.com/carenet_houston/?,,,,
BELTWAY 8 SOUTH CRISIS PREGNANCY CENTER,32-0104065,Beltway 8 South Crisis Pregnancy Center,"10851 Scarsdale Blvd, Suite 800",Houston,TX,77089,Care Net; NIFLA,https://www.b8scpc.org/ No,,,,,,,,
THE SOURCE: HOUSTON- TEXAS MEDICAL CENTER,76-0025661,Source For Women Of Houston Inc,"10023 South Main, C-8",Houston,TX,77093,Care Net,https://www.thesource.org/ No,,https://www.facebook.com/TheSourceTexas/,,,,,,
CARE NET PREGNANCY CENTER - CYPRESS,76-0338152,Northwest Pregnancy Center Inc,12311 Queenston Blvd,Houston,TX,77095,Care Net,https://houstonpregnancy.com/ No,,https://www.facebook.com/Care,NetHouston,https://www.instagram.com/carenet_houston/?,,,,
WOMEN'S PREGNANCY CENTER,76-0170074,Crisis Pregnancy Center Of Southwest Houston Inc,"10103 Fondren Rd, Suite 230",Houston,TX,77096,,https://wpchouston.com/ No,,,,,,,,
CARE NET PREGNANCY CENTER - NORTHEAST,76-0338152,Northwest Pregnancy Center Inc,9232 Will Clayton Pkwy,Humble,TX,77338,Care Net,https://houstonpregnancy.com/ No,,https://www.facebook.com/Care,NetHouston,https://www.instagram.com/carenet_houston/?,,,,
BIRTHRIGHT OF HUMBLE,76-0196765,Birthright Humble,"1502 1st St, Suite G",Humble,TX,77338,Birthright International,https://birthrighthumble.com/ No,,https://www.facebook.com/HumbleBirthright/,,,,,,
PREGNANCY CARE CENTER - HUNTSVILLE,76-0633318,Pregnancy Care Center Of Southeast Texas,1215 15th St,Huntsville,TX,77340,Care Net; Heartbeat International,https://www.carecenterhuntsville.com/ Yes,,,,https://www.instagram.com/carecenterhuntsville/,,,,
THRIVE WOMEN'S CLINIC - IRVING,75-2770452,Mid Cities Womens Clinic,"2021 North MacArthur Blvd, Suite 540",Irving,TX,75061,Heartbeat International,http://thrivewomensclinic.com/ Yes,,https://www.facebook.com/thrivewomensclinic/,,https://www.instagram.com/thrivewomensclinic/,,,,
EAST TEXAS PREGNANCY HELP CENTER,27-5033147,East Texas Pregnancy Help Center,157 West Milam St,Jasper,TX,75951,Care Net,http://www.etphc.org/ Yes,,,,https://www.instagram.com/etphc2011/,,,,
ADIRA CLINIC,76-0276015,Pregnancy Help Center,1450 East Summitry Circle,Katy,TX,77449,Care Net,https://adiraclinic.org/ No,,,,,,,,
RAFFA CLINIC - KAUFMAN,22-3859508,Raffa Clinic,506 South Washington St,Kaufman,TX,75142,Care Net,https://raffaclinic.org/ Yes,,https://www.facebook.com/profile.php?id=100064583868185,,,,,,
THE PREGNANCY RESOURCE CENTER,74-2352222,Kerr County Christian Action Council,"718 Alpine Dr, Suite B",Kerrville,TX,78028,Heartbeat International,https://tprck.org/ Yes,,https://www.facebook.com/thepregnancyresourcecenter.org,,https://www.instagram.com/theprckerrville/,,,,
"HOPE PREGNANCY CENTERS, INC. - KILLEEN",74-2129002,Hope Pregnancy Center,"3106 South W.S. Young Dr, Suite A103",Killeen,TX,76542,Care Net,http://www.hopepc.com/ Yes,,https://www.facebook.com/hhtotppse:p//rtewgitntearn.ccoymce/nhtoeprespctexas,,,,,,
HIGHLAND LAKES PREGNANCY RESOURCE CENTER - KINGSLAND,27-2011591,Highland Lakes Pregnancy Resource Center,3344 Rose Hill Dr,Kingsland,TX,78639,Heartbeat International,https://www.hlprc.org/ No,,https://www.facebook.com/p/Pregnancy-and-Life-Center-100068106215h7t5tp8s/://www.instagram.com/pregnancyandlifecenter/,,,,,,
PREGNANCY HELP CENTER,76-0209006,Pregnancy Help Center Of Brazosport,327 Garland Dr,Lake Jackson,TX,77566,,http://pregnancyhelpcenter.org/ Yes,,https://www.facebook.com/pregnancyhelplj,,https://www.instagram.com/phclakejackson/,,,,
LAREDO PREGNANCY CENTER,87-0805678,Laredo Life Center,1403 North Seymour Ave,Laredo,TX,78040,Care Net; Heartbeat International,https://www.laredopregnancy.org/ No,,https://www.facebook.com/laredolifepregnancycenter/,,,,,,
SOMEONE CARES ADVOCACY & PREGNANCY CENTER,75-2383342,Someone Cares Inc,609 Charles St,Lewisville,TX,75067,,https://www.someonecaresfamily.com/,,,,,,,,
TROTTER HOUSE - LINDALE,20-1882798,Austin Pregnancy Resource Center,215 W Margaret St,Lindale,TX,75771,,https://www.trotterhouse.org/ Yes,,,,https://www.instagram.com/trotter_houhsttep_sl:i/n/wdawlew/.trotterhouse.org/,,,,
EXPECTANT HEART PREGNANCY RESOURCE CENTER - LONGVIEW,45-3840872,Expectant Heart Pregnancy Resource Center,501 Pine Tree Rd,Longview,TX,75604,,http://www.expectantheart.org/ No,,https://www.facebook.com/eheartlongview/,,,,,,
FOR HER WOMEN'S MEDICAL SERVICES,,,2309 Broadway St,Lubbock,TX,79401,Heartbeat International,https://www.forherlubbock.com/ Yes,,https://www.facebook.com/forherlubbock/,,https://www.instagram.com/forher_lubbock/,,,,
NURTURING CENTER,75-2956058,Nurturing Center Inc,3303 66th St,Lubbock,TX,79415,,http://www.nurturinglife.org/ No,,https://www.facebook.com/nurturingcenterlbk/,,,,,,
PARKRIDGE MEDICAL CLINIC,56-2299912,Parkridge Pregnancy Center,"5203 79th St, Suite A",Lubbock,TX,79424,,http://parkridge.org/ Yes,,https://www.facebook.com/parkridgelubbock,,,,,,
PREGNANCY HELP CENTER OF LUFKIN,75-2039775,Mother And Unborn Child Care Of Lufkin Inc,401 Gaslight Blvd,Lufkin,TX,75904,,http://phclufkin.org/ No,,https://www.facebook.com/hPtHtpCs:O//tLwitter.com/PHCLufkin,,https://www.instagram.com/phclufkin/,,,,
HIGHLAND LAKES PREGNANCY RESOURCE CENTER - MARBLE FALLS,27-2011591,Highland Lakes Pregnancy Resource Center,1016 Broadway St,Marble Falls,TX,78639,Heartbeat International,https://www.hlprc.org/ No,,https://www.facebook.com/p/Pregnancy-and-Life-Center-100068106215h7t5tp8s/://www.instagram.com/pregnancyandlifecenter/,,,,,,
MARSHALL PREGNANCY RESOURCE CENTER,75-2344213,Living Alternatives Of Marshall Inc,404 University Ave,Marshall,TX,75672,Care Net,http://www.marshallprc.org/ No,,https://www.facebook.com/MarshallPRC,,,,,,
MCALLEN PREGNANCY CENTER,26-2066331,Mcallen Pregnancy Center,816 South Main St,McAllen,TX,78501,Heartbeat International,https://mcallenpregnancycenter.org/ No,,https://www.facebook.com/McallenPregnancyCenter,,,,,,
HOPE WOMEN'S CENTER,56-2530679,Hope Womens Center,2777 Virginia Pkwy,McKinney,TX,75071,Care Net,http://www.myhope.org/ Yes,,https://www.facebook.com/hwcmckinney/,,https://www.instagram.com/hwcmckinney/,,,,
PRESTONWOOD PREGNANCY CENTER MOBILE UNIT - MESQUITE,75-2891044,Prestonwood Caring People Network,18355 LBJ Freeway,Mesquite,TX,75150,,https://prestonwoodpregnancy.org/ No,,https://www.facebook.com/prestonwoodpreg/,,https://www.instagram.com/prestonwoodpreg/?,,,,
PREGNANCY RESOURCE CENTER - MESQUITE,75-2839577,Pregnancy Resource Center,"1220 North Town E Blvd, Suite 330",Mesquite,TX,75150,,https://yourprc.org/ No,,,,,,,,
THE LIFE CENTER - MIDLAND,27-0205911,Permian Basin Womens Resource Center The Life Center Foundation,2101 West Wall St,Midland,TX,79701,Heartbeat International,https://thelifecentertx.org/ Yes,,https://www.facebook.com/thelifecentertx/,,https://www.instagram.com/thelifecenthetrttpxs/://www.tlcdonor.org/,,,,
OPTIONS CLINIC - MINERAL WELLS,75-2516762,Grace House Ministries,400 SE First St,Mineral Wells,TX,76067,Care Net,http://www.theoptionsclinic.net/ Yes,,https://www.facebook.com/OptionsClinic/,,,,,,
EXPECTANT HEART PREGNANCY RESOURCE CENTER - MT PLEASANT,45-3840872,Expectant Heart Pregnancy Resource Center,1312 East Ferguson Rd,Mount Pleasant,TX,75455,,http://www.expectantheart.org/ No,,https://www.facebook.com/eheartmp/,,,,,,
HEARTBEAT PREGNANCY CENTER,75-2444361,Heartbeat Cpc Of Nacogdoches,619 Russell Blvd,Nacogdoches,TX,75965,Heartbeat International,http://www.heartbeat-of-nacogdoches.org/ Yes,,https://www.facebook.com/heartbeatofnacogdoches/,,,,,,
OPTIONS PREGNANCY AND HEALTH,74-2393875,Crisis Pregnancy Center Of New Braunfels,1126 North Loop 337,New Braunfels,TX,78130,Care Net,https://www.optionsnb.org/ Yes,,https://www.facebook.com/optionsnb,,https://www.instagram.com/optionsnb/,,,,
THE LIFE CENTER - ODESSA,75-1663590,Permian Basin Womens Resource Center The Life Center Foundation,805 North Sam Houston Ave,Odessa,TX,79761,Heartbeat International,https://www.thelifecentertx.org/ Yes,,https://www.facebook.com/thelifecentertx/,,https://www.instagram.com/thelifecenthetrttpxs/://www.tlcdonor.org/,,,,
BIRTHRIGHT OF ODESSA,75-1946834,Birthright of Odessa,2125 East 42nd St,Odessa,TX,79762,Birthright International,https://www.birthrightodessa.org/ No,,,,,,,,
BIRTHRIGHT OF ORANGE,76-0073665,Birthright of Orange,1537 B Strickland Dr,Orange,TX,77630,Birthright International,http://birthright.org/orange No,,https://www.facebook.com/birthrightorange/,,,,,,
LIVING ALTERNATIVES OF PALESTINE,75-2818330,Living Alternatives Of Palestine,101 West Crawford St,Palestine,TX,75801,Heartbeat International,http://www.lapalestine.org/ No,,https://www.facebook.com/LivingAlternativesCrockett,,,,,,
PREGNANCY SUPPORT CENTER & HOPE HOUSE,75-2398394,Top O Texas Crisis Pregnancy Center,210 North Ward St,Pampa,TX,79065,Care Net,http://pampapregnancycenter.com/ No,,https://www.facebook.com/PSCPampa,,,,,,
PARIS PREGNANCY CARE CENTER,75-2920392,Paris Pregnancy Care Center Inc,500 East Houston St,Paris,TX,75460,Heartbeat International,http://www.parispregnancy.com/ No,,https://www.facebook.com/ParisPregnancyCareCenter,,https://www.instagram.com/parispregnancycarecenter/,,,,
COMMUNITY PREGNANCY CENTER,76-0120799,Community Pregnancy Center Of Pasadena,4230 Vista Rd,Pasadena,TX,77504,Care Net,http://cpcpasadena.org/ No,,https://www.facebook.com/hYtotpusr:P//rtewgitCteern.ctoemr//yourpregcenter,,,,,https://support.cpcpasadena.org/,
RADIANCE WOMEN'S CENTER,87-0789472,Pflugerville Pregnancy Resource Center,101 North 3rd St,Pflugerville,TX,78660,Heartbeat International,https://radiancewomenscentertx.org/ No,,https://www.facebook.com/hptftspesl:p//atwsoitter.com/pfselpaso,,https://www.instagram.com/pfselpaso/,,,,
OPEN DOOR PREGNANCY CENTER - PITTSBURG,82-5350692,Open Door Pregnancy Center,117 South Greer Blvd,Pittsburg,TX,75686,,https://www.opendoortx.org/ Yes,,https://www.facebook.com/OpenDoorPregnancyHelpCenter,,,,,,
COMPASSIONATE CARE PREGNANCY CENTER,75-2456516,Crisis Pregnancy Services Of The Central Plains,1209 Quincy St,Plainview,TX,79072,Care Net,http://compassionatecarepregnancycenter.org/ No,,https://www.facebook.com/CompassionateCare,,,,,,
PREGNANCY CENTER OF THE COASTAL BEND - PORTLAND,74-2541210,Corpus Christi Pregnancy Center Inc,619 Railroad Ave,Portland,TX,78374,Care Net; Heartbeat International,http://ccpregnancy.org/ No,,https://www.facebook.com/pregnancycentercoastalbend,,https://www.instagram.com/hicoastalbhetntpds/://hifriends4life.org/,,,,
PRESTONWOOD PREGNANCY CENTER - RICHARDSON,75-2891044,Prestonwood Caring People Network,"690 West Campbell Rd, Suite 150",Richardson,TX,75080,,http://www.prestonwoodpregnancy.org/ No,,https://www.facebook.com/prestonwoodpreg/,,https://www.instagram.com/prestonwoodpreg/?,,,,
PREGNANCY CENTER OF THE COASTAL BEND - ROCKPORT,74-2541210,Corpus Christi Pregnancy Center Inc,703 East Concho St,Rockport,TX,78382,Care Net; Heartbeat International,http://ccpregnancy.org/ No,,https://www.facebook.com/pregnancycentercoastalbend,,https://www.instagram.com/hicoastalbhetntpds/://hifriends4life.org/,,,,
PREGNANCY RESOURCE CENTER - ROCKWALL,75-2839577,Pregnancy Resource Center,1010 Ridge Rd,Rockwall,TX,75087,,https://yourprc.org/ No,,,,,,,,
PREGNANCY RESOURCE MEDICAL CENTER,76-0013804,Pregnancy Resource Medical Center,4411 Ave North,Rosenberg,TX,77471,Heartbeat International,http://www.prmcfortbend.org/ Yes,,https://www.facebook.com/people/Pregnancy-Resource-Medical-Center/h1t0tp0s0:9//0w3w8w5.4in7s2t4a7g1ra/?m.com/prmcfortbend/,,,,,,Pregnancy Resource Center of Comfort Bend
AGAPE WOMEN'S CLINIC - ROUND ROCK,27-0111679,Agape Pregnancy Resource Center,104 East Main St,Round Rock,TX,78664,Care Net,https://www.agapewomensclinic.org/ No,,https://www.facebook.com/hatgtpasp:e//ptwrcitrtrer.com/agapeprcrr,,https://www.instagram.com/agapeprc/,,,,
PREGNANCY HELP CENTER,75-2381411,Pregnancy Help Center Of Concho Valley Inc,2525 Sherwood Way,San Angelo,TX,76901,Care Net,http://www.pregnancyhelpcenter.net/ Yes,,https://www.facebook.com/pregnancyhelpcentersanangelo,,https://www.instagram.com/pregnancycenter.sanangelo/,,,,
ALLIED WOMEN'S CENTER,74-2720027,Allied Womens Center Of San Antonio,102 Marshall St,San Antonio,TX,78212,,http://www.alliedwomenscenter.com/ No,,https://www.facebook.com/awc4life,https://www.youtube.com/channel/UCdRuHarQSZRsEV_KjYJNMBw,,,,,
A WOMAN'S HAVEN PREGNANCY CENTER,23-7311015,A Womans Haven Inc,1012 San Pedro Ave,San Antonio,TX,78212,Heartbeat International,http://www.awomanshaven.com/ No,,,,,,,,
AWC CENTERS - BLANCO,46-2500282,Any Woman Can Llc,"14855 Blanco Rd, Suite 456",San Antonio,TX,78216,,https://www.awccenters.com/ No,,https://www.facebook.com/AWCCenters,,https://www.instagram.com/awc_centers/,,,,
SAN ANTONIO PREGNANCY CARE CENTER,74-2195297,Pregnancy Care Center,"7210 Louis Pasteur Dr, Suite 100",San Antonio,TX,78229,Heartbeat International,https://www.sapregnancy.com/ No,,https://www.facebook.com/sapregnancy,,,,,https://www.sapregnancy.org/,
LIFE CHOICES MEDICAL CLINIC,74-2809910,Life Choices Medical Clinic,3234 Northwestern Dr,San Antonio,TX,78238,Care Net,https://www.lifechoicesmedicalclinic.com/ Yes,,https://www.facebook.com/LifeChoicesMedicalClinic/,,,,,,
A WOMAN'S HAVEN PREGNANCY CENTER,23-7311015,A Womans Haven Inc,2202 Babcock Rd,San Antonio,TX,78240,Heartbeat International,http://www.awomanshaven.com/ No,,,,,,,,
HILL COUNTRY PREGNANCY CARE CENTER - LEON SPRINGS,74-2470532,Hill Country Pregnancy Care Center,"25331 Interstate 10, Suite 105",San Antonio,TX,78257,Care Net; Heartbeat International,https://hillcountrypregnancycarecenter.org/ Yes,,https://www.facebook.com/Hill-Country-Pregnancy-Care-Center-1002496h2tt0p0s:5//2w3w90w/.instagram.com/hillcountryhptrtepgsn:/a/wnwcywc.ahrcepccecntetexra/s.org/,,,,,,
AWC CENTERS - DOWNTOWN,46-2500282,Any Woman Can Llc,404 North Alamo St,San Antonio,TX,78258,,https://www.awccenters.com/ No,,https://www.facebook.com/AWCCenters,,https://www.instagram.com/awc_centers/,,,,
HORIZON PREGNANCY RESOURCES,46-3364127,Resources For Women,"19115 FM 2252, Suite 1",San Antonio,TX,78266,,https://hprtx.org/ Yes,,https://www.facebook.com/hprtx/,,https://www.instagram.com/resourcesforwomensa/,,,,
TRUCHOICE PREGNANCY RESOURCE CENTER,74-2347237,Truchoice Pregnancy Resource Center,1881 Medical Pkwy,San Marcos,TX,78667,Care Net,https://truchoiceprc.org/ Yes,,,,,,,,CENTRAL TEXAS LIFECARE
CENTRAL TEXAS PREGNANCY CARE CENTER - SAN SABA,01-0843007,Central Texas Pregnancy Care Center Inc,200 West Wallace St,San Saba,TX,76877,Heartbeat International,http://www.pccbrownwood.com/ No,,https://www.facebook.com/Pregnancy-Care-Center-336192673633/,,,,,,
SEALY PREGNANCY RESOURCE CENTER,47-1573309,Sealy Pregnancy Resource Center,2555 FM 1094 Rd,Sealy,TX,77474,Heartbeat International,http://www.sealyprc.com/ No,,https://www.facebook.com/SealyPRC,,https://www.instagram.com/sealyprc/,,,,
SOUTH TEXAS PREGNANCY CARE CENTER,74-2978213,South Texas Pregnancy Care Center,1348 East Kingsbury St,Seguin,TX,78155,Heartbeat International,https://southtexaspregnancycarecenter.com/ Yes,,https://www.facebook.com/stpcc/,,,,,,
TRUE OPTIONS PREGNANCY CENTER,75-2387198,Grayson County Crisis Pregnancy Center — Dba Pregnancy Care Center Of Texoma,105 West Pecan St,Sherman,TX,75090,Care Net,http://shermanpregnancy.com/ No,,https://www.facebook.com/TrueOptionsPC,,https://www.instagram.com/trueoptionspregnancycenter,,,,
THE SHARE CENTER,83-4454249,Bulverde Spring Branch Pregnancy Care Center Inc,"17080 Hwy 46 W, Suite 113",Spring Branch,TX,78070,Care Net,https://www.sharecentertx.org/ Yes,,https://www.facebook.com/BSBPCC,,,,,,
PREGNANCY ASSISTANCE CENTER NORTH - SPRING/WOODLANDS,76-0242187,Pregnancy Assistance Center North,26464 I-45 N,Spring,TX,77386,Care Net,http://www.pacn.org/ Yes,,https://www.facebook.com/PACN.org/,,https://www.instagram.com/p_a_c_n/?hl=en,,,,
CHOICES CLINIC - STEPHENVILLE,75-2490632,Cross Timbers Pregnancy Care Center Inc,775 South Harbin Dr,Stephenville,TX,76401,Care Net,http://choicesclinic.net/ Yes,,https://www.facebook.com/hCtthposi:c/e/tswCitltienri.ccom/ChoicesClinic,,https://www.instagram.com/ChoicesClinic,,,,
HEART OF HOPE,45-3586888,Northeast Texas Heart of Hope,407 South Davis St,Sulphur Springs,TX,75482,,http://www.sulphurspringspregnancy.com/ No,,,,,,,,
"HOPE PREGNANCY CENTERS, INC. - TEMPLE",74-2129002,Hope Pregnancy Center Inc,2010 West Ave H,Temple,TX,76504,Care Net,http://www.hopepc.com/ Yes,,https://www.facebook.com/hhtotppse:p//rtewgitntearn.ccoymce/nhtoeprespctexas,,,,,,
FIRST CHOICE PREGNANCY RESOURCE CENTER,71-0494180,1 St Choice Pregnancy Resource Center Inc,602 Main St,Texarkana,TX,75501,Heartbeat International,https://firstchoiceprc.com/ No,,https://www.facebook.com/FirstChoicePregnanchyCttpesn:t/e/wr/ww.youtube.comht/t@psf:ir//swtcwhwoi.cines2t2a6g4ram.com/1stchoiceprc,,,,,,
ADRIA WOMEN'S HEALTH,76-0386986,Adria Womens Health,"10000 Emmett F. Lowry Expressway, Suite 1240",Texas City,TX,77591,,https://adriawomenshealth.org/ Yes,,https://www.facebook.com/pages/Crisis-Pregnancy-Support-Center/1257h9tt2p1s4:/7/w4w76w2.i1n4stagram.com/adriahealth/,,,,,,
TOMBALL PREGNANCY CENTER,26-3052959,Pregnancy Education And Resource Center,1123 Alma St,Tomball,TX,77375,Care Net,http://www.tomballpregnancy.com/ No,,,,,,,,
ANDERSON HOUSE PREGNANCY RESOURCE CENTER - UVALDE,81-1148156,Anderson House Pregnancy Resource Center,"2100 Garner Field Rd, Unit B",Uvalde,TX,78801,Heartbeat International,https://andersonhouseprc.org/ No,,https://www.facebook.com/AndersonHouseTRC,,https://www.instagram.com/andersonhousetrc/,,,,
THE CENTER - VERNON,75-2118089,Texoma Mother And Unborn Baby Care Inc,2300 Pease St,Vernon,TX,76384,Heartbeat International,http://thecenterwf.org/ No,,https://www.facebook.com/thecentervernon/,,,,,,
CRISIS PREGNANCY CENTER OF VICTORIA TX,81-2129969,Crisis Pregnancy Center Of Victoria Texas,"1501 E. Red River, Suite C1",Victoria,TX,77901,,http://crisispregnancycenter-victoriatx.com/ No,,,,,,,,
CARE NET PREGNANCY CENTER OF CENTRAL TEXAS - MEDICAL,74-2345781,Care Net Pregnancy Center Of Central Texas,7110 Sanger Ave,Waco,TX,76701,Care Net,http://pregnancycare.org/ Yes,,https://www.facebook.com/Care,Netcentraltexas,,,,https://carenetcentraltexas.com/,
CARE NET PREGNANCY CENTER OF CENTRAL TEXAS- SUPPORT,74-2345781,Care Net Pregnancy Center Of Central Texas,800 W Waco Dr,Waco,TX,76701,Care Net,http://pregnancycare.org/ Yes,,https://www.facebook.com/Care,Netcentraltexas,,,,https://carenetcentraltexas.com/,
WALLER PREGNANCY CARE CENTER,84-1639778,Wtl The Way Truth And Life Outreach,3108 Washington St.,Waller,TX,77484,Heartbeat International; Care Net,http://wtloutreach.com/waller-pregnancy-care-center/ No,,,,,,,,
FIRSTLOOK: A SEXUAL HEALTH AND PREGNANCY CENTER,75-2693218,Wrc Pregnancy Center Of Ellis County,213 YMCA Dr,Waxahachie,TX,75165,Heartbeat International,https://firstlookcenter.org/ Yes,,https://www.facebook.com/friendsoffirstlook,,,,,https://friendsoffirstlook.org/,
OPTIONS CLINIC - WEATHERFORD,75-2516762,Grace House Ministries,902 Foster Lane,Weatherford,TX,76086,Care Net,http://www.theoptionsclinic.net/ Yes,,https://www.facebook.com/OptionsClinic/,,,,,,
THE CENTER - WICHITA FALLS,75-2118089,Texoma Mother And Unborn Baby Care Inc,4011 Seymour Hwy,Wichita Falls,TX,76309,Heartbeat International,http://thecenterwf.org/ No,,https://www.facebook.com/TheCenterWichitaFalls/,,,,,,
CHARIS PREGNANCY CLINIC - AMERICAN FORK,87-0423659,Charis Inc,364 East State St,American Fork,UT,84003,Heartbeat International,https://www.charisclinic.org/ Yes,,https://www.facebook.com/CharisPregnancyClinic/,,https://www.instagram.com/charispreghnttapnsc:/y/cplricnsiclc/.org/,,,,
PREGNANCY CARE CENTER,87-0542943,Pregnancy Care Center Of Brigham City Utah,95 North 100 East,Brigham City,UT,84302,Care Net,https://pregnancycarebrighamcity.org/ Yes,,https://www.facebook.com/PregnancyCareCenterBC/,,,,,,
THE WELL PREGNANCY RESOURCE CENTER - CEDAR CITY,86-1105591,Hope Pregnancy Care Center — The Hope Chest,"888 South Sage Dr, Suite 1A",Cedar City,UT,84720,Heartbeat International; Care Net; NIFLA,https://thewellprc.org/ Yes,,https://www.facebook.com/thewellprc,,https://www.instagram.com/thewellprc/,,,,
PREGNANCY RESOURCE CENTER OF CACHE VALLEY,27-1736336,Center For Pregnancy Choices Inc,"90 North 100 East, Suite 140",Logan,UT,84321,Care Net,https://prc-logan.com/ No,,https://www.facebook.com/thecenterforpregnancychoices,,,,,,
ARCHES NEW HOPE PREGNANCY CENTER,20-0148605,Arches New Hope Pregnancy Center,205 South 400 Easy,Moab,UT,84532,Care Net,https://www.archesnewhope.org/ Yes,,https://www.facebook.com/pregnancyresource,,https://www.instagram.com/archespregnancy,,,,
GENESIS PREGNANCY CENTER,83-1584463,Castle Country Pregnancy Resource Center,836 East 100 North,Price,UT,84501,Heartbeat International,https://www.gpcenter.org/ Yes,,,,,,,,
CHARIS PREGNANCY CLINIC - SALT LAKE CITY,87-0423659,Charis Inc,644 South 900 East,Salt Lake City,UT,84102,Heartbeat International,https://www.charisclinic.org/ Yes,,https://www.facebook.com/CharisPregnancyClinic/,,https://www.instagram.com/charispregnancyclinic/,,,,
THE WELL PREGNANCY RESOURCE CENTER - ST. GEORGE,86-1105591,Hope Pregnancy Care Center — The Hope Chest,45 South 800 East,St. George,UT,84770,Heartbeat International; Care Net; NIFLA,https://thewellprc.org/ Yes,,https://www.facebook.com/thewellprc,,https://www.instagram.com/thewellprc/,,,,
CENTRAL VERMONT PREGNANCY SERVICES,03-0342077,Central Vermont Pregnancy Services Inc,"105 North Main St, Suite 305",Barre,VT,05641,Care Net,https://www.cvpregnancyservices.org/ Yes,,https://www.facebook.com/carenetcv,,https://www.instagram.com/carenetcvps/,,,,
ALPHA PREGNANCY CARE CENTER,22-2632366,True North Pregnancy Resource Center Corporation,128 North St,Bennington,VT,05201,Care Net,http://www.alphacare.org/ No,,https://www.facebook.com/alphacarecenters,https://www.youtube.comht/tcphsa:/n/wnewl/wU.CinvsLtarKgrDa7m4.Gco_mR/1aKlp8hpaZcCa1revcBe_nmteArs/,,,,,
BRANCHES FAMILY RESOURCE CENTER,22-2668304,Branches Pregnancy Resource Center,26 Birge St,Brattleboro,VT,05301,Care Net,https://branchesfrc.org/ Yes,,https://www.facebook.com/BranchesPregnancyResourceCenter/,,https://www.instagram.com/branchesprc/,,,,
THE WOMEN'S CENTER,03-0301366,The Womens Center Inc,"102 Court St, Suite B",Middlebury,VT,05753,,https://yourwomenscenter.org/ Yes,,https://www.facebook.com/thewomenscenterVTNY,,https://www.instagram.com/thewomenscentervt/,,,,
FIRST STEP PREGNANCY CENTER,03-0317672,First Step Pregnancy Center — Care Net Pregnancy Center,20 Washington St,Rutland,VT,05701,Care Net,https://www.firststeprutland.com/ No,,https://www.facebook.com/hfitrtsptss:t/e/xp.pcroemgn/fairnstcsytepvt,,https://www.instagram.com/firststepvermont,,,,
BIRTHRIGHT OF BURLINGTON,22-3088070,Champlain Valley Birthright Inc,150 Hinesburg Rd,South Burlington,VT,05403,Birthright International,https://birthrightvt.org/ No,,,,,,,,
ASPIRE NOW,03-0297936,Aspire Together,"140 Kennedy Dr, Suite 101",South Burlington,VT,05403,Save The Storks,http://www.aspire-now.org/ Yes,,https://www.facebook.com/aspiretogether85,,,,,,
MOSAIC ALEXANDRIA,54-1377782,Sanctity Of Life Ministries,8800 Pear Tree Village Ct. Suite E,Alexandria,VA,22309,Care Net,https://mosaic-virginia.org/ No,,https://www.facebook.com/hmttopssa:/i/ctwviirtgteinr.iacom/mosaicvirginia,,,,,,
"MARIH CENTER, INC",54-0975699,A Rose In Haste Inc,3230-B Duke St,Alexandria,VA,22314,,http://www.marih.org/ No,,,,,,,,
METRO WOMEN'S CARE,54-1540093,Assist Crisis Pregnancy Center,5101-D Backlick Rd,Annandale,VA,22003,"Heartbeat International, Care Net, NIFLA",https://metrowomensva.com/ Yes,,https://www.facebook.com/AssistPC/,,,,,https://assistpartners.org/,
BEDFORD PREGNANCY CENTER,20-2055936,Bedford Pregnancy Center,813 East Main St,Bedford,VA,24523,,https://bedfordpregnancy.org/ No,,https://www.facebook.com/Bedfordpregnancycenter,,https://www.instagram.com/bedford_pregnancy_center/?hl=en,,,,
VALLEY WOMEN'S CLINIC - BLACKSBURG,52-1404868,Pregnancy Resource Center Of The New River Valley Inc,"708 North Main St, Suite 200",Blacksburg,VA,24060,Care Net,http://valleywomensclinic.org/ Yes,,https://www.facebook.com/valleywomensclinic,,https://www.instagram.com/valleywomensclinic/,,,,
LIFESPRING - CHARLOTTESVILLE,54-1237522,Lifespring Pregnancy Centers,1416 Greenbrier Place,Charlottesville,VA,22901,Care Net,https://lifespringva.org/ Yes,,https://www.facebook.com/LifeSpringVA,,https://www.instagram.com/lifespringva/,,,,
CRISIS PREGNANCY CENTER OF TIDEWATER,54-1267311,Crisis Pregnancy Center Of Tidewater Inc,"1100 Madison Plaza, Suite 104A",Chesapeake,VA,23320,Care Net,https://cpcfriends.org/ No,,,,,,,,
THE KEIM CENTERS - CHESAPEAKE,54-1267311,Crisis Pregnancy Center Of Tidewater Inc,"1100 Madison Plaza, Suite 100B",Chesapeake,VA,23320,Care Net,https://keimcenters.com/chesapeake-va/ No,,https://www.facebook.com/thekeimcenters/,,https://www.instagram.com/thekeimcenters/,,,,
PREGNANCY HELP CENTER OF CHESTERFIELD,27-2475403,Pregnancy Help Center Of Chesterfield,2675 Osborne Rd,Chester,VA,23831,,http://phcchesterfield.com/ Yes,,https://www.facebook.com/pregnancyhelpchesterfield,,,,,,
THE SELAH CENTER - CLARKSVILLE,47-2629582,Selah Center,114 4th St,Clarksville,VA,23927,Heartbeat International,http://theselahcenter.org/ Yes,,https://www.facebook.com/theselahcenter,,https://www.instagram.com/theselahcenterlovinglife/,,,,
LIFESPRING - CULPEPER,54-1237522,Lifespring Pregnancy Centers,18484 Crossroad Pkwy,Culpeper,VA,22701,Care Net,https://lifespringva.org/ Yes,,https://www.facebook.com/LifeSpringVA,,https://www.instagram.com/lifespringva/,,,,
TRANSITION PREGNANCY SOLUTIONS,52-1379868,Transition Pregnancy Solutions Inc - Little Life Pregnancy Medical Ctr,2960 North Main St,Danville,VA,24540,Care Net,http://transitionps.com/ Yes,,https://www.facebook.com/transitionps/,,,,,,
FIRST CARE WOMEN'S HEALTH - DUMFRIES,,,"17739 Main St, Suite 180",Dumfries,VA,22026,,https://firstcarewomen.com/ Yes,,https://www.facebook.com/firstcarewomen/,,https://www.instagram.com/firstcarewomen/,,,,
SHENANDOAH COUNTY PREGNANCY CENTER,54-1683029,Shenandoah County Pregnancy Center Inc,28 Cedar Wood Lane,Edinburg,VA,22824,Care Net,http://hope4future.org/ No,,https://www.facebook.com/scpcva,,,,,https://supportscpc.org/,
MOSAIC FAIRFAX,54-1377782,Sanctity Of Life Ministries,3919 Blenheim Blvd Suite 81-B,Fairfax,VA,22030,Care Net,https://mosaic-virginia.org/ No,,https://www.facebook.com/hmttopssa:/i/ctwviirtgteinr.iacom/mosaicvirginia,,,,,,
A WOMAN'S CHOICE - FALLS CHURCH,52-1424491,A Womans Choice,"6201 Leesburg Pike, Suite 220",Falls Church,VA,22044,,http://www.awomanschoicecenter.com/ No,,,,,,,,
OPTIONS CARE CENTER,23-7189096,Hope In Northern Virginia Inc,"7297 Route 29, Suite L",Falls Church,VA,22046,Heartbeat International; Care Net; NIFLA,https://optionscarecenter.org/ No,,https://www.facebook.com/optionscarecenterdmv,,https://www.instagram.com/optionscarecenterdmv/,,,,
PREGNANCY SUPPORT CENTER OF SOUTHSIDE VIRGINIA,54-1254898,Southside Crisis Pregnancy Center Inc,1101 East 3rd St,Farmville,VA,23901,Care Net; Heartbeat; NIFLA,https://www.pscsouthside.org/ Yes,,,,https://www.instagram.com/pscfarmvilhlett/ps://www.pscsupport.org/,,,,
CHOICES WOMEN'S CENTER,45-4984259,Fredericksburg Pregnancy Center,10008 Southpoint Pkwy Suite 105,Fredericksburg,VA,22401,Heartbeat International,http://fredericksburgchoices.com/ Yes,,https://www.facebook.com/CWCFredericksburghttps://www.youtube.comht/tcphsa:/n/wnewl/wU.CinqsjtHagNr1aEmQ.cjXomKy/cThl2oRicCesfawJoHmUegnscenter/,,,,,,
FRONT ROYAL PREGNANCY CENTER,54-1583685,Front Royal Pregnancy Center Inc,11 South Royal Ave,Front Royal,VA,22630,Heartbeat International,http://frontroyalpregnancy.org/ Yes,,https://www.facebook.com/FrontRoyalPregnancyCenter/,,https://www.instagram.com/frontroyalpregnancycenter/,,,,
AVA CARE OF HARRISONBURG,52-1327965,Harrisonburg Crisis Pregnancy Center Inc — Ava Care Of Harrisonburg,"847 Martin Luther King, Jr. Way",Harrisonburg,VA,22801,Care Net,http://avacareforyou.org/ No,,https://www.facebook.com/avacareforyou/,,https://www.instagram.com/avacare4you/,,,,
A WOMAN'S CHOICE - HERNDON,52-1424491,A Womans Choice,"102 Elden St, Suite 14",Herndon,VA,20170,,http://www.awomanschoicecenter.com/ No,,,,,,,,
MOSAIC HERNDON,54-1663986,Life Line Inc,"505 Huntmar Park Dr, Suite 115",Herndon,VA,20170,Care Net,http://mosaic-virginia.org/ No,,https://www.facebook.com/hmttopssa:/i/ctwviirtgteinr.iacom/mosaicvirginia,,,,,,
MOSAIC LANDSDOWNE,54-1663986,Life Line Inc,"19415 Deerfield Ave, Suite 109",Lansdowne,VA,20176,Care Net,http://mosaic-virginia.org/ No,,https://www.facebook.com/hmttopssa:/i/ctwviirtgteinr.iacom/mosaicvirginia,,https://www.instagram.com/mosaicvirginia/,,,,
AGAPE OF LOUDON,23-7452641,Birthright Of Loudoun County,16 Royal St SE,Leesburg,VA,20175,Heartbeat International; Care Net; NIFLA,https://www.agapeofloudoun.org/ Yes,,https://www.facebook.com/people/Agape-Pregnancy-Center-of-Loudounh/1tt0p0s0:/8/w3w50w7.i9n3s0ta0g7r0a/m.com/agapeofloudoun/,,,,,,
THE LIFE CENTER OF OF PAGE VALLEY,54-1466867,Life Center Of Page Valley,21 North Deford Ave,Luray,VA,22835,Care Net,https://www.lifecenterpageco.org/ No,,https://www.facebook.com/people/The-Life-Center/100067210892312/,,,,,,
BLUE RIDGE PREGNANCY CENTER,54-1912289,Blue Ridge Pregnancy Center,3701 Old Forest Rd,Lynchburg,VA,24501,Care Net,http://blueridgepc.org/ Yes,,https://www.facebook.com/blueridgepregnancycenter/,,https://www.instagram.com/blueridgepc,,,,
LIFE FIRST,54-1522705,Crisis Pregnancy Center Of Prince William County,"9254 Center St, Suite 200",Manassas,VA,20110,,https://lifefirstva.org/ No,,https://m.facebook.com/lifefirstva/,https://www.youtube.comht/tcphsa:/n/wnewl/wU.CinPstraAg2rta1mC.0cyoim3r/9liAfeyfSirsst8vaad/?-w,,,,,
FIRST CARE WOMEN'S HEALTH - MANASSAS,,,9254 Center St Suite 100,Manassas,VA,20110,,https://firstcarewomen.com/ Yes,,https://www.facebook.com/firstcarewomen/,,https://www.instagram.com/firstcarewomen/,,,,
PREGNANCY CARE CENTER,26-4148243,Pregnancy Care Center Of Mhc,"314 Fairy St Ext, Suite E",Martinsville,VA,24112,Care Net,http://www.pregcc.com/ No,,,,,,,,
ALCOVE HEALTH WOMEN'S CLINIC,54-1372036,Care Net Resource Pregnancy,11101 Warwick Blvd,Newport News,VA,23606,Care Net,https://alcovehealth.org/ Yes,,https://www.facebook.com/hctatpresn:/e/xtp.ceonmin/scualraenettweets,,https://www.instagram.com/carenetpehntitnpssu:/la/c/npeninsula.org/,,,,Care Net Peninsula
BIRTHRIGHT OF NORFOLK,23-7355907,Birth Right Of Norfolk Inc,5500-B Tidewater Dr,Norfolk,VA,23505,Birthright International,http://birthright.org/norfolkva No,,https://www.facebook.com/BirthrightOfNorfolk/,,,,,,
THE KEIM CENTERS - NORFOLK,54-1267311,Crisis Pregnancy Center Of Tidewater Inc,2121 Colonial Ave,Norfolk,VA,23517,Care Net,https://keimcenters.com/norfolk-va/ No,,https://www.facebook.com/thekeimcenters/,,https://www.instagram.com/thekeimcenters/,,,,
ANPC PREGNANCY & PARENTING RESOURCE CENTER,54-1780889,Pregnancy Center Inc,26064 Onley Rd,Onley,VA,23418,Care Net,https://helpwithpregnancy.org/ No,,https://www.facebook.com/anpregnancycenter/,,,,,,
PREGNANCY SUPPORT CENTER OF THE TRI-CITIES,54-1332890,Pregnancy Support Center Of The Tri Cities Inc,"700 South Sycamore St, Suite 12",Petersburg,VA,23803,Care Net,http://www.pregnancytricities.org/ No,,https://www.facebook.com/PregnancySupportCenterOfTheTriCitiesInc,,,,,,
THE KEIM CENTERS - PORTSMOUTH,54-1267311,Crisis Pregnancy Center Of Tidewater Inc,4224 Portsmouth Blvd,Portsmouth,VA,23701,Care Net,https://keimcenters.com/portsmouth-va/ No,,https://www.facebook.com/thekeimcenters/,,https://www.instagram.com/thekeimcenters/,,,,
VALLEY WOMEN'S CLINIC - RADFORD,52-1404868,Pregnancy Resource Center Of The New River Valley Inc,1016 Fairfax St,Radford,VA,24141,Care Net,http://valleywomensclinic.org/ Yes,,https://www.facebook.com/valleywomensclinic,,https://www.instagram.com/valleywomensclinic/,,,,
BLOOM BY PRC RICHMOND- MIDLOTHIAN TURNPIKE,52-1280960,Pregnancy Resource Center Of Metro Richmond,5501 Midlothian Turnpike,Richmond,VA,23225,,https://www.bloomrichmond.org/ No,,,,https://www.instagram.com/bloom_richmond/,,,,
BETHANY CHRISTIAN SERVICES - RICHMOND,,,"8100 Three Chopt Rd, Suite 110",Richmond,VA,23229,,https://bethany.org/locations/us/va/richmond No,,,,,,,,
BLOOM BY PRC RICHMOND - FOREST PARK,52-1280960,Pregnancy Resource Center Of Metro Richmond,"1603 Santa Rosa Rd, Suite 200",Richmond,VA,23230,,https://www.bloomrichmond.org/ No,,,,,,,https://www.friendsofprcrichmond.org/,
BLUE RIDGE WOMEN'S CENTER,52-1314461,Blue Ridge Womens Center Inc,325 Elm Ave SE,Roanoke,VA,24013,"Care Net, Heartbeat International, NIFLA",http://blueridgewoman.org/ No,,https://www.facebook.com/BlueRidgeWomensCenter/,,https://www.instagram.com/brwcroanohktetps://www.supportbrwc.org/,,,,
THE SELAH CENTER - SOUTH BOSTON,47-2629582,Selah Center,1902 Seymour Dr,South Boston,VA,24592,Heartbeat International,http://theselahcenter.org/ Yes,,https://www.facebook.com/theselahcenter,,https://www.instagram.com/theselahcenterlovinglife/,,,,
THE SELAH CENTER - SOUTH HILL,47-2629582,Selah Center,110 South Hill Ave,South Hill,VA,23970,Heartbeat International,http://theselahcenter.org/ Yes,,https://www.facebook.com/theselahcenter,,https://www.instagram.com/theselahcenterlovinglife/,,,,
COMFORTCARE WOMEN'S HEALTH - STAUNTON,54-1222456,Comfortcare Womens Health,12 Hedgerow Dr,Staunton,VA,24401,Care Net,http://www.ccwomenshealth.org/ No,,https://www.facebook.com/hCttopms:f/o/trwtCitaterer.Wcoomm/CenCs_HWeoamltheSntsaHunetaoltnh,,https://www.instagram.com/comfortcahrettwpos:m//seunpsphoeratlcthc./org/,,,,
THE KEIM CENTERS - SUFFOLK,54-1267311,Crisis Pregnancy Center Of Tidewater Inc,302 N Main St,Suffolk,VA,23434,Care Net,https://keimcenters.com/suffolk-va/ No,,https://www.facebook.com/thekeimcenters/,,https://www.instagram.com/thekeimcenters/,,,,
THE KEIM CENTERS - VIRGINIA BEACH,54-1267311,Crisis Pregnancy Center Of Tidewater Inc,"4356 Bonney Road, Suite #103",Virginia Beach,VA,23452,Care Net,https://keimcenters.com/virginia-beach-va/ No,,https://www.facebook.com/thekeimcenters/,,https://www.instagram.com/thekeimcenters/,,,,
WARRENTON PREGNANCY CENTER,82-2739469,Warrenton Pregnancy Center,"400 Holiday Ct, Suite 101",Warrenton,VA,20186,,https://wpc.life/ No,,,,,,,,
HOPE PREGNANCY CARE CENTER,47-5347792,Williamsburg House Of Mercy Inc,10 Harrison Ave,Williamsburg,VA,23185,Heartbeat International,http://hopewilliamsburg.org/ No,,https://www.facebook.com/WilliamsburgHouseOfMercy/,,https://www.instagram.com/williamsburghouseofmercy,,,,
ABBACARE PREGNANCY RESOURCE CENTER - WINCHESTER,54-1427080,Abbacare Inc,200 Weems Lane,Winchester,VA,22601,Care Net,https://www.abbacare.org/ Yes,,https://www.facebook.com/abbacarecenter/,,,,,,
FIRST CARE WOMEN'S HEALTH- WOODBRIDGE,,,13189 Centerpoint Way,Woodbridge,VA,22193,,https://firstcarewomen.com/ Yes,,https://www.facebook.com/firstcarewomen/,,https://www.instagram.com/firstcarewomen/,,,,
BIRTHRIGHT OF WOODBRIDGE,54-1008681,Birthright Of Woodbridge Inc,4207 Dale Blvd,Woodbridge,VA,22193,Birthright International,https://www.birthrightofwoodbridge.org/ No,,,,,,,,
VALLEY WOMEN'S CLINIC - WYTHEVILLE,52-1404868,Pregnancy Resource Center Of The New River Valley Inc,285 South 6th St,Wytheville,VA,24382,Care Net,https://www.valleywomensclinic.org/ Yes,,https://www.facebook.com/valleywomensclinic,,https://www.instagram.com/valleywomensclinic/,,,,
CARE NET OF PUGET SOUND MOBILE - AUBURN,91-1226978,Care Net Pregnancy & Family Services Of Puget Sound,1320 Auburn Way S,Auburn,WA,98002,Heartbeat International,https://carenetps.org/ Yes,,https://www.facebook.com/hctatpresn:/e/xto.cfopms/carenetps,,https://www.instagram.com/carenetps/,,,,
PREGNANCY AID OF AUBURN,91-0912516,Pregnancy Aid,"517 F St SE, Suite 1",Auburn,WA,98002,,https://www.pregnancyaidwa.org/ No,,,,,,,,
CARE NET OF PUGET SOUND MOBILE - BELLEVUE,91-1226978,Care Net Pregnancy & Family Services Of Puget Sound,14200 SE 13th Place,Bellevue,WA,98007,Heartbeat International,https://carenetps.org/ Yes,,https://www.facebook.com/hctatpresn:/e/xto.cfopms/carenetps,,https://www.instagram.com/carenetps/,,,,
WHATCOM COUNTY PREGNANCY CLINIC,94-3116975,Whatcom County Pregnancy Clinic,1310 North State St,Bellingham,WA,98225,Heartbeat International,https://www.whatcomclinic.com/ No,,https://www.facebook.com/hWtthpas:t/c/otwmitCteoru.cnotmyP/WreCgnPaCnlcinyiCclinic,,,,,,
CARE NET NCW - BREWSTER,91-1638872,Care Net Pregnancy Center Of Okanogan County,205 3rd St,Brewster,WA,98812,Care Net,https://carenetncw.com/ Yes,,https://www.facebook.com/hCttaprse:,/N/twetiOttemr.ackom/neth_tctepns:t/e/wrsww.youtube.comht/tcphsa:/n/wnewl/wU.CinjslltBaGgrea9mc.Ic1o3mXM/Cj8aTred,,,LN0extn6cww/,,
CARE NET OF PUGET SOUND MOBILE - BURIEN,91-1226978,Care Net Pregnancy & Family Services Of Puget Sound,14859 1st Ave South,Burien,WA,98168,Heartbeat International,https://carenetps.org/ Yes,,https://www.facebook.com/hctatpresn:/e/xto.cfopms/carenetps,,https://www.instagram.com/carenetps/,,,,
POSSIBILITIES WOMEN'S CENTER,91-2423786,Possibilities Womens Center,1219 Mellen St,Centralia,WA,98531,Heartbeat International,http://findmypossibilities.com/ No,,https://www.facebook.com/possibilitieswomenscenter23,,https://www.instagram.com/possibilities_womens_center,,,,Care Center Of Lewis County
NEW LIFE FAMILY SERVICES,91-1667056,New Family Life Services,144 West 5th Ave,Colville,WA,99114,Heartbeat International,http://newfamilylifeservices.com/ No,,https://www.facebook.com/NewFamilyLifeServices/,,,,,,
PREGNANCY AID OF DES MOINES,91-0912516,Pregnancy Aid,730 South 225th St,Des Moines,WA,98198,,https://pregnancyaidskc.org/ No,,,,,,,,
CARE NET PREGNANCY CENTER OF KITTITAS COUNTY,91-1648346,Care Net Pregnancy Center Of Kittitas County,111 East 4th Ave,Ellensburg,WA,98926,Care Net,https://www.carenetellensburg.org/ Yes,,https://www.facebook.com/Care,Netellensburg/,,,,,
CROSSROADS RESOURCE CENTER - EPHRATA,91-1280426,Crossroads Resource Center,29 Alder St SW,Ephrata,WA,98823,Heartbeat International,https://pregnancywa.com/ Yes,,https://www.facebook.com/CrossRoadsPregnancyResourceCenter,,,,,https://pregnancywa.org/,
TWO HEARTS PREGNANCY AID,82-0808690,Two Hearts Pregnancy Aid,3202 Hoyt Ave,Everett,WA,98201,,https://twoheartswa.org/ No,,,,,,,,
CASCADE WOMEN'S HEALTH,91-1262478,Pregnancy Resource Center Of Snohomish Conty,4310 Hoyt Ave,Everett,WA,98203,Heartbeat International,https://www.cascadewh.com/ No,,https://www.facebook.com/pregnancyresources,,https://www.instagram.com/prc_everett/,,,,
CARE NET OF PUGET SOUND - FEDERAL WAY,91-1226978,Care Net Pregnancy & Family Services Of Puget Sound,"1414 South 324th St, Suite B105",Federal Way,WA,98003,Heartbeat International,https://carenetps.org/ Yes,,https://www.facebook.com/hctatpresn:/e/xto.cfopms/carenetps,,https://www.instagram.com/carenetps/,,,,
GOLDENDALE PREGNANCY RESOURCE CENTER,91-1387865,Goldendale Pregnancy Resource Center,122 West Main St,Goldendale,WA,98620,Care Net,http://www.goldendaleprc.org/ Yes,,https://www.facebook.com/GoldendalePregnancyResourceCenter/,,https://www.instagram.com/goldendaleprc/,,,,
LIFE OPTIONS - GRANDVIEW,91-1296379,Life Options,301 Division St,Grandview,WA,98930,Heartbeat International,http://life-options.org/ Yes,,https://www.facebook.com/lifeoptionswa,,,,,,
HEART & HANDS PREGNANCY CARE CENTER,91-1610765,Heart And Hands Pregnancy Care Center,2638 Simpson Ave,Hoquiam,WA,98550,Heartbeat International,https://www.heartandhandspregnancycare.org/ No,,https://www.facebook.com/heartandhandspcc/,,,,,,
CARE NET OF PUGET SOUND - KENMORE,91-1226979,Care Net Pregnancy & Family Services Of Puget Sound,"6524 NE 181st St, Suite 9",Kenmore,WA,98028,Heartbeat International,https://carenetps.org/ Yes,,https://www.facebook.com/hctatpresn:/e/xto.cfopms/carenetps,,https://www.instagram.com/carenetps/,,,,
HOPE MEDICAL OF WASHINGTON,47-4787535,Hope Medical Of Washington,7500 West Arrowhead Dr,Kennewick,WA,99336,Heartbeat International,http://www.hopemedicalwa.com/ No,,https://www.facebook.com/hHttoppse:/M/twedititcear.lcWoAm/HopeMedicalWA1,,https://www.instagram.com/hopemedicalwa/?hl=en,,,,
YOU MEDICAL,943073612,Tri Cities Pregnancy Network,5040 West Clearwater Ave,Kennewick,WA,99336,,https://youmedical.org/ No,,https://www.facebook.com/youmedical.org,,,,,,
CARE NET OF PUGET SOUND - KENT MOBILE,91-1226979,Care Net Pregnancy & Family Services Of Puget Sound,1340 W Smith St,Kent,WA,98032,Heartbeat International,http://Care Netps.org/ Yes,,https://www.facebook.com/hctatpresn:/e/xto.cfopms/carenetps,,https://www.instagram.com/carenetps/,,,,
PREGNANCY AID OF KENT,91-0912516,Pregnancy Aid,"1209 South Central Ave, Suite 204",Kent,WA,98032,,https://pregnancyaidwa.org/ No,,,,,,,,
CARE NET OF PUGET SOUND - LAKEWOOD,91-1226980,Care Net Pregnancy & Family Services Of Puget Sound,"10828 Gravelly Lake Dr SW, Suite 101",Lakewood,WA,98499,Heartbeat International,https://carenetps.org/ Yes,,https://www.facebook.com/hctatpresn:/e/xto.cfopms/carenetps,,https://www.instagram.com/carenetps/,,,,
PREMIER CHOICE FOR WOMEN,91-1263841,Caring Pregnancy Center Of Cowlitz County,2145 Tibbets Dr,Longview,WA,98632,,https://www.pc4women.org/ No,,https://www.facebook.com/Caring-Pregnancy-Center-of-Cowlitz-County-h2t7tp7s1:7//7w8w4w56.i7n0st3a1g9ra/?mfr.ecfo=mnf/pc4women/,,,,,,
NEXT STEP PREGNANCY SERVICES,61-1590547,Next Step Pregnancy Services,19526 64th Ave W,Lynnwood,WA,98037,Heartbeat International,http://www.nextstepnw.com/ Yes,,https://www.facebook.com/next.step.pregnancy,,https://www.instagram.com/nextstepnw/,,,,
CROSSROADS PREGNANCY RESOURCE CENTER - MOSES LAKE,91-1280426,Crossroads Resource Center,1555 South Pilgrim St,Moses Lake,WA,98837,Heartbeat International,https://pregnancywa.com/ Yes,,https://www.facebook.com/CrossRoadsPregnancyResourceCenter/,,,,,https://pregnancywa.org/,
SKAGIT VALLEY PREGNANCY CARE CENTER,94-3124655,Pregnancy Choices Of Skagit County,110 North 15th St,Mount Vernon,WA,98273,NIFLA,https://www.skagitpregnancycare.org/ No,,https://www.facebook.com/caremedicalcentermv,,https://www.instagram.com/caremedicalcentermv/,,,,
WHIDBEY ISLAND WOMEN'S CLINIC,91-1332139,Whidbey Island Womens Clinic,670 Southeast Midway Blvd,Oak Harbor,WA,98277,Heartbeat International,https://www.whidbeyislandwc.org/ No,,https://www.facebook.com/whidbeyislandwc,,https://www.instagram.com/whidbeyislandwc/,,,,
PREGNANCY AID OF THURSTON COUNTY,91-0912516,Pregnancy Aid,1021 Boundary St SE,Olympia,WA,98507,,https://pregnancyaidwa.org/ No,,,,,,,,
CARE NET PREGNANCY CENTER NCW - OMAK,91-1638873,Care Net Pregnancy Center Of Okanogan County,4 South Main St,Omak,WA,98841,Care Net,https://carenetncw.com/ Yes,,https://www.facebook.com/hCttaprse:,/N/twetiOttemr.ackom/neth_tctepns:t/e/wrsww.youtube.comht/tcphsa:/n/wnewl/wU.CinjslltBaGgrea9mc.Ic1o3mXM/Cj8aTred,,,LN0extn6cww/,,
OBRIA MEDICAL CLINICS - PORT ANGELES,91-1266330,My Choices,824 A East 8th St,Port Angeles,WA,98362,Obria,https://obria.org/washington/clinic/port-angeles/ Yes,,,,https://www.instagram.com/obriaclinicspnw/?,,,,MY CHOICES PREGNANCY MEDICAL RESOURCES - PORT ANGELES
OBRIA MEDICAL CLINICS - PORT TOWNSEND,91-1266330,My Choices,32 Kala Square Place,Port Townsend,WA,98368,Obria,https://obria.org/washington/clinic/port-townsend/ Yes,,,,https://www.instagram.com/obriaclinicspnw/?,,,,
WISH MEDICAL WOMEN'S HEALTH - PULLMAN,45-3719771,Palouse Care Network Inc,1540 Northeast Stadium Way,Pullman,WA,99163,Heartbeat International,https://www.wishmedical.com/ Yes,,,,,,,,
CARE NET OF PUGET SOUND - PUYALLUP,91-1226980,Care Net Pregnancy & Family Services Of Puget Sound,10215 125th St Ct E,Puyallup,WA,98374,Heartbeat International,https://carenetps.org/ Yes,,https://www.facebook.com/hCttaprse:,/N/twetiottfeprs.com/Care,Netps https://www.instagram.com/Care,,Netps/,,
OBRIA MEDICAL CLINICS - SEQUIM,91-1266330,My Choices,660 North 7th Ave,Sequim,WA,98382,Obria,https://obria.org/washington/clinic/sequim/ Yes,,,,https://www.instagram.com/obriaclinicspnw/?,,,,
CARE NET PREGNANCY CENTER OF MASON COUNTY,91-1304215,Care Net Pregnancy Center Of Mason County,2233 Jefferson St,Shelton,WA,98584,Care Net,https://sheltoncarenet.org/ No,,https://www.facebook.com/SheltonCare,Net/,,,,,
LIFE SERVICES MOBILE CLINIC,91-1494402,Life Services Of Spokane,15618 East Broadway Ave,Spokane Valley,WA,99037,Heartbeat International,https://lifeservices.org/clinic No,,https://www.facebook.com/MyChoiceSpokane,,https://www.instagram.com/mychoicespokane/,,,,
LIFE SERVICES CLINICS,91-1494402,Life Services Of Spokane,2659 North Ash St,Spokane,WA,99205,Heartbeat International,https://lifeservices.org/clinic No,,https://www.facebook.com/MyChoiceSpokane,,https://www.instagram.com/mychoicespokane/,,,,
LIFE OPTIONS - SUNNYSIDE,91-1296379,Life Options,1616 East Gregory Ave,Sunnyside,WA,98944,Care Net,http://life-options.org/ Yes,,https://www.facebook.com/lifeoptionswa,,,,,,
PREGNANCY AID OF TACOMA,91-0912516,Pregnancy Aid,902 Market St,Tacoma,WA,98402,,https://pregnancyaidwa.org/ No,,,,,,,,
CARE NET OF PUGET SOUND - TACOMA,91-1226982,Care Net Pregnancy & Family Services Of Puget Sound,"1924 S Cedar St, Suite B",Tacoma,WA,98405,Heartbeat International,https://carenetps.org/ Yes,,http:/https:/www.facebook.chottmps/C://atwreit,tNeer.tcoofpmu/gCeatrseo,uNnedtp/s https://www.instagram.com/Care,,Netps/,,
BIRTHRIGHT OF VANCOUVER,91-1268912,Birthright of Vancouver USA,214 East 17th St,Vancouver,WA,98663,Birthright International,https://birthright.org/vancouverwa/ No,,,,,,,,
OPTIONS 360 PREGNANCY CLINIC,27-0059405,Options 360 Women's Clinic,3700 Main St,Vancouver,WA,98664,,https://options360.org/ No,,https://www.facebook.com/options360/,,https://www.instagram.com/options360/,,,,
BIRTHRIGHT OF WALLA WALLA,91-1347552,Birthright of Walla Walla,609 West Birch St,Walla Walla,WA,99362,Birthright International,https://birthright.org/wallawalla/ No,,https://www.facebook.com/BirthrightWalla/,,,,,,
PATHWAYS PREGNANCY CLINIC,91-1689705,Pathway Clinics,2926 East St,Washougal,WA,98671,Heartbeat International,https://pathwaysclinic.care/ Yes,,https://www.facebook.com/hPtatpths:w//atwysit1te8r0.c/om/pathways180,,,,,,
MOUNTAIN VIEW WOMEN'S HEALTH,91-1225102,Life Choices Of Wenatchee Valley,351 Orondo Ave,Wenatchee,WA,98801,,https://www.mountainviewwomenshealth.org/ No,,https://www.facebook.com/realoptionsforwomen?,,,,,,
LIFE CHOICES CLINIC AND CARE CENTER,91-1307616,Crisis Pregnancy Center Of Yakima,"305 South 11th Ave, Suite 1",Yakima,WA,98902,Heartbeat International,http://www.lifechoicesyakima.com/ Yes,,https://www.facebook.com/lifechoicesyakima,,https://www.instagram.com/lifechoicesyakima,,,,
BIRTHRIGHT OF BECKLEY,55-0640493,Birthright of Beckley WV,400 North Vance Dr,Beckley,WV,25801,Birthright International,https://birthright.org/beckley No,,https://www.facebook.com/BirthrightBeckley/,,,,,,
ABEL PREGNANCY RESOURCE CENTER,550725689,Abel Crisis Pregnancy Center Inc,201 Sylvia Lane,Bluefield,WV,24701,Heartbeat International,https://www.abelcenter.org/ Yes,,,,,,,,Abel Center
CENTRAL WEST VIRGINIA CENTER FOR PREGNANCY CARE - BUCKHANNON,55-0658970,Central Wv Center For Pregnancy Care Inc,8 Meadow St,Buckhannon,WV,26201,,http://cwvcpc.com/ No,,,,,,,,
WOMAN'S CHOICE PREGNANCY RESOURCE CENTER,55-0576038,Womans Choice Inc,504 Washington St W,Charleston,WV,25302,Heartbeat International,http://choicesmakeyou.com/ Yes,,,,,,,,
CROSS ROADS PREGNANCY CARE CENTER,45-4864967,Crossroads Pregnancy Care Center Inc,2010 Quarrier St,Charleston,WV,25311,Heartbeat International,https://crossroadspcc.com/ Yes,,https://www.facebook.com/CrossRoadsPregnancyCareCenter/,,https://www.instagram.com/crossroadspcc/,,,,
CHOICES WOMEN'S CENTER,55-0656892,Life Choice Inc,315 North Ohio Ave,Clarksburg,WV,26301,Care Net,https://choiceswomenscenter.org/ No,,,,,,,,
CENTRAL WEST VIRGINIA CENTER FOR PREGNANCY CARE - BRAXTON COUNTY,55-0658970,Central Wv Center For Pregnancy Care Inc,56 Beall Dr,Gassaway,WV,26624,,http://cwvcpc.com/ No,,,,,,,,
FAYETTE COUNTY PREGNANCY RESOURCE CENTER,55-0658970,Central Wv Center For Pregnancy Care Inc,216 Sunday Rd,Hico,WV,25854,,http://cwvcpc.com/ No,,https://www.facebook.com/people/Fayette-County-Pregnancy-Center/61582400939484/,,,,,,
A NEW BEGINNING CRISIS PREGNANCY CENTER,83-0905240,A New Beginning Pregnancy Resource Center Inc,925 8th St,Huntington,WV,25701,,https://www.anbprc.org/ No,,https://www.facebook.com/people/A-New-Beginning-Pregnancy-Resourchett-pCse:/n/wtewr/w10.in0s0t7a0g0ra2m13.c9o3m43/a2n/ewbeginningprc/,,,,,,
THE JAMES ISAAC HOUSE - KEYSER,52-1612228,The James Isaac House Inc,97 North Davis St,Keyser,WV,26726,,https://www.tjihouse.org/ No,,,,,,,https://tjihfriends.org/,
THE JAMES ISAAC HOUSE - KINGWOOD,52-1612228,The James Isaac House Inc,431 Morgantown St,Kingwood,WV,26537,,https://www.tjihouse.org/ No,,,,,,,https://tjihfriends.org/,
GREENBRIER PREGNANCY CENTER,,,"9605 Seneca Trl S, Suite A",Lewisburg,WV,24901,,https://www.greenbrierpregnancycenter.org/ No,,https://www.facebook.com/people/Greenbrier-Pregnancy-Center-Inc/100094274806435/,,,,,,
BIRTHRIGHT OF MORGANTOWN,55-0563956,Birthright of Morgantown,11 Rousch Dr,Morgantown,WV,26505,Birthright International,https://birthright.org/morgantown/ No,,,,,,,,
COMPASS WOMEN'S CENTER,46-4984145,Compass Womens Center,283 Don Knotts Blvd,Morgantown,WV,26507,Heartbeat International,http://www.compass4women.org/ Yes,,https://www.facebook.com/compass4women,,https://www.instagram.com/compass4women,,,,
WOMEN'S CARE CENTER,55-0714689,Womens Care Center Inc,3007 Dudley Ave,Parkersburg,WV,26104,Care Net,http://yourpregnancychoices.com/ Yes,,,,https://www.instagram.com/womenscarewv/,,,,
CENTRAL WEST VIRGINIA CENTER FOR PREGNANCY CARE - PARSONS,55-0658970,Central Wv Center For Pregnancy Care Inc,341 2nd St,Parsons,WV,26287,,http://cwvcpc.com/ No,,,,,,,,
THE JAMES ISAAC HOUSE - PETERSBURG,52-1612228,The James Isaac House Inc,65 Spring Ave. Unit B,Petersburg,WV,26847,,http://www.tjihouse.org/ No,,,,,,,https://tjihfriends.org/,
BIRTHRIGHT OF RANSON,20-3155496,Birthright Of Charles Town Inc,103 South Mildred St,Ranson,WV,25438,Birthright International,http://birthright.org/ranson No,,,,,,,,
CENTRAL WEST VIRGINIA CENTER FOR PREGNANCY CARE - TUCKER COUNTY,55-0658970,Central Wv Center For Pregnancy Care Inc,324 Brown St,Thomas,WV,26292,,http://cwvcpc.com/ No,,,,,,,,
PREGNANCY RESOURCE CENTER OF MARION COUNTY,55-0746287,Pregnancy Resource Center Of Marion County,36 Mountain Park Dr,White Hall,WV,26554,"Care Net, Heartbeat International",http://www.prcmc.org/ Yes,,https://www.facebook.com/prcmarioncounty,,https://www.instagram.com/marioncountyprc/,,,,
ASSURANCE WOMEN'S CENTER,26-1141833,Assurance Womens Center Inc,507 West Wisconsin Ave,Appleton,WI,54914,,http://www.assurancewomenscenter.org/ No,,https://www.facebook.com/AssuranceWomensCenter/,,,,,,
VIDA MEDICAL CLINIC - APPLETON,39-1446370,Vida Inc,720 West Association Dr,Appleton,WI,54914,Heartbeat International,https://vidamedicalclinic.org/ Yes,,https://www.facebook.com/vidamedicalclinic,https://www.youtube.comht/tcphsa:/n/wnewl/wU.CinRst_aVgVraQm3.jcCo7mL/ovfipdeammie2dLiQchactltPcplQisn:i/c/f/riendsofvida.org/donate/,,,,,
THE HOPE CENTER,61-1930135,Wels United In The Fox Valley,1316 West Lawrence St,Appleton,WI,54914,St. Mathew Lutheran Church,https://www.hope-center.org/ No,,,,,,,,
VIDA MEDICAL CLINIC - OSHKOSH,39-1446370,Vida Inc,720 West Association Dr,Appleton,WI,54914,Heartbeat International,https://vidamedicalclinic.org/ Yes,,https://www.facebook.com/vidamedicalclinic,https://www.youtube.comht/tcphsa:/n/wnewl/wU.CinRst_aVgVraQm3.jcCo7mL/ovfipdeammie2dLiQchactltPcplQisn:i/c/f/riendsofvida.org/donate/,,,,,
ECHO HEALTH - ASHLAND,20-5568986,Echo Health Inc,200 Chapple Ave,Ashland,WI,54806,Care Net,https://echohealthmw.com/ Yes,,,,https://www.instagram.com/echohealthmw/,,,,
WILLOW WOMEN'S CENTER,391651532,Statline Pregnancy Center Inc,2680 Prairie Ave,Beloit,WI,53511,Heartbeat International,https://willowwomenscenter.org/ No,,,,https://www.instagram.com/wwc_beloit/?,,,,
LIFE CHOICES PREGNANCY CLINIC,39-1778929,Life Choices Inc,324 North Pine St,Burlington,WI,53105,,http://www.lifechoiceswi.org/ No,,https://www.facebook.com/people/Life-Choices-Phrttepgsn:/a/wncwyw-C.ylionuictu/1b0e0.c0o9m52/c5h8a9n5n6e7l8/U4C/EnVoDh7wdGDCiA1zLffE5g,,,,,,
NEW DAY WOMEN'S CLINIC - DELAVAN,39-1491841,New Day Women's Clinic Inc,824 East Geneva St,Delavan,WI,53115,Care Net,https://ndwomensclinic.com/ Yes,,https://www.facebook.com/newdaywomensclinic,,https://www.instagram.com/newdaywohmttpesn:s//cnlidngicu/aRoadians.org/donateNDWC/,,,,
APPLE PREGNANCY CARE CENTER,39-1453476,Apple Pregnancy Care Center Inc,2600 Stein Blvd,Eau Claire,WI,54701,Care Net,http://www.applepcc.org/ No,,,,,,,,
FIRST CARE CLINIC - FITCHBURG,39-1472091,Care Net Pregnancy Center of Dane County Inc,2924 Fish Hatchery Rd,Fitchburg,WI,53713,Care Net,https://firstcareclinic.org/ No,,https://www.facebook.com/Care,NetDaneCountyhttps://www.youtube.comht/tcphsa:/n/wnewl/wU.CinEstnaVgoraDmh.7cwodmG/fDirsCtciAa1rezcLlfifnEic5wgi/,,,,,
CHARIS PREGNANCY & FAMILY HELP CENTER,47-5159662,Charis Pregnancy Help Center Inc,207 North Main St,Fond du Lac,WI,54935,Heartbeat International,http://www.charisfdl.com/ Yes,,https://www.facebook.com/people/Partners-of-Charis/100064756953739/,,,,,,
ALEXANDRINA PREGNANCY RESOURCE CENTER,39-1693990,A And A Alexandrina Center Ltd,"1600 Shawano Ave, Suite 106",Green Bay,WI,54301,Heartbeat International,http://www.greenbaypregnancyhelp.com/ Yes,,,,,,,,
BAY AREA LIFE CENTER,39-1686933,Bay Area Life Center,743 South Monroe Ave,Green Bay,WI,54301,,http://www.bayarealifecenter.org/ No,,https://www.facebook.com/BayAreaLifeCenter,,,,,,
VIDA MEDICAL CLINIC - GREEN BAY,39-1446370,Vida Inc,"670 Cormier Rd, Suite B",Green Bay,WI,54304,Heartbeat International,https://vidamedicalclinic.org/ Yes,,https://www.facebook.com/vidamedicalclinic,https://www.youtube.comht/tcphsa:/n/wnewl/wU.CinRst_aVgVraQm3.jcCo7mL/ovfipdeammie2dLiQchactltPcplQisn:i/c/f/riendsofvida.org/donate/,,,,,
ECHO HEALTH - HAYWARD,20-5568986,Echo Health Inc,16018 Dyno Dr,Hayward,WI,54843,Care Net,https://echohealthmw.com/ Yes,,,,https://www.instagram.com/echohealthmw/,,,,
PREGNANCY HELPLINE AND RESOURCE CENTER,39-1443280,Pregnancy Helpline And Resource Center Of Janesville Inc,"21 South Jackson St, Suite C",Janesville,WI,53548,Heartbeat International,https://pregnancy-helpline.org/ No,,https://www.facebook.com/pregnancyhelplinejanesville,,,,,,
ALLIANCE WOMEN'S CLINIC - KENOSHA,39-1486327,Alliance Family Services,2915 60th St,Kenosha,WI,53143,Care Net,https://www.alliancewomensclinic.org/ No,,,,,,,,
ALLIANCE WOMEN'S CLINIC - LA CROSSE,39-1486327,Alliance Family Services,600 3rd St N,La Crosse,WI,54601,Care Net,https://www.alliancewomensclinic.org/ No,,,,,,,,
BIRTHRIGHT OF LA CROSSE,39-1413591,Birthright Of La Crosse Inc,"115 5th St South, Suite 406",La Crosse,WI,54601,Birthright International,https://birthright.org/lacrosse No,,,,,,,,
AGAPE PREGNANCY RESOURCE CENTER,26-1785243,Agape Pregnancy Resource Center Inc,744 Moore St,La Crosse,WI,54603,,http://www.lacrossepregnancy.com/ No,,https://www.facebook.com/lacrossepregnancy,,,,,,
CHOICES HEALTH NETWORK,39-1564351,Choices Health Network Of Nw Wi In,1108 Port Arthur Rd,Ladysmith,WI,54848,Care Net,https://www.pregnancyoptionsonline.org/ No,,https://www.facebook.com/carenetprc,,,,,,
ACCESS WOMEN'S CENTER,39-1849775,Access Womens Center,2701 East Washington Ave,Madison,WI,53704,,http://accesswomenscenter.net/ No,,https://www.facebook.com/p/Access-Womens-Center-100063608406899/?_Roadr,,,,,,
WOMEN'S CARE CENTER - MADISON,27-5083622,Womens Care Center Madison Inc,3711 Orin Rd,Madison,WI,53704,,https://www.womenscarecenter.org/madison-wisconsin No,,,,,,,,
FIRST CARE CLINIC - EAST MADISON,39-1472091,Care Net Pregnancy Center of Dane County Inc,1350 MacArthur Rd,Madison,WI,53714,Care Net,https://firstcareclinic.org/ No,,https://www.facebook.com/Care,NetDaneCountyhttps://www.youtube.comht/tcphsa:/n/wnewl/wU.CinEstnaVgoraDmh.7cwodmG/fDirsCtciAa1rezcLlfihfnEtitc5pwgsi:///carenetdane.org/,,,,,
THE CROSSING OF MANITOWOC COUNTY,20-3148598,The Crossing Of Manitowoc County Inc,501 North 10th St,Manitowoc,WI,54220,"Heartbeat International, NIFLA",http://crossingmanitowoc.org/ No,,,,,,,,
"BAY AREA PREGNANCY SERVICES, INC",38-2843198,Bay Area Pregnancy Services Inc,2042 Maple Ave. Suite A,Marinette,WI,54143,Heartbeat International,http://www.bayareapregnancyservices.com/ No,,,,,,,,
FIRST CHOICE PREGNANCY RESOURCE CENTER - MARSHFIELD,42-1681592,First Choice Pregnancy Resource Center Inc,1722 North Galvin Ave,Marshfield,WI,54449,Heartbeat International,http://www.firstchoiceprc.org/ No,,https://www.facebook.com/firstchoiceprc,,https://www.instagram.com/firstchoiceprc,,,,
ABIDING CARE,27-0902427,Abiding Care Pregnancy Resource Center Inc,220 North Main St,Medford,WI,54451,Care Net,https://abidingcarecenter.org/ Yes,,https://www.facebook.com/AbidingCareCenter.org,,https://www.instagram.com/abiding_care/,,,,
LIFE'S CONNECTION - MENOMONEE FALLS,45-3599266,Lifes Connection Mukwonago Center Inc,"N89 W16790 Appleton Ave, Suite 200",Menomonee Falls,WI,53051,Heartbeat International,http://www.lifesconnection.org/ Yes,,,,,,,,
OPTIONS FOR WOMEN MENOMONIE,81-5348936,Options For Women Menomonie,544 Broadway St S,Menomonie,WI,54751,,https://optionsmenomonie.com/ No,,https://www.facebook.com/Optionsmenomonie/,,https://www.instagram.com/Optionsforwomenmenomonie/,,,,
WOMEN'S CARE CENTER - NORTH FARWELL AVE,81-4537878,Womens Care Center Of Milwaukee Corporation,1441 North Farwell Ave,Milwaukee,WI,53202,,https://womenscarecentermilwaukee.com/ No,,,,,,,,
WOMEN'S CARE CENTER- WEST HISTORIC MITCHELL ST,81-4537878,Womens Care Center Of Milwaukee Corporation,634 W Historic Mitchell St,Milwaukee,WI,53204,,https://womenscarecentermilwaukee.com/ No,,,,,,,,
"ALPHA WOMEN'S CENTER, INC.",39-1752194,Alpha Womens Center Inc,4820 West Lisbon Ave,Milwaukee,WI,53210,,https://www.alphawomensmke.com/ No,,https://www.facebook.com/profile.php?id=100064756743820,,,,,,
CARE NET PREGNANCY CENTER OF MILWAUKEE,39-1496868,Care Net Pregnancy Center Of Milwaukee Inc,4957 W. Fond du Lac Ave.,Milwaukee,WI,53211,Care Net,https://carenetmilwaukee.com/ Yes,,https://www.facebook.com/Care,Net.milwaukee/,,,,,
"WOMEN'S SUPPORT CENTER OF MILWAUKEE, INC.",26-2079235,Womens Support Centers Of Milwaukee Inc,2051 West Wisconsin Ave,Milwaukee,WI,53233,Heartbeat International,https://www.wscmil.org/ No,,https://www.facebook.com/womenssupportcenterofmilwaukee/,,,,,,
CARE NET PREGNANCY CENTER OF GREEN COUNTY,39-1609686,Living Alternatives Inc,1118 17th Ave,Monroe,WI,53566,Care Net,https://www.carenetgreencounty.org/ No,,https://www.facebook.com/people/Care-Net-Pregnancy-Center-of-Green-County/100068523494308/?fref=ts,,,,,,
ALLIANCE WOMEN'S CLINIC - RACINE,39-1486327,Alliance Family Services,"1515 South Green Bay Rd, Suite 2",Mt Pleasant,WI,53406,Care Net,https://www.alliancewomensclinic.org/ No,,,,,,,,
LIFE'S CONNECTION - MUKWONAGO,45-3599266,Lifes Connection Mukwonago Center Inc,801 North Rochester St,Mukwonago,WI,53149,Heartbeat International,http://www.lifesconnection.org/ Yes,,,,,,,,
PREGNANCY SUPPORT SERVICES,36-2229573,Evangelical Child & Family Agency,1617 South 124th St,New Berlin,WI,53151,,https://www.ecfawisc.org/pregnancy-support-services No,,https://www.facebook.com/ECFAWISC/,,https://www.instagram.com/ecfaofwi/?hl=en,,,,
CLARITY CLINIC OF SOUTHWEST WISCONSIN,47-5432573,Clarity Clinic Of Sw Wisconsin,165 South Water St,Platteville,WI,53818,Heartbeat International,https://claritywi.com/ Yes,,https://www.facebook.com/people/Clarity-Clinic-of-SW-Wisconsin-LTD/1h0t0tp0s6:3//8w2w8w90.i2n2st0a7g/ram.com/clarityclinicofswwi,,,,,,
ANCHOR OF HOPE HEALTH CENTER - PLYMOUTH,46-3846170,New Hope Pregnancy Center Of Sheboygan Inc,515 East Mill St,Plymouth,WI,53073,Heartbeat International,https://anchorofhopewi.org/ Yes,,https://www.facebook.com/hatntpcsh:o//rtowfihttoepr.ecwoim/anchorofhopewi,,https://www.instagram.com/anchorofhopewi/,,,,
PREGNANCY RESOURCE CENTER,39-1780040,Pregnancy Resource Center,306 West Cook St,Portage,WI,53901,,http://portagewiprc.com/ No,,https://www.facebook.com/PortageWIPregnancyResourceCenter,,,,,,
NEW DAWN PREGNANCY RESOURCE CENTER - RHINELANDER,39-0395064,New Dawn Pregnancy Resource Center,1860 North Stevens St,Rhinelander,WI,54501,Heartbeat International,http://www.newdawnprc.org/ Yes,,https://www.facebook.com/profile.php?id=100064198051859,,,,,,
CLARAVITA,39-1981730,Pregnancy Help Center Of Rice Lake,1800 Macauley Ave,Rice Lake,WI,54868,,https://www.claravitamed.org/ Yes,,,,,,,,
OPTIONS FOR WOMEN,39-1480126,River Falls Pregnancy Helpline,214 North Main St,River Falls,WI,54022,TLC,https://optionsforwomenrf.com/ Yes,,https://www.facebook.com/hotptptiso:n//stwfoirttweor.mcoemnr/fO/ptions4WomenRF,,https://www.instagram.com/optionsforwomenrf/?hl=en,,,,
ANCHOR OF HOPE HEALTH CENTER - SHEBOYGAN,46-3846170,New Hope Pregnancy Center Of Sheboygan Inc,1018 South Taylor Dr,Sheboygan,WI,53081,Heartbeat International,https://anchorofhopewi.org/ Yes,,https://www.facebook.com/hatntpcsh:o//rtowfihttoepr.ecwoim/anchorofhopewi,,https://www.instagram.com/anchorofhopewi/,,,,
OPTIONS ON 8 PREGNANCY RESOURCE CENTER,39-1537061,Options For Women Tricounty Inc,2048 US Hwy 8,St Croix Falls,WI,54024,TLC,https://optionstricounty.org/ Yes,,https://www.facebook.com/optionson8,,https://www.instagram.com/optionson8/,,,,
FIRST CHOICE PREGNANCY RESOURCE CENTER - STEVENS POINT,42-1681592,First Choice Pregnancy Resource Center Inc,101 Division St N,Stevens Point,WI,54481,Heartbeat International,http://www.firstchoiceprc.org/ No,,https://www.facebook.com/firstchoiceprc,,https://www.instagram.com/firstchoiceprc,,,,
LAKE SUPERIOR LIFE CARE CENTER,41-1435113,Lake Superior Life Care Center,"1225 Tower Ave, Suite 318",Superior,WI,54880,Heartbeat International,https://www.lslccduluthsuperior.org/ No,,https://www.facebook.com/LakeSuperiorLCC/,,,,,,
DOOR OF HOPE,39-1723268,Door Of Hope Inc,304 North Washington St,Viroqua,WI,54665,,https://www.viroquahope.com/ No,,https://www.facebook.com/doorofhopeministry/,,,,,,
ALPHA LIFE RESOURCE CENTER,39-1436085,Wels Lutherans For Life Metro Milwaukee Inc,2 East Main St,Watertown,WI,53094,,http://www.alphalifecenter.org/ No,,https://www.facebook.com/alpharcwttn/,,,,,,
LIFE'S CONNECTION - WAUKESHA,45-3599266,Lifes Connection Mukwonago Center Inc,494 West Main St,Waukesha,WI,53186,Heartbeat International,http://www.lifesconnection.org/ No,,,,,,,,
TOMORROW'S CHOICE FAMILY RESOURCE CENTER,39-1712181,Christian Life Resources Inc — Waukesha Chapter,912 North Barstow St,Waukesha,WI,53186,,,,https://www.facebook.com/Tomorrows-Choice-Family-Resource-Center-145888455469897/,,,,,,
BETHANY CHRISTIAN SERVICES - WAUKESHA,,,"N14 W23755 Stone Ridge Dr, Suite 265",Waukesha,WI,53188,Heartbeat International,https://www.bethany.org/waukesha No,,,,,,,,
HOPE LIFE CENTER,450474297,Hope Life Center Inc,"330 Grande Ave, Suite 100",Wausau,WI,54403,Heartbeat International,https://www.hopewi.org/ No,,https://www.facebook.com/HopeWI/,https://www.youtube.comht/tcphsa:/n/wnewl/wU.Cin3s9taFgCraYm_e.c2o5mlT/hKohpWezlif_eycneEhntytteparsgw:/i//www.hopewi.org/donate/,,,,,
ALLIANCE WOMEN'S CLINIC - MILWAUKEE,39-1486327,Alliance Family Services,9114 West Greenfield Ave,West Allis,WI,53214,Care Net,https://www.alliancewomensclinic.org/ No,,,,,,,,
APS MEDICAL,391436085,Wels Lutherans For Life Metro Milwaukee Inc,8501 West Lincoln Ave,West Allis,WI,53227,Heartbeat International,https://www.apsmke.com/ No,,https://www.facebook.com/apsmke,,https://www.instagram.com/apsmedicahlt_tpmsk:/e/w/ww.alife2.com/,,,,
SEED OF HOPE CENTER,39-1775712,Seed Of Hope Center Inc,206 North 6th Ave,West Bend,WI,53095,,https://seedofhopecenter.org/ Yes,,,,,,,,
NEW DAY WOMEN'S CLINIC - WHITEWATER,39-1491841,New Day Women's Clinic Inc,117 South 2nd St,Whitewater,WI,53190,Care Net,https://ndwomensclinic.com/ Yes,,https://www.facebook.com/newdaywomensclinic,,https://www.instagram.com/newdaywomensclinic/,,,,
FIRST CARE CLINIC - WISCONSIN DELLS,39-1472091,Care Net Pregnancy Center of Dane County Inc,50 Wisconsin Dells Pkwy,Wisconsin Dells,WI,53965,Care Net,https://firstcareclinic.org/ No,,https://www.facebook.com/Care,NetDaneCountyhttps://www.youtube.comht/tcphsa:/n/wnewl/wU.CinEstnaVgoraDmh.7cwodmG/fDirsCtciAa1rezcLlfihfnEtitc5pwgsi:///carenetdane.org/,,,,,
FIRST CHOICE PREGNANCY RESOURCE CENTER - WISCONSIN RAPIDS,42-1681592,First Choice Pregnancy Resource Center Inc,4011 8th St S,Wisconsin Rapids,WI,54494,Heartbeat International,http://www.firstchoiceprc.org/ No,,https://www.facebook.com/firstchoiceprc,,https://www.instagram.com/firstchoiceprc,,,,
NEW DAWN PREGNANCY RESOURCE CENTER - WOODRUFF,39-0395064,New Dawn Pregnancy Resource Center,8778 Earls Court,Woodruff,WI,54568,Heartbeat International,http://www.newdawnprc.org/ Yes,,https://www.facebook.com/profile.php?id=100064198051859,,,,,,
TRUE CARE WOMEN'S RESOURCE CENTER,742458697,The Caring Center Inc,770 East 2nd St,Casper,WY,82601,Heartbeat International,https://truecarecasper.org/ Yes,,https://www.facebook.com/TrueCareCasper,,,,,https://tcgiving.org/give-options/,
LIFECHOICE PREGNANCY CARE CENTER,74-2454534,Lifechoice Pregnancy Care Center,1001 West 31st St,Cheyenne,WY,82001,Care Net,http://lifechoicepcc.org/ Yes,,,,https://www.instagram.com/lifechoicepcc/,,,,
SERENITY PREGNANCY RESOURCE CENTER - CODY,27-2105284,Heart Mountain Crisis Pregnancy Center,1826 Stampede Ave,Cody,WY,82414,Heartbeat International,http://serenityprc.org/ Yes,,https://www.facebook.com/serenityprc/,,https://www.instagram.com/serenity.prc,,,,
AZAR HOUSE PREGNANCY RESOURCE CENTER,82-2526101,Azar House Pregnancy Resource Center,"107736 Hwy 89, Room 14",Etna,WY,83118,Care Net,https://azarhousesv.org/ No,,https://www.facebook.com/AzarHouseEtna/,,https://www.instagram.com/azarhouseprc/,,,,
WOMEN'S RESOURCE CENTER OF NORTHEAST WYOMING,56-2321631,Womens Resource Center,706 West 8th St,Gillette,WY,82716,Heartbeat International,http://wypregnancyhelp.com/ No,,https://www.facebook.com/WyPregnancyHelp,,,,,,
COMPASS WOMEN'S CARE,74-2358805,Center For Counseling And Education,25 South Gros Ventre,Jackson Hole,WY,83001,Care Net,https://www.compasswomenscare.org/ No,,https://www.facebook.com/htuttrpnsin:/g/tpwoititnetrjh.c/?orme/ft=uhrnlingpointjh,,,,,,
HEART TO HEART PREGNANCY CENTER,74-2368863,Heart To Heart Pregnancy Center,920 East Sheridan St,Laramie,WY,82072,Care Net,http://www.laramiepregnancy.com/ Yes,,https://www.facebook.com/heart2heartwyo,,,,,,
SERENITY PREGNANCY RESOURCE - POWELL,27-2105284,Heart Mountain Crisis Pregnancy Center,215 South Division St,Powell,WY,82435,Heartbeat International,https://www.serenityprc.org/ Yes,,https://www.facebook.com/serenityprc/,,https://www.instagram.com/serenity.prc,,,,
INSIDE CONNECTION,41-2118990,Southwest Wyoming Pregnancy Resource Center — Inside Connection,731 C St Building B,Rock Springs,WY,82901,Heartbeat International,http://www.insideconnection.org/ Yes,,https://www.facebook.com/insideconnectionswprc/,,https://www.instagram.com/inside.connection/,,,,
LEGACY PREGNANCY CENTER,26-4065734,Legacy Ministries,847 Coffeen Ave,Sheridan,WY,82801,"Care Net, Heartbeat International, NIFLA",https://pregnancysheridan.org/ Yes,,https://www.facebook.com/legacydonors/,,https://www.instagram.com/legacypregnancy/,,,,
